Depth,Qc,Fs,u
1.5,0.0098,0,0.0001
1.51,0.0953,0,0.0001
1.52,0.2948,0,0.0001
1.53,0.4252,0,0.0001
1.54,0.4292,0,0.0003
1.55,0.1279,0,0.0005
1.56,0.022,0.0038,0.0002
1.57,-0.0106,0.0051,-0.0001
1.58,-0.0126,0.0056,-0.0001
1.59,-0.0136,0.0056,-0.0001
1.6,0.0184,0.0055,0.0004
1.61,0.0505,0.0026,0.0009
1.62,0.0749,0.0007,0.0001
1.63,0.0709,0.0004,0.0001
1.64,0.0953,0.0002,0.0001
1.65,0.1645,0.0004,0.0001
1.66,0.1971,0.0004,-0.0001
1.67,0.2093,0.0004,-0.0002
1.68,0.2215,0.0001,-0.0003
1.69,0.2175,0.0001,-0.0003
1.7,0.1442,0.0002,-0.0003
1.71,0.1279,0.0003,-0.0003
1.72,0.0953,0.0008,-0.0003
1.73,0.0912,0.001,-0.0003
1.74,0.0973,0.001,-0.0003
1.75,0.1034,0.001,-0.0003
1.76,0.1279,0.0009,-0.0003
1.77,0.1279,0.0001,-0.0003
1.78,0.1238,0,-0.0003
1.79,0.1075,0,-0.0003
1.8,0.079,-0.0001,-0.0003
1.81,0.079,-0.0001,-0.0003
1.82,0.081,-0.0001,-0.0003
1.83,0.0831,-0.0001,-0.0003
1.84,0.0872,-0.0001,-0.0003
1.85,0.0953,-0.0001,-0.0003
1.86,0.0953,-0.0001,-0.0003
1.87,0.1034,-0.0001,-0.0003
1.88,0.1116,-0.0001,-0.0002
1.89,0.1116,-0.0001,-0.0001
1.9,0.1096,-0.0001,-0.0002
1.91,0.1075,0.0001,-0.0003
1.92,0.1116,0.0007,-0.0003
1.93,0.1075,0.0015,-0.0003
1.94,0.1055,0.0016,-0.0003
1.95,0.1085,0.0017,-0.0004
1.96,0.1116,0.0017,-0.0005
1.97,0.1197,0.0015,-0.0005
1.98,0.1238,0.0013,-0.0004
1.99,0.1238,0.0008,-0.0003
2,0.1299,0.0007,-0.0003
2.01,0.136,0.0008,-0.0003
2.02,0.1401,0.0008,-0.0002
2.03,0.136,0.0009,-0.0001
2.04,0.134,0.001,-0.0001
2.05,0.1391,0.0011,-0.0002
2.06,0.1442,0.0013,-0.0003
2.07,0.1523,0.0015,-0.0003
2.08,0.1523,0.0014,-0.0004
2.09,0.1401,0.0013,-0.0005
2.1,0.1401,0.0012,-0.0004
2.11,0.136,0.0007,-0.0003
2.12,0.136,0.0005,-0.0003
2.13,0.136,0.0005,-0.0003
2.14,0.132,0.0005,-0.0003
2.15,0.1238,0.0004,-0.0003
2.16,0.1258,0.0003,-0.0003
2.17,0.1279,-0.0001,-0.0003
2.18,0.1279,-0.0001,-0.0003
2.19,0.1116,-0.0002,-0.0003
2.2,0.1075,-0.0002,-0.0003
2.21,0.0994,-0.0002,-0.0003
2.22,0.0953,-0.0002,-0.0003
2.23,0.0953,-0.0002,-0.0003
2.24,0.0973,-0.0002,-0.0003
2.25,0.0994,-0.0002,-0.0003
2.26,0.1075,-0.0002,-0.0003
2.27,0.1034,-0.0002,-0.0003
2.28,0.1055,-0.0002,-0.0003
2.29,0.1075,-0.0002,-0.0003
2.3,0.1075,-0.0002,-0.0003
2.31,0.1034,-0.0002,-0.0003
2.32,0.0994,-0.0002,-0.0003
2.33,0.0994,-0.0002,-0.0003
2.34,0.0994,-0.0002,-0.0003
2.35,0.0994,-0.0002,-0.0003
2.36,0.1034,-0.0002,-0.0003
2.37,0.1014,-0.0002,-0.0003
2.38,0.1024,-0.0002,-0.0003
2.39,0.1034,-0.0002,-0.0003
2.4,0.0994,-0.0002,-0.0003
2.41,0.1034,-0.0002,-0.0004
2.42,0.0953,-0.0002,-0.0004
2.43,0.0912,-0.0002,-0.0003
2.44,0.0872,-0.0002,-0.0003
2.45,0.0668,-0.0002,-0.0003
2.46,0.0668,-0.0002,-0.0003
2.47,0.0627,-0.0002,-0.0003
2.48,0.0586,-0.0002,-0.0003
2.49,0.0627,-0.0002,-0.0003
2.5,0.0546,-0.0002,-0.0003
2.51,0.0505,-0.0002,-0.0002
2.52,0.0485,-0.0002,-0.0001
2.53,0.0464,-0.0002,-0.0001
2.54,0.0464,-0.0002,-0.0001
2.55,0.0424,-0.0002,-0.0001
2.56,0.0383,-0.0002,-0.0001
2.57,0.0383,-0.0002,-0.0001
2.58,0.0362,-0.0002,-0.0001
2.59,0.0373,-0.0002,-0.0001
2.6,0.0383,-0.0002,-0.0001
2.61,0.0424,-0.0002,-0.0001
2.62,0.0464,-0.0002,-0.0001
2.63,0.0505,-0.0002,-0.0001
2.64,0.0505,-0.0001,-0.0001
2.65,0.0505,-0.0001,-0.0001
2.66,0.0464,-0.0001,-0.0001
2.67,0.0464,-0.0001,-0.0001
2.68,0.0464,-0.0001,-0.0001
2.69,0.0464,-0.0001,-0.0001
2.7,0.0485,-0.0001,-0.0001
2.71,0.0505,-0.0001,-0.0001
2.72,0.0546,-0.0001,0
2.73,0.0546,0.0002,0.0001
2.74,0.0566,0.0004,0.0001
2.75,0.0586,0.0004,0.0001
2.76,0.079,0.0003,0
2.77,0.1034,0.0003,-0.0001
2.78,0.1197,0.0001,-0.0001
2.79,0.1401,0.0001,-0.0001
2.8,0.132,0.0001,-0.0001
2.81,0.0994,0,0
2.82,0.0933,0,0.0001
2.83,0.0902,0,0.0001
2.84,0.0907,-0.0001,0
2.85,0.0912,-0.0001,-0.0001
2.86,0.0912,-0.0001,0.0001
2.87,0.0933,0,0.0003
2.88,0.0953,0,0.0002
2.89,0.0953,0.0001,0.0002
2.9,0.1116,0.0004,0.0003
2.91,0.136,0.0009,0.0003
2.92,0.1523,0.0017,0.0003
2.93,0.1849,0.0024,0.0003
2.94,0.2989,0.0024,0.0004
2.95,0.3763,0.0031,0.0005
2.96,0.4903,0.004,0.0007
2.97,0.6206,0.0051,0.0011
2.98,0.9912,0.0059,0.0013
2.99,1.1501,0.0068,0.0017
3,1.3659,0.0078,0.0019
3.01,1.5247,0.009,0.0021
3.02,1.7365,0.0114,0.0019
3.03,1.8668,0.0109,0.0021
3.04,1.9768,0.012,0.0013
3.05,2.0053,0.0134,0.0007
3.06,1.989,0.02,0.0009
3.07,1.9605,0.0221,0.0007
3.08,1.9646,0.0232,0.0007
3.09,1.7976,0.0245,0.0008
3.1,1.6917,0.0252,0.0009
3.11,1.5818,0.0275,0.0011
3.12,1.4433,0.0277,0.0009
3.13,1.4392,0.0286,-0.0044
3.14,1.4351,0.0295,-0.0016
3.15,1.4189,0.0307,-0.0095
3.16,1.4148,0.0318,-0.006
3.17,1.3985,0.032,-0.0024
3.18,1.2967,0.0318,-0.0014
3.19,1.26,0.0317,-0.0018
3.2,1.2437,0.0297,-0.001
3.21,1.2071,0.0285,-0.0003
3.22,1.1704,0.0274,-0.0008
3.23,1.1379,0.0268,0.0002
3.24,1.1297,0.0253,0.0011
3.25,1.1297,0.0249,0.0007
3.26,1.1297,0.0239,0.0006
3.27,1.1643,0.0236,0.0005
3.28,1.1989,0.023,0.0005
3.29,1.1786,0.022,0.0003
3.3,1.203,0.0204,0.0001
3.31,1.2193,0.0183,0.0001
3.32,1.2519,0.0181,0.0001
3.33,1.3374,0.0169,0.0001
3.34,1.3863,0.0167,-0.0007
3.35,1.4311,0.0149,-0.0005
3.36,1.4555,0.0146,-0.0003
3.37,1.5207,0.0142,-0.0006
3.38,1.5207,0.0133,-0.0006
3.39,1.5532,0.0127,-0.0007
3.4,1.5655,0.012,-0.0006
3.41,1.5695,0.0093,-0.0006
3.42,1.5899,0.009,-0.0006
3.43,1.6347,0.0079,-0.0004
3.44,1.6999,0.0078,-0.0003
3.45,1.7447,0.0075,-0.0003
3.46,1.7345,0.0071,-0.0002
3.47,1.7243,0.0071,-0.0001
3.48,1.6958,0.0071,-0.0001
3.49,1.7202,0.007,-0.0003
3.5,1.6469,0.007,-0.0001
3.51,1.598,0.007,-0.0001
3.52,1.541,0.0071,0
3.53,1.5614,0.0074,0.0001
3.54,1.5329,0.0074,-0.0001
3.55,1.5248,0.0074,-0.0002
3.56,1.5268,0.0075,-0.0002
3.57,1.5288,0.0075,-0.0001
3.58,1.5329,0.0078,0.0001
3.59,1.5736,0.0074,0.0001
3.6,1.6103,0.0073,0.0003
3.61,1.6795,0.0074,0.0003
3.62,1.7161,0.0073,0.0005
3.63,1.7976,0.0073,0.0007
3.64,1.8057,0.007,0.0007
3.65,1.8913,0.0072,0.0008
3.66,1.9238,0.0074,0.0009
3.67,2.0623,0.0078,0.0011
3.68,2.099,0.0077,0.0011
3.69,2.1763,0.0076,0.0011
3.7,2.1845,0.0071,0.0013
3.71,2.2171,0.0075,0.0009
3.72,2.2048,0.0069,0.001
3.73,2.2048,0.0061,0.0011
3.74,2.1356,0.0063,0.0007
3.75,2.156,0.0059,0.0006
3.76,2.1071,0.0056,0.0005
3.77,2.099,0.0055,0.0005
3.78,2.0827,0.0055,0.0007
3.79,2.0501,0.0054,0.0006
3.8,1.9768,0.0053,0.0005
3.81,1.9076,0.0051,0.0006
3.82,1.8424,0.0052,0.0007
3.83,1.822,0.0048,0.0007
3.84,1.8098,0.0045,0.0007
3.85,1.7121,0.0043,0.0007
3.86,1.7121,0.0042,0.0007
3.87,1.541,0.0044,0.0007
3.88,1.5166,0.0044,0.0006
3.89,1.484,0.0044,0.0005
3.9,1.4759,0.0047,0.0005
3.91,1.4026,0.0049,0.0005
3.92,1.3863,0.0049,0.0005
3.93,1.3333,0.005,0.0003
3.94,1.3292,0.0051,0.0005
3.95,1.3252,0.0057,0.0005
3.96,1.2926,0.0055,0.0005
3.97,1.2722,0.0057,0.0003
3.98,1.2112,0.0061,0.0003
3.99,1.2071,0.0071,0.0003
4,1.1664,0.0084,0.0004
4.01,1.1541,0.0093,0.0005
4.02,1.1216,0.0138,0.0005
4.03,1.0645,0.014,0.0005
4.04,0.9505,0.0142,0.0001
4.05,0.9302,0.0148,-0.0006
4.06,0.8324,0.0155,-0.0008
4.07,0.751,0.0178,-0.0014
4.08,0.7265,0.0183,-0.001
4.09,0.6247,0.02,-0.0054
4.1,0.6186,0.021,-0.0024
4.11,0.6502,0.0223,0.0007
4.12,0.6817,0.0235,-0.0014
4.13,0.6329,0.0241,-0.0029
4.14,0.6084,0.0241,-0.0031
4.15,0.5718,0.024,-0.0007
4.16,0.5473,0.0239,0.0017
4.17,0.531,0.0228,0.008
4.18,0.5107,0.0224,0.0166
4.19,0.5066,0.0214,0.019
4.2,0.5087,0.0212,0.0229
4.21,0.5107,0.0206,0.0241
4.22,0.527,0.0198,0.0258
4.23,0.531,0.0189,0.0266
4.24,0.5351,0.0167,0.0272
4.25,0.531,0.0167,0.0274
4.26,0.5148,0.0171,0.0275
4.27,0.5066,0.0175,0.0276
4.28,0.5025,0.0185,0.0284
4.29,0.5046,0.0188,0.0307
4.3,0.5066,0.0189,0.0313
4.31,0.5677,0.019,0.0319
4.32,0.6329,0.0192,0.0333
4.33,0.7225,0.0204,0.0337
4.34,0.8324,0.0233,0.0341
4.35,0.9383,0.0254,0.0296
4.36,1.1012,0.0259,0.0172
4.37,1.1664,0.0264,0.0156
4.38,1.2397,0.028,0.0127
4.39,1.3456,0.0268,0.0126
4.4,1.537,0.0256,0.0132
4.41,2.2456,0.0281,0.0137
4.42,2.7954,0.0305,0.0145
4.43,3.28,0.0305,0.0086
4.44,3.5488,0.0311,0.0033
4.45,3.618,0.0317,0.0028
4.46,3.734,0.0314,0.0023
4.47,3.8501,0.0312,0.0021
4.48,4.2492,0.0285,0.0023
4.49,4.7054,0.0299,0.0025
4.5,4.9782,0.0313,0.0025
4.51,5.2348,0.0318,0.0027
4.52,5.6705,0.0322,0.0027
4.53,6.6683,0.0345,0.0037
4.54,7.2222,0.0368,0.0025
4.55,7.8819,0.037,0.0024
4.56,8.2281,0.0397,0.0025
4.57,8.4643,0.0408,0.0025
4.58,8.8226,0.0429,0.0029
4.59,9.067,0.0445,0.0029
4.6,9.3887,0.049,0.0031
4.61,9.8652,0.0506,0.0033
4.62,9.9181,0.0536,0.0032
4.63,10.268,0.0566,0.0032
4.64,10.83,0.0544,0.0031
4.65,11.213,0.0646,0.0033
4.66,11.413,0.0661,0.0027
4.67,11.225,0.0679,0.0023
4.68,11.307,0.0678,0.0007
4.69,11.234,0.0677,0.0014
4.7,11.384,0.0665,0.0021
4.71,11.295,0.0665,0.0015
4.72,11.172,0.0699,0.0025
4.73,10.879,0.0679,0.0021
4.74,10.737,0.0659,0.0013
4.75,10.525,0.0653,0.0015
4.76,10.277,0.0643,0.0017
4.77,10.301,0.0634,0.0019
4.78,9.9752,0.0641,0.0019
4.79,9.4356,0.0605,0.0026
4.8,9.2696,0.0611,0.0033
4.81,9.1036,0.0546,0.0035
4.82,9.1301,0.0537,0.0017
4.83,9.1566,0.0535,0.0026
4.84,9.3684,0.053,0.0035
4.85,9.1892,0.0525,0.0033
4.86,9.1932,0.0552,0.0033
4.87,9.5231,0.0554,0.0019
4.88,9.5109,0.0556,-0.0006
4.89,9.6086,0.0616,-0.0004
4.9,9.8285,0.0617,-0.0003
4.91,10.122,0.0617,-0.0003
4.92,10.537,0.0645,0.0001
4.93,11.124,0.0673,0.0005
4.94,11.075,0.0658,0.0009
4.95,10.948,0.0644,0.0013
4.96,10.468,0.059,0.0015
4.97,10.167,0.0539,0.0021
4.98,10.126,0.0474,0.0021
4.99,9.9222,0.0428,0.0027
5,9.8937,0.0436,0.0023
5.01,9.9529,0.042,0.0021
5.02,10.012,0.0397,0.0025
5.03,9.9792,0.0376,0.0027
5.04,10.008,0.0371,0.0029
5.05,9.9344,0.0318,0.003
5.06,9.9141,0.0318,0.0031
5.07,9.9181,0.0339,0.0035
5.08,9.5638,0.036,0.0035
5.09,9.2706,0.0395,0.0033
5.1,9.1525,0.0483,0.0029
5.11,9.1159,0.0478,0.0031
5.12,9.1424,0.0477,0.0033
5.13,9.1688,0.0476,0.0035
5.14,9.1973,0.0512,0.0035
5.15,9.2299,0.0549,0.0035
5.16,9.462,0.0687,0.0035
5.17,9.9467,0.0758,0.0035
5.18,10.301,0.0733,0.0036
5.19,10.183,0.0721,0.0037
5.2,10.419,0.0722,0.0039
5.21,10.309,0.0722,0.0041
5.22,10.268,0.076,0.0043
5.23,9.3439,0.0753,0.0042
5.24,9.0181,0.0745,0.0041
5.25,8.9367,0.0762,0.0035
5.26,8.8919,0.0739,0.0034
5.27,8.5742,0.0715,0.0033
5.28,8.281,0.0672,0.0035
5.29,7.8656,0.0628,0.0038
5.3,7.4543,0.0616,0.0041
5.31,7.4706,0.0528,0.0029
5.32,7.3158,0.0441,0.0025
5.33,7.1122,0.0438,0.0025
5.34,6.9534,0.0431,0.0027
5.35,6.9697,0.042,0.0029
5.36,6.8556,0.0408,0.0029
5.37,6.7945,0.0366,0.0032
5.38,6.5746,0.0351,0.0035
5.39,6.2896,0.0297,0.0033
5.4,6.1267,0.0287,0.0043
5.41,5.8864,0.0295,0.0046
5.42,5.8864,0.0302,0.0048
5.43,5.8477,0.0308,0.0042
5.44,5.9016,0.0333,0.004
5.45,5.9556,0.0344,0.0037
5.46,5.9658,0.0346,0.0037
5.47,5.976,0.039,0.0042
5.48,6.0574,0.0434,0.0048
5.49,6.0778,0.0431,0.005
5.5,6.4077,0.0428,0.005
5.51,6.204,0.0407,0.0053
5.52,6.5217,0.0408,0.0056
5.53,6.3018,0.0409,0.0053
5.54,6.4606,0.0416,0.0053
5.55,6.4606,0.0361,0.0054
5.56,6.4606,0.0342,0.006
5.57,6.4728,0.0324,0.0062
5.58,6.4199,0.0331,0.0058
5.59,5.976,0.0317,0.0054
5.6,5.9475,0.0327,0.005
5.61,5.8171,0.0338,0.0052
5.62,5.8049,0.0337,0.0054
5.63,5.2755,0.0336,0.005
5.64,5.023,0.0333,0.0048
5.65,4.7624,0.0329,0.0046
5.66,4.2818,0.0359,0.005
5.67,3.7361,0.0359,0.0049
5.68,3.3451,0.036,0.0048
5.69,2.946,0.037,0.0048
5.7,2.437,0.0376,0.0052
5.71,2.156,0.0379,0.0056
5.72,1.9605,0.0369,0.0058
5.73,1.7691,0.036,0.0058
5.74,1.4066,0.0316,0.006
5.75,1.2682,0.0294,0.0062
5.76,1.146,0.026,0.0072
5.77,1.0564,0.0238,0.008
5.78,0.9424,0.0215,0.0162
5.79,0.865,0.0191,0.0266
5.8,0.7958,0.0188,0.0472
5.81,0.7021,0.0175,0.0578
5.82,0.6858,0.0155,0.0635
5.83,0.6654,0.0149,0.0747
5.84,0.7693,0.0141,0.0458
5.85,0.8731,0.0134,0.007
5.86,0.8609,0.0126,0.0075
5.87,0.8731,0.011,0.008
5.88,0.8935,0.0102,0.0094
5.89,0.9505,0.0093,0.0115
5.9,0.9912,0.0082,0.0119
5.91,1.0238,0.0062,0.0115
5.92,1.0605,0.006,0.0109
5.93,1.1582,0.0061,0.0076
5.94,1.2152,0.0061,0.0001
5.95,1.256,0.0068,0
5.96,1.2437,0.0072,0.0003
5.97,1.1297,0.0072,0.0007
5.98,1.0645,0.0071,0.0031
5.99,0.9627,0.0069,0.005
6,0.865,0.0067,0.0074
6.01,0.8345,0.0067,0.0109
6.02,0.8294,0.0069,0.015
6.03,0.8329,0.0071,0.0192
6.04,0.8365,0.0074,0.0284
6.05,0.8528,0.0102,0.0333
6.06,0.8528,0.0111,0.0382
6.07,0.8243,0.0112,0.0431
6.08,0.8222,0.0109,0.0531
6.09,0.8355,0.0107,0.0582
6.1,0.8487,0.0105,0.0633
6.11,0.8894,0.0108,0.0684
6.12,1.2112,0.0111,0.0631
6.13,1.1256,0.0117,0.0633
6.14,1.0483,0.0121,0.0635
6.15,1.0116,0.0119,0.0692
6.16,1.0035,0.0117,0.076
6.17,1.0035,0.0112,0.0825
6.18,1.0035,0.0105,0.0888
6.19,1.0116,0.0092,0.0956
6.2,0.9831,0.0076,0.1023
6.21,0.9464,0.0072,0.1086
6.22,0.8894,0.0071,0.1149
6.23,0.8406,0.0074,0.1251
6.24,0.7958,0.0078,0.1292
6.25,0.7469,0.0089,0.1321
6.26,0.7388,0.0094,0.1341
6.27,0.7286,0.0094,0.1386
6.28,0.7255,0.0095,0.1431
6.29,0.724,0.0099,0.1486
6.3,0.7456,0.0101,0.1574
6.31,0.7673,0.0102,0.167
6.32,0.8039,0.0098,0.1766
6.33,0.8691,0.0095,0.1968
6.34,0.9424,0.0087,0.2062
6.35,0.9953,0.0081,0.2147
6.36,0.9953,0.0078,0.2221
6.37,0.979,0.0076,0.2304
6.38,0.9179,0.0075,0.2374
6.39,0.8283,0.0077,0.2466
6.4,0.8039,0.0078,0.2447
6.41,0.7673,0.0083,0.239
6.42,0.7428,0.0086,0.2401
6.43,0.7184,0.0091,0.2412
6.44,0.7102,0.0096,0.2504
6.45,0.7082,0.0101,0.26
6.46,0.7316,0.0096,0.2702
6.47,0.755,0.009,0.2802
6.48,0.751,0.0074,0.2841
6.49,0.755,0.0068,0.2951
6.5,0.7632,0.0068,0.302
6.51,0.7713,0.0068,0.308
6.52,0.7632,0.0068,0.311
6.53,0.7591,0.0068,0.3047
6.54,0.751,0.0068,0.3043
6.55,0.7347,0.0066,0.3083
6.56,0.7102,0.0062,0.3123
6.57,0.7062,0.0059,0.3178
6.58,0.7062,0.0059,0.3237
6.59,0.7041,0.0059,0.327
6.6,0.7052,0.0059,0.3276
6.61,0.7062,0.0065,0.3212
6.62,0.7428,0.007,0.3076
6.63,0.7632,0.0071,0.2908
6.64,0.7917,0.0072,0.2608
6.65,0.8243,0.0073,0.2564
6.66,0.8609,0.0084,0.2559
6.67,0.9016,0.0107,0.2512
6.68,1.0564,0.0117,0.2353
6.69,1.203,0.0142,0.2188
6.7,1.4148,0.0152,0.1704
6.71,1.7202,0.0159,0.1333
6.72,2.1397,0.0186,0.0819
6.73,2.5836,0.0231,0.0305
6.74,2.9338,0.0275,-0.0042
6.75,3.2067,0.0324,-0.0183
6.76,3.3737,0.0325,-0.022
6.77,3.5488,0.0309,-0.0279
6.78,3.6058,0.0294,-0.0271
6.79,3.728,0.0322,-0.0281
6.8,3.8176,0.035,-0.0273
6.81,4.2411,0.0384,-0.0283
6.82,4.351,0.0388,-0.044
6.83,4.5302,0.0421,-0.0613
6.84,4.6321,0.0461,-0.0694
6.85,4.7705,0.0472,-0.073
6.86,4.8968,0.0449,-0.0642
6.87,5.133,0.0426,-0.0554
6.88,5.2103,0.0387,-0.0548
6.89,5.2592,0.0376,-0.0601
6.9,5.1126,0.0325,-0.0656
6.91,5.0922,0.0312,-0.0683
6.92,5.0861,0.029,-0.0691
6.93,5.08,0.0268,-0.0694
6.94,5.0841,0.0261,-0.0694
6.95,5.0026,0.0274,-0.0693
6.96,4.8072,0.0272,-0.0689
6.97,4.7909,0.027,-0.0679
6.98,4.7746,0.0256,-0.0675
6.99,4.7909,0.0236,-0.0669
7,4.7461,0.0227,-0.0665
7.01,4.6931,0.0201,-0.0658
7.02,4.575,0.0188,-0.0656
7.03,4.0171,0.0155,-0.0648
7.04,3.785,0.0152,-0.0644
7.05,3.3574,0.0149,-0.064
7.06,3.1008,0.0145,-0.0636
7.07,2.7139,0.0142,-0.0632
7.08,2.5347,0.0138,-0.0626
7.09,2.3596,0.0127,-0.0626
7.1,2.0867,0.0102,-0.062
7.11,1.9727,0.0101,-0.0191
7.12,1.8587,0.0098,-0.0175
7.13,1.7813,0.0096,-0.0175
7.14,1.7324,0.0094,-0.0171
7.15,1.6673,0.0093,-0.0171
7.16,1.6388,0.0091,-0.0167
7.17,1.6327,0.0092,-0.0163
7.18,1.6459,0.0091,-0.0161
7.19,1.6591,0.0091,-0.0157
7.2,1.6795,0.0086,-0.0157
7.21,1.6958,0.0083,-0.0146
7.22,1.7528,0.0079,-0.014
7.23,1.8098,0.0078,-0.0136
7.24,1.9483,0.0077,-0.0132
7.25,2.0175,0.0077,-0.0128
7.26,2.0786,0.0073,-0.012
7.27,2.1234,0.0071,-0.0116
7.28,2.156,0.0073,-0.0112
7.29,2.1804,0.0075,-0.0108
7.3,2.2171,0.0075,-0.0103
7.31,2.27,0.0075,-0.0099
7.32,2.2537,0.0075,-0.0095
7.33,2.2374,0.0074,-0.0091
7.34,2.1886,0.0074,-0.0089
7.35,2.1356,0.0074,-0.0085
7.36,2.0786,0.0074,-0.0085
7.37,2.0216,0.0074,-0.0083
7.38,1.9035,0.0072,-0.0081
7.39,1.8342,0.0069,-0.0077
7.4,1.7772,0.0067,-0.0075
7.41,1.7284,0.0066,-0.0071
7.42,1.7039,0.0066,-0.0069
7.43,1.6469,0.0066,-0.0067
7.44,1.6184,0.0067,-0.0065
7.45,1.5655,0.0075,-0.0063
7.46,1.5003,0.0077,-0.0059
7.47,1.4881,0.008,-0.0052
7.48,1.486,0.0082,-0.005
7.49,1.5034,0.0082,-0.0046
7.5,1.5207,0.0082,-0.0042
7.51,1.598,0.0077,-0.0034
7.52,1.7895,0.0073,-0.003
7.53,1.9116,0.0072,-0.001
7.54,2.0827,0.0072,0.0005
7.55,2.1886,0.0069,0.0013
7.56,2.2782,0.0068,0.0019
7.57,2.3311,0.0067,0.0019
7.58,2.327,0.0067,0.0023
7.59,2.3515,0.0067,0.0033
7.6,2.3677,0.0067,0.0037
7.61,2.3718,0.0067,0.0039
7.62,2.38,0.0067,0.0046
7.63,2.4411,0.0073,0.005
7.64,2.5103,0.0085,0.006
7.65,2.5754,0.0088,0.0064
7.66,2.6487,0.009,0.0068
7.67,2.7831,0.009,0.0074
7.68,2.8646,0.0091,0.0078
7.69,2.8809,0.0092,0.0082
7.7,2.8687,0.0102,0.0087
7.71,2.8626,0.0105,0.0092
7.72,2.8982,0.0109,0.0097
7.73,2.9338,0.0113,0.0101
7.74,2.9745,0.0111,0.0107
7.75,3.0071,0.0114,0.0109
7.76,2.9949,0.0118,0.0111
7.77,2.9501,0.0115,0.0115
7.78,2.8687,0.0113,0.0113
7.79,2.8402,0.0111,0.0121
7.8,2.8605,0.0112,0.0119
7.81,2.8809,0.0112,0.0127
7.82,2.9297,0.0114,0.0135
7.83,3.0153,0.0116,0.0139
7.8401,3.056,0.0115,0.0141
7.8501,3.0723,0.0116,0.0145
7.8601,3.109,0.0115,0.0207
7.8701,3.1456,0.0114,0.0215
7.8801,3.1863,0.0114,0.0217
7.8901,3.227,0.0114,0.0219
7.9001,3.3044,0.0115,0.0223
7.9101,3.3492,0.0115,0.0225
7.9201,3.3737,0.0115,0.0227
7.9301,3.4347,0.0114,0.0229
7.9401,3.447,0.0115,0.0233
7.9501,3.4551,0.0117,0.0234
7.9601,3.5121,0.0118,0.0235
7.9701,3.5528,0.012,0.0239
7.9801,3.6547,0.0121,0.0239
7.9901,3.6954,0.0121,0.024
8.0001,3.732,0.0123,0.0241
8.0101,3.7768,0.0123,0.0241
8.0201,3.8135,0.0123,0.0243
8.0301,3.8053,0.0125,0.0241
8.0401,3.7972,0.0126,0.0239
8.0501,3.6913,0.0115,0.0239
8.0601,3.6302,0.0118,0.0242
8.0701,3.5936,0.0121,0.0245
8.0801,3.5976,0.0121,0.025
8.0901,3.6017,0.0119,0.0258
8.1001,3.6628,0.0117,0.0262
8.1101,3.8726,0.0117,0.0299
8.1201,4.0823,0.0119,0.0299
8.1301,4.0823,0.0121,0.019
8.1401,4.1963,0.0121,0.0005
8.1501,4.1515,0.0118,-0.0017
8.1601,4.1637,0.0117,-0.0012
8.1701,4.1963,0.0118,-0.0008
8.1801,4.1963,0.012,0.0015
8.1901,4.3225,0.0128,0.0039
8.2001,4.4447,0.0128,0.0056
8.2101,4.5587,0.0129,0.0066
8.2201,4.6728,0.0135,0.0078
8.2301,4.7746,0.0141,0.0088
8.2401,4.8886,0.0165,0.0088
8.2501,5.0149,0.0169,0.0103
8.2601,5.0922,0.0173,0.0113
8.2701,5.0678,0.0173,0.0121
8.2801,4.9986,0.0181,0.0127
8.2901,4.966,0.0186,0.0133
8.3001,4.966,0.019,0.0137
8.3101,4.9843,0.0188,0.0145
8.3201,5.0026,0.02,0.0152
8.3301,4.9538,0.0215,0.0162
8.3401,4.7583,0.0214,0.0166
8.3501,4.6239,0.0212,0.0166
8.3601,4.5343,0.0203,0.0172
8.3701,4.5221,0.0204,0.0184
8.3801,4.5384,0.0204,0.0184
8.3901,4.5547,0.0204,0.0172
8.4001,4.6035,0.0204,0.0066
8.4101,4.7094,0.0201,0.0025
8.4201,5.2307,0.0198,0.0019
8.4301,5.809,0.0194,0.0049
8.4401,6.5583,0.0196,0.0078
8.4501,7.1692,0.0198,0.0103
8.4601,7.548,0.0208,0.0099
8.4701,7.7882,0.0223,0.0099
8.4801,7.9145,0.0239,0.0108
8.4901,7.9471,0.0247,0.0117
8.5001,7.8941,0.0251,0.0129
8.5101,7.829,0.0249,0.0139
8.5201,7.7027,0.0255,0.0139
8.5301,7.4013,0.0256,0.0101
8.5401,7.1488,0.0253,0.0076
8.5501,7.047,0.0254,0.0058
8.5601,7.0145,0.0254,-0.004
8.5701,6.9045,0.0261,-0.0071
8.5801,6.819,0.0252,-0.0093
8.5901,6.7579,0.0242,-0.0092
8.6001,6.6561,0.0229,-0.0091
8.6101,6.6398,0.0215,-0.0077
8.6201,6.6398,0.0204,-0.0079
8.6301,6.6866,0.02,-0.0085
8.6401,6.7335,0.0193,-0.0179
8.6501,6.7783,0.0179,-0.0209
8.6601,6.8312,0.0162,-0.0214
8.6701,6.9167,0.0164,-0.0201
8.6801,7.1,0.0165,-0.0187
8.6901,7.3077,0.0169,-0.0173
8.7001,7.5765,0.0175,-0.0159
8.7101,7.9063,0.0185,-0.0144
8.7201,8.4928,0.0192,-0.0134
8.7301,8.6231,0.0221,-0.0122
8.7401,8.6597,0.0231,-0.0101
8.7501,8.5172,0.026,-0.0093
8.7601,8.3828,0.0252,-0.0087
8.7701,8.171,0.0275,-0.0081
8.7801,8.0285,0.0285,-0.0077
8.7901,7.5805,0.0295,-0.0077
8.8001,7.4869,0.0298,-0.0061
8.8101,7.4054,0.0315,-0.0054
8.8201,7.2364,0.0332,0.0152
8.8301,7.1967,0.0395,0.0162
8.8401,7.2094,0.0705,0.0178
8.8501,7.2222,0.102,0.0168
8.8601,7.2873,0.1741,0.0129
8.8701,7.6986,0.1961,0.0133
8.8801,7.8534,0.2012,0.0137
8.8901,8.395,0.2063,0.0154
8.9001,8.7045,0.2189,0.0101
8.9101,9.686,0.2185,-0.003
8.9201,10.871,0.2182,-0.0379
8.9301,12.81,0.2025,-0.0384
8.9401,11.368,0.1881,-0.0365
8.9501,11.242,0.1714,-0.0346
8.9601,9.8326,0.1607,-0.0354
8.9701,9.6086,0.157,-0.0293
8.9801,9.7939,0.1513,-0.025
8.9901,9.9792,0.1345,-0.0228
9.0001,10.606,0.1347,-0.0236
9.0101,11.303,0.1293,-0.0242
9.0201,11.702,0.128,-0.0251
9.0301,11.897,0.0995,-0.0256
9.0401,11.633,0.0595,-0.0255
9.0501,11.16,0.0428,-0.0254
9.0601,10.814,0.0435,-0.0244
9.0701,10.647,0.041,-0.024
9.0801,10.496,0.0409,-0.023
9.0901,10.334,0.0392,-0.0218
9.1001,10.11,0.036,-0.0199
9.1101,9.2869,0.0356,0.017
9.1201,9.4661,0.0352,-0.0144
9.1301,9.067,0.0352,-0.0189
9.1401,8.9041,0.0352,-0.0279
9.1501,8.4358,0.0324,-0.0291
9.1601,8.167,0.0285,-0.0305
9.1701,7.5765,0.0242,-0.0318
9.1801,7.3199,0.0242,-0.031
9.1901,7.3525,0.0243,-0.0316
9.2001,7.3851,0.0256,-0.0313
9.2101,7.5398,0.027,-0.031
9.2201,7.8167,0.0271,-0.0291
9.2301,7.7964,0.0271,-0.0281
9.2401,7.6498,0.0271,-0.0267
9.2501,7.5154,0.029,-0.0261
9.2601,7.4441,0.0281,-0.0242
9.2701,7.441,0.0304,-0.0234
9.2801,7.438,0.0323,-0.0224
9.2901,7.4299,0.0345,-0.021
9.3001,7.4686,0.0358,-0.0201
9.3101,7.5072,0.0357,-0.0193
9.3201,7.6294,0.0354,-0.0175
9.3301,7.6986,0.0352,-0.0169
9.3401,7.9837,0.0344,-0.0159
9.3501,8.1262,0.0367,-0.0142
9.3601,8.2118,0.0389,-0.0138
9.3701,8.3054,0.039,-0.0136
9.3801,8.3747,0.039,-0.0132
9.3901,8.3706,0.0398,-0.0122
9.4001,8.167,0.0393,-0.0128
9.4101,8,0.0389,-0.0123
9.4201,7.9979,0.037,-0.0118
9.4301,8.0092,0.037,-0.0101
9.4401,8.0204,0.0371,-0.0083
9.4501,8.0529,0.0373,-0.0065
9.4601,8.057,0.0397,-0.0054
9.4701,8.1262,0.0405,-0.0042
9.4801,8.2647,0.0412,-0.003
9.4901,8.2688,0.0416,-0.0014
9.5001,8.2443,0.0416,-0.0006
9.5101,8.0774,0.0416,0.0007
9.5201,7.9186,0.0419,0.0001
9.5301,7.4991,0.0422,0.0019
9.5401,7.2873,0.0422,0.0027
9.5501,7.0796,0.0428,0.0031
9.5601,6.6602,0.0425,0.0039
9.5701,6.481,0.0422,0.0046
9.5801,6.4484,0.0422,0.0056
9.5901,6.4911,0.0416,0.0076
9.6001,6.5339,0.0389,0.0082
9.6101,6.709,0.0391,0.0094
9.6201,6.9249,0.0393,0.0125
9.6301,7.2303,0.0407,0.0139
9.6401,8.114,0.0416,0.0182
9.6501,8.733,0.0429,0.0205
9.6601,10.036,0.0436,0.0225
9.6701,10.558,0.0469,0.027
9.6801,11.046,0.052,0.0288
9.6901,11.954,0.0552,0.0319
9.7001,12.374,0.0629,0.0321
9.7101,12.736,0.0654,0.0327
9.7201,13.038,0.0735,0.0335
9.7301,12.867,0.0779,0.0339
9.7401,12.667,0.0835,0.0331
9.7501,11.767,0.0854,0.0303
9.7601,11.405,0.0874,0.0286
9.7701,10.684,0.087,0.0283
9.7801,10.382,0.0866,0.028
9.7901,9.8774,0.0866,0.0286
9.8001,9.6046,0.0844,0.0272
9.8101,9.3887,0.0779,0.026
9.8201,9.1199,0.0706,0.025
9.8301,9.0629,0.0612,0.025
9.8401,9.126,0.0566,0.0239
9.8501,9.1892,0.0527,0.025
9.8601,9.6901,0.0524,0.026
9.8701,10.04,0.0527,0.0278
9.8801,10.093,0.053,0.0372
9.8901,11.087,0.0533,0.0325
9.9001,11.812,0.0546,0.0311
9.9101,12.488,0.0557,0.0282
9.9201,13.156,0.0564,0.027
9.9301,13.718,0.0587,0.0235
9.9401,14.263,0.0611,0.023
9.9501,14.834,0.063,0.024
9.9601,15.469,0.0669,0.025
9.9701,15.913,0.0677,0.0276
9.9801,16.275,0.069,0.0286
9.9901,16.357,0.0723,0.0286
10.0001,16.373,0.0758,0.0276
10.0101,16.104,0.0795,0.0275
10.0201,16.035,0.0852,0.0274
10.0301,15.864,0.0875,0.0278
10.0401,15.709,0.0855,0.0268
10.0501,15.583,0.0836,0.027
10.0601,15.577,0.0795,0.0274
10.0701,15.6535,0.0774,0.0278
10.0801,15.73,0.0754,0.027
10.0901,15.958,0.0698,0.0251
10.1001,16.198,0.0706,0.0231
10.1101,16.3,0.0674,0.0292
10.1201,16.402,0.0663,0.0199
10.1301,16.683,0.0629,0.0131
10.1401,16.634,0.0627,0.0088
10.1501,16.393,0.062,0.0023
10.1601,16.031,0.0624,-0.0016
10.1701,15.738,0.0589,-0.0032
10.1801,15.579,0.0569,-0.0099
10.1901,15.408,0.0614,-0.0175
10.2001,15.355,0.0633,-0.0218
10.2101,15.3735,0.0639,-0.0271
10.2201,15.392,0.0622,-0.0297
10.2301,15.424,0.0605,-0.0298
10.2401,15.424,0.0569,-0.0289
10.2501,15.225,0.0522,-0.0279
10.2601,14.919,0.0498,-0.0285
10.2701,14.117,0.0498,-0.0286
10.2801,13.306,0.0507,-0.0284
10.2901,12.968,0.0517,-0.0281
10.3001,12.337,0.0555,-0.0279
10.3101,11.999,0.0644,-0.0277
10.3201,11.437,0.0712,-0.0263
10.3301,11.022,0.0816,-0.0254
10.3401,10.887,0.0819,-0.0246
10.3501,10.712,0.0855,-0.0238
10.3601,10.509,0.0907,-0.0236
10.3701,10.024,0.0988,-0.0244
10.3801,9.6982,0.1059,-0.0338
10.3901,9.2584,0.111,-0.041
10.4001,9.1036,0.1136,-0.0477
10.4101,9.0344,0.1149,-0.0491
10.4201,8.843,0.1161,-0.0524
10.4301,8.4317,0.1162,-0.0528
10.4401,7.9023,0.1131,-0.0542
10.4501,7.4136,0.11,-0.0558
10.4601,6.6235,0.1092,-0.0591
10.4701,6.3751,0.1103,-0.0609
10.4801,6.204,0.1113,-0.0642
10.4901,6.1063,0.115,-0.0663
10.5001,6.0086,0.1194,-0.0672
10.5101,5.9882,0.1219,-0.0674
10.5201,5.9515,0.122,-0.0674
10.5301,5.9149,0.1222,-0.0673
10.5401,5.923,0.121,-0.0671
10.5501,5.8823,0.1199,-0.0677
10.5601,5.8131,0.1162,-0.0681
10.5701,5.7276,0.1019,-0.0687
10.5801,5.5932,0.0916,-0.0693
10.5901,5.4832,0.0856,-0.0697
10.6001,5.1778,0.0786,-0.0701
10.6101,4.966,0.0708,-0.0705
10.6201,4.8235,0.0665,-0.0706
10.6301,4.6239,0.0592,-0.0703
10.6401,4.4203,0.0535,-0.0699
10.6501,4.2207,0.0486,-0.0697
10.6601,4.066,0.0428,-0.0693
10.6701,3.8094,0.04,-0.0691
10.6801,3.5732,0.0374,-0.0687
10.6901,3.3899,0.0362,-0.0683
10.7001,3.1497,0.0359,-0.0679
10.7101,2.9868,0.0371,-0.0673
10.7201,2.8361,0.0383,-0.0667
10.7301,2.6813,0.0395,-0.0658
10.7401,2.5877,0.0392,-0.0652
10.7501,2.5062,0.0389,-0.0642
10.7601,2.4981,0.037,-0.0634
10.7701,2.5327,0.0366,-0.0626
10.7801,2.5673,0.0359,-0.0616
10.7901,2.8564,0.0354,-0.0605
10.8001,2.942,0.0346,-0.0595
10.8101,2.9501,0.0417,-0.0585
10.8201,2.9135,0.0434,-0.0567
10.8301,2.8972,0.0419,-0.0558
10.8401,2.8687,0.0405,-0.0548
10.8501,2.8157,0.037,-0.0538
10.8601,2.775,0.0337,-0.0528
10.8701,2.7465,0.0307,-0.0516
10.8801,3.0438,0.0292,-0.0503
10.8901,3.3411,0.0281,-0.0256
10.9001,3.3248,0.0276,-0.0246
10.9101,3.223,0.0271,-0.0232
10.9201,3.1537,0.0265,-0.0216
10.9301,3.0804,0.0258,-0.0195
10.9401,2.9338,0.0247,-0.0175
10.9501,2.8646,0.0242,-0.0126
10.9601,2.8198,0.0233,-0.0097
10.9701,2.7709,0.0227,-0.0069
10.9801,2.718,0.0221,-0.004
10.9901,2.6691,0.0215,-0.0012
11.0001,2.6365,0.0209,0.0019
11.0101,2.5469,0.02,0.005
11.0201,2.5225,0.0193,0.008
11.0301,2.4777,0.0186,0.0143
11.0401,2.4207,0.0289,0.0176
11.0501,2.3718,0.0325,0.0205
11.0601,2.2904,0.0322,0.0241
11.0701,2.2456,0.0318,0.0272
11.0801,2.1845,0.025,0.0294
11.0901,2.1682,0.0241,0.0311
11.1001,2.1438,0.0231,0.0337
11.1101,2.4228,0.0229,0.0415
11.1201,2.7017,0.0229,0.0286
11.1301,2.7139,0.0225,0.0287
11.1401,2.5836,0.0224,0.0288
11.1501,2.3677,0.0216,0.0486
11.1601,2.3148,0.0215,0.0609
11.1701,2.2374,0.021,0.0739
11.1801,2.1926,0.0208,0.1025
11.1901,2.1519,0.02,0.1129
11.2001,2.1397,0.019,0.1386
11.2101,2.1397,0.0182,0.1541
11.2201,2.1376,0.0173,0.1851
11.2301,2.1356,0.0169,0.2
11.2401,2.1356,0.0166,0.2162
11.2501,2.1234,0.0161,0.2312
11.2601,2.0175,0.0158,0.2437
11.2701,2.0175,0.0158,0.2564
11.2801,1.9564,0.0158,0.2704
11.2901,1.8872,0.0157,0.2855
11.3001,1.8688,0.0157,0.3041
11.3101,1.8678,0.0158,0.3198
11.3201,1.8755,0.0159,0.3386
11.3301,1.8831,0.0162,0.3524
11.3401,1.9157,0.0167,0.3627
11.3501,1.9727,0.0168,0.3653
11.3601,2.0053,0.0175,0.3624
11.3701,2.046,0.0181,0.362
11.3801,2.1153,0.0186,0.3653
11.3901,2.1682,0.0192,0.3608
11.4001,2.2171,0.0197,0.3533
11.4101,2.2619,0.0206,0.3355
11.4201,2.2944,0.0209,0.3353
11.4301,2.3474,0.0211,0.3347
11.4401,2.3515,0.0212,0.3204
11.4501,2.384,0.0216,0.3192
11.4601,2.4166,0.0221,0.3164
11.4701,2.4533,0.0221,0.3137
11.4801,2.4858,0.022,0.3125
11.4901,2.5144,0.0221,0.3152
11.5,2.5062,0.0221,0.318
11.51,2.5592,0.022,0.3171
11.52,2.5877,0.0218,0.3223
11.53,2.6162,0.022,0.3276
11.54,2.6691,0.0221,0.3283
11.55,2.7139,0.0227,0.329
11.56,2.7709,0.0234,0.338
11.57,2.8157,0.0241,0.3492
11.58,2.8687,0.0241,0.3598
11.59,2.9623,0.0261,0.3594
11.6,3.0601,0.0275,0.3602
11.61,3.1619,0.0305,0.3504
11.62,3.2555,0.0326,0.3465
11.63,3.337,0.0333,0.3394
11.64,3.4062,0.0341,0.3184
11.65,3.3981,0.0331,0.3
11.66,3.3411,0.033,0.2614
11.67,3.2515,0.033,0.2486
11.68,3.1415,0.0317,0.2486
11.69,2.9542,0.0292,0.1868
11.7,2.7424,0.0262,0.1558
11.71,2.5306,0.0237,0.1561
11.72,2.2415,0.0214,0.1564
11.73,2.1193,0.0198,0.1627
11.74,1.9483,0.0187,0.1608
11.75,1.818,0.0181,0.1798
11.76,1.6184,0.0184,0.1974
11.77,1.5532,0.0173,0.2151
11.78,1.5552,0.0163,0.2594
11.79,1.5573,0.0154,0.2831
11.8,1.6062,0.015,0.3014
11.81,1.6551,0.0196,0.3163
11.82,1.765,0.0242,0.3249
11.83,1.8668,0.024,0.2996
11.84,2.1641,0.0242,0.2823
11.85,2.2822,0.0242,0.2821
11.86,2.4125,0.0242,0.2539
11.87,2.5021,0.0237,0.2423
11.88,2.5714,0.0239,0.2306
11.89,3.2678,0.0235,0.1674
11.9,3.4714,0.0227,0.142
11.91,3.5569,0.0216,0.1316
11.92,3.5325,0.0215,0.1306
11.93,3.5528,0.021,0.1296
11.94,3.5732,0.0207,0.1315
11.95,3.5528,0.0199,0.1243
11.96,3.5203,0.0195,0.1257
11.97,3.4795,0.0188,0.127
11.98,3.4266,0.0177,0.1337
11.99,3.3737,0.0169,0.1364
12,3.2678,0.0165,0.1441
12.01,3.2148,0.0159,0.1488
12.02,3.1089,0.0154,0.1527
12.03,3.0316,0.0155,0.157
12.04,2.942,0.0214,0.1633
12.05,2.7791,0.0235,0.1719
12.06,2.718,0.0246,0.1827
12.07,2.661,0.0244,0.19
12.08,2.5999,0.0242,0.1966
12.09,2.5551,0.024,0.2023
12.1,2.551,0.023,0.2051
12.11,2.891,0.0217,0.209
12.12,3.2311,0.0207,0.133
12.13,3.3899,0.02,0.0984
12.14,3.2963,0.0194,0.0827
12.15,3.1741,0.0178,0.0767
12.16,2.999,0.0171,0.0759
12.17,2.885,0.0167,0.0835
12.18,2.8279,0.0165,0.0911
12.19,2.7831,0.0154,0.1017
12.2,2.7668,0.0148,0.1117
12.21,2.7506,0.0147,0.1206
12.22,2.7343,0.0146,0.1384
12.23,2.7506,0.0146,0.146
12.24,2.7261,0.0148,0.1521
12.25,2.7139,0.0149,0.1545
12.26,2.7099,0.0151,0.167
12.27,2.7058,0.0156,0.1739
12.28,2.7017,0.0158,0.1798
12.29,2.6976,0.0161,0.1855
12.3,2.7099,0.0161,0.1908
12.31,2.7221,0.0162,0.1988
12.32,2.718,0.0162,0.2012
12.33,2.7465,0.0165,0.2001
12.34,2.7831,0.0165,0.199
12.35,2.7872,0.0168,0.1992
12.36,2.8157,0.0169,0.1962
12.37,2.8361,0.0168,0.1933
12.38,2.832,0.0169,0.1937
12.39,2.834,0.0169,0.1902
12.4,2.8361,0.0169,0.1887
12.41,2.8279,0.0167,0.1897
12.42,2.8198,0.0165,0.1906
12.43,2.7994,0.0165,0.1955
12.44,2.7872,0.0165,0.1953
12.45,2.7302,0.0165,0.1953
12.46,2.6895,0.0164,0.1872
12.47,2.665,0.0161,0.1889
12.48,2.6284,0.0158,0.1906
12.49,2.5714,0.0161,0.1894
12.5,2.5306,0.0154,0.1974
12.51,2.4981,0.0154,0.2035
12.52,2.4818,0.0152,0.2049
12.53,2.437,0.015,0.2112
12.54,2.4125,0.0147,0.2151
12.55,2.4044,0.0148,0.2162
12.56,2.3881,0.0144,0.2198
12.57,2.3902,0.0145,0.2237
12.58,2.3922,0.0145,0.2221
12.59,2.3963,0.0148,0.2243
12.6,2.4085,0.015,0.2206
12.61,2.4858,0.0154,0.2176
12.62,2.4981,0.0152,0.2145
12.63,2.5632,0.0154,0.2108
12.64,2.6325,0.0156,0.2049
12.65,2.6813,0.0159,0.2057
12.66,2.7261,0.0162,0.2017
12.67,2.8931,0.0164,0.1864
12.68,2.9216,0.0166,0.1789
12.69,2.9745,0.0167,0.176
12.7,3.0071,0.0167,0.1731
12.71,3.1089,0.0167,0.1717
12.72,3.1497,0.0171,0.1696
12.73,3.227,0.0173,0.1664
12.74,3.2393,0.0175,0.1676
12.75,3.2678,0.018,0.1688
12.76,3.2678,0.0186,0.1666
12.77,3.28,0.0193,0.1705
12.78,3.28,0.0202,0.1745
12.79,3.2942,0.0208,0.1827
12.8,3.3085,0.0215,0.1898
12.81,3.3533,0.023,0.2041
12.82,3.4307,0.0262,0.2115
12.83,3.5976,0.037,0.2164
12.84,3.8868,0.0382,0.2194
12.85,3.9967,0.0386,0.2217
12.86,4.066,0.0388,0.2004
12.87,4.1026,0.0398,0.1898
12.88,4.1434,0.0397,0.1631
12.89,4.2574,0.0397,0.136
12.9,5.1085,0.0372,0.0386
12.91,5.3692,0.035,0.0221
12.92,5.471,0.0338,0.0158
12.93,5.6135,0.0338,0.0003
12.94,5.6665,0.0337,-0.0085
12.95,5.6665,0.0337,-0.0179
12.96,5.6094,0.0337,-0.0171
12.97,5.6298,0.0331,-0.0163
12.98,5.6502,0.0325,-0.0079
12.99,5.6461,0.0323,-0.0038
13,5.6746,0.0322,-0.0006
13.01,5.7194,0.0308,0.0054
13.02,5.752,0.0308,0.0074
13.03,5.7316,0.0296,0.009
13.04,5.7153,0.0349,0.0092
13.05,5.6502,0.037,0.0112
13.06,5.6746,0.0391,0.0131
13.07,5.642,0.0387,0.016
13.08,5.6135,0.0403,0.0186
13.09,5.6053,0.0405,0.0282
13.1,5.9312,0.0407,0.0335
13.11,6.257,0.041,0.0747
13.12,6.257,0.0418,0.0684
13.13,6.5543,0.0414,0.0539
13.14,6.4973,0.041,0.0482
13.15,6.4117,0.0405,0.0417
13.16,6.4056,0.0403,0.0374
13.17,6.4433,0.0381,0.0358
13.18,6.481,0.0364,0.0378
13.19,6.5706,0.0351,0.0399
13.2,6.7253,0.0341,0.0417
13.21,6.7823,0.0327,0.0419
13.22,6.7742,0.0314,0.0409
13.23,6.7986,0.0299,0.0415
13.24,6.6031,0.0287,0.0407
13.25,6.4443,0.0285,0.0397
13.26,6.3058,0.0271,0.0404
13.27,6.1755,0.026,0.0411
13.28,5.9963,0.026,0.045
13.29,5.8375,0.0246,0.0486
13.3,5.6298,0.0239,0.0529
13.31,5.357,0.0238,0.0574
13.32,5.2022,0.0235,0.0621
13.33,5.0637,0.0236,0.0709
13.34,4.9334,0.0236,0.0762
13.35,4.8397,0.0235,0.0819
13.36,4.7502,0.0233,0.0888
13.37,4.7176,0.0233,0.096
13.38,4.6809,0.0227,0.1019
13.39,4.683,0.023,0.1164
13.4,4.685,0.0233,0.1233
13.41,4.7135,0.0236,0.127
13.42,4.7257,0.0242,0.1317
13.43,4.7827,0.0237,0.1156
13.44,4.7909,0.0233,0.1162
13.45,4.7135,0.0223,0.1168
13.46,4.6687,0.0219,0.1253
13.47,4.6606,0.0214,0.1341
13.48,4.6402,0.021,0.1282
13.49,4.5954,0.021,0.1174
13.5,4.6035,0.021,0.1189
13.51,4.5669,0.0211,0.1204
13.52,4.5302,0.0212,0.1347
13.53,4.5262,0.0213,0.1419
13.54,4.4936,0.0214,0.1494
13.55,4.5058,0.0214,0.1558
13.56,4.4814,0.0214,0.1555
13.57,4.4814,0.0217,0.1602
13.58,4.4936,0.0218,0.1596
13.59,4.5058,0.0219,0.1579
13.6,4.4895,0.022,0.1594
13.61,4.4569,0.0221,0.1608
13.62,4.4895,0.0222,0.1662
13.63,4.5221,0.0223,0.1743
13.64,4.5384,0.0225,0.1755
13.65,4.5669,0.0226,0.1798
13.66,4.6402,0.0229,0.1794
13.67,4.6606,0.0238,0.1817
13.68,4.7094,0.0246,0.1821
13.69,4.6646,0.0248,0.1808
13.7,4.7094,0.0249,0.1727
13.71,4.7339,0.0249,0.1693
13.72,4.795,0.0249,0.1688
13.73,4.8235,0.0247,0.1682
13.74,4.9701,0.0244,0.169
13.75,5.0434,0.024,0.1494
13.76,5.0719,0.0234,0.1405
13.77,5.1289,0.0228,0.14
13.78,5.2022,0.0226,0.1416
13.79,5.2063,0.0223,0.1433
13.8,5.2063,0.0224,0.1451
13.81,5.1411,0.0225,0.1437
13.82,5.1289,0.0226,0.1413
13.83,5.0841,0.0246,0.1432
13.84,5.0434,0.0266,0.1451
13.85,4.9904,0.0265,0.1537
13.86,4.966,0.0264,0.1649
13.87,4.8968,0.0264,0.1664
13.88,4.8194,0.0261,0.1576
13.89,4.7176,0.0255,0.1435
13.9,4.8682,0.0249,0.1492
13.91,5.0189,0.0241,0.0896
13.92,5.0963,0.023,0.0966
13.93,4.9904,0.0211,0.0878
13.94,4.8968,0.0204,0.0837
13.95,4.7257,0.0196,0.0856
13.96,4.628,0.0189,0.0684
13.97,4.4854,0.018,0.0662
13.98,4.404,0.0172,0.0704
13.99,4.3429,0.0164,0.0745
14,4.123,0.0161,0.0854
14.01,4.0538,0.016,0.1052
14.02,3.9723,0.016,0.1135
14.03,3.9031,0.016,0.1225
14.04,3.8379,0.0163,0.1319
14.05,3.7687,0.0212,0.1423
14.06,3.6995,0.0222,0.1531
14.07,3.6974,0.0233,0.1651
14.08,3.6964,0.0248,0.1758
14.09,3.7102,0.0268,0.1961
14.1,3.7239,0.0275,0.207
14.11,3.7728,0.0294,0.2147
14.12,4.7298,0.0293,0.1074
14.13,4.5995,0.0291,0.0708
14.14,4.6402,0.029,0.0648
14.15,4.7298,0.0286,0.0727
14.16,4.9375,0.0268,0.0807
14.17,5.0108,0.0266,0.0876
14.18,5.1126,0.026,0.1013
14.19,5.1859,0.0254,0.1037
14.2,5.247,0.025,0.1113
14.21,5.2674,0.0245,0.1141
14.22,5.2755,0.0242,0.1156
14.23,5.2633,0.0237,0.1172
14.24,5.2551,0.0231,0.1174
14.25,5.2022,0.0229,0.1181
14.26,5.1655,0.0219,0.1188
14.27,5.1167,0.0215,0.121
14.28,5.0067,0.0209,0.1231
14.29,4.966,0.021,0.1264
14.3,4.8723,0.0208,0.1272
14.31,4.8031,0.0207,0.1296
14.32,4.7787,0.0204,0.1278
14.33,4.6443,0.0188,0.1311
14.34,4.5832,0.0178,0.1404
14.35,4.5465,0.0171,0.1415
14.36,4.4406,0.0152,0.147
14.37,4.3429,0.0144,0.1523
14.38,4.2574,0.014,0.1492
14.39,3.9845,0.0136,0.1501
14.4,3.8501,0.0132,0.1511
14.41,3.7035,0.0126,0.1541
14.42,3.4795,0.0127,0.1596
14.43,3.4062,0.0121,0.1733
14.44,3.3126,0.0121,0.1813
14.45,3.2637,0.0117,0.1908
14.46,3.1782,0.0115,0.1986
14.47,3.1497,0.0111,0.2119
14.48,3.1089,0.0111,0.2184
14.49,3.0967,0.0111,0.2231
14.5,3.0397,0.011,0.2274
14.51,3.0234,0.011,0.2302
14.52,2.9908,0.0109,0.2319
14.53,2.9542,0.0108,0.2347
14.54,2.9297,0.0107,0.2368
14.55,2.9074,0.0107,0.2398
14.56,2.9002,0.0104,0.2476
14.57,2.8987,0.0102,0.2492
14.58,2.8972,0.0098,0.249
14.59,2.8931,0.0098,0.2451
14.6,2.885,0.0095,0.2419
14.61,2.8768,0.0096,0.239
14.62,2.8605,0.0097,0.2407
14.63,2.8076,0.0098,0.2425
14.64,2.7831,0.0099,0.2441
14.65,2.7831,0.01,0.2451
14.66,2.7668,0.01,0.2486
14.67,2.7566,0.01,0.2521
14.68,2.7536,0.0099,0.2531
14.69,2.7684,0.0093,0.2492
14.7,2.7831,0.0092,0.2501
14.71,2.7994,0.0089,0.251
14.72,2.7668,0.0086,0.25
14.73,2.7383,0.0084,0.2482
14.74,2.7221,0.0082,0.2494
14.75,2.665,0.0082,0.2506
14.76,2.608,0.0084,0.2578
14.77,2.5958,0.0086,0.2651
14.78,2.5917,0.0088,0.2629
14.79,2.5714,0.009,0.2655
14.8,2.5734,0.0094,0.2688
14.81,2.5754,0.0098,0.2743
14.82,2.6243,0.0102,0.2776
14.83,2.6569,0.0102,0.2857
14.84,2.7668,0.013,0.2788
14.85,2.832,0.0142,0.2772
14.86,2.885,0.0154,0.2735
14.87,2.946,0.0157,0.2723
14.88,3.056,0.0163,0.2576
14.89,3.0682,0.0169,0.258
14.9,3.0845,0.0171,0.2572
14.91,3.6913,0.0169,0.1782
14.92,3.8216,0.0167,0.1552
14.93,3.7728,0.0165,0.151
14.94,3.7931,0.0161,0.1558
14.95,3.8338,0.0159,0.1606
14.96,3.8949,0.0156,0.1715
14.97,3.8868,0.0152,0.1745
14.98,3.8786,0.0145,0.1764
14.99,3.8461,0.014,0.1876
15,3.838,0.0138,0.1939
15.01,3.8298,0.0138,0.2031
15.02,3.8338,0.0138,0.2094
15.03,3.785,0.0138,0.2139
15.04,3.7524,0.0136,0.2168
15.05,3.6832,0.0134,0.219
15.06,3.5976,0.0178,0.2231
15.07,3.5976,0.0197,0.2282
15.08,3.5528,0.0205,0.2306
15.09,3.5528,0.0209,0.2364
15.1,3.559,0.0208,0.2388
15.11,3.5651,0.0206,0.2498
15.12,3.618,0.0206,0.2633
15.13,4.4814,0.0204,0.0982
15.14,4.4529,0.0205,0.0925
15.15,4.3388,0.0205,0.0959
15.16,4.2207,0.0216,0.0992
15.17,4.1148,0.0223,0.1139
15.18,3.9967,0.0215,0.126
15.19,3.9194,0.0208,0.1398
15.2,3.8501,0.0195,0.1558
15.21,3.8766,0.0171,0.171
15.22,3.9031,0.0155,0.1906
15.23,4.0782,0.0154,0.2021
15.24,4.29,0.0169,0.2002
15.25,4.5262,0.0183,0.1968
15.26,4.6321,0.0212,0.1979
15.27,4.5832,0.0242,0.199
15.28,4.3999,0.0289,0.2057
15.29,4.2126,0.0312,0.2151
15.3,4.0538,0.032,0.2237
15.31,4.0619,0.0367,0.2443
15.32,4.07,0.04,0.2696
15.33,4.3103,0.0454,0.2727
15.34,4.6198,0.0515,0.2547
15.35,4.9049,0.0523,0.2139
15.36,5.0841,0.0467,0.1851
15.37,5.4995,0.041,0.2057
15.38,5.699,0.0364,0.1815
15.39,5.9434,0.0331,0.1354
15.4,6.2977,0.032,0.0686
15.41,6.7823,0.0309,0.0145
15.42,7.2344,0.0307,-0.023
15.43,7.0959,0.032,-0.0426
15.44,4.8357,0.0333,-0.0595
15.45,3.7157,0.0372,-0.0658
15.46,3.2148,0.0356,-0.0709
15.47,2.7791,0.0363,-0.0734
15.48,2.4044,0.0369,-0.0732
15.49,2.1112,0.0393,-0.073
15.5,1.8953,0.0395,-0.0714
15.51,1.6591,0.0388,-0.0695
15.52,1.4351,0.0381,-0.0673
15.53,1.2356,0.0374,-0.0642
15.54,1.2111,0.0365,-0.0601
15.55,1.1867,0.0354,-0.0554
15.56,1.1745,0.0285,-0.0503
15.57,1.1419,0.0285,-0.0399
15.58,1.1134,0.0244,-0.0344
15.59,1.1012,0.0207,-0.0283
15.6,1.1053,0.0246,-0.0222
15.61,1.1073,0.0285,-0.0152
15.62,1.1093,0.037,-0.0075
15.63,1.3456,0.0407,0.0009
15.64,2.0338,0.0378,0.0129
15.65,3.0723,0.0349,0.0696
15.66,4.7542,0.0335,0.119
15.67,6.8516,0.0353,0.1753
15.68,8.3421,0.0372,0.1608
15.69,9.2095,0.0407,0.0152
15.7,9.4254,0.0455,-0.0381
15.71,9.1281,0.0473,-0.0425
15.72,8.7819,0.0518,-0.0435
15.73,8.5416,0.0511,-0.0426
15.74,8.3869,0.0506,-0.0418
15.75,8.1222,0.0501,-0.0373
15.76,8.1364,0.0491,-0.0326
15.77,8.1507,0.0478,-0.0275
15.78,8.2199,0.0488,-0.025
15.79,8.3828,0.0468,-0.0226
15.8,8.4846,0.0456,-0.0169
15.81,8.7371,0.0444,-0.0138
15.82,9.0344,0.0435,-0.0097
15.83,9.3806,0.0408,-0.0071
15.84,9.8123,0.0374,-0.003
15.85,9.9507,0.034,0.0015
15.86,9.9059,0.0326,0.0031
15.87,9.7797,0.0315,0.0054
15.88,9.5313,0.0318,0.0082
15.89,9.348,0.0308,0.0131
15.9,9.2747,0.0315,0.016
15.91,9.4132,0.0312,0.0668
15.92,9.5516,0.0311,0.0964
15.93,9.8285,0.032,0.0968
15.94,10.114,0.0329,0.0972
15.95,10.537,0.0351,0.0986
15.96,10.896,0.0388,0.098
15.97,11.152,0.04,0.0993
15.98,11.396,0.0441,0.1007
15.99,11.433,0.0442,0.1023
16,11.413,0.0443,0.0976
16.01,11.3905,0.0461,0.0962
16.02,11.4282,0.0536,0.0941
16.03,11.466,0.0586,0.0825
16.04,11.462,0.06,0.0621
16.05,10.765,0.0613,0.0496
16.06,11.005,0.0625,0.0472
16.07,10.655,0.0656,0.0447
16.08,10.411,0.0655,0.0441
16.09,10.036,0.0653,0.045
16.1,9.8408,0.0633,0.0907
16.11,9.5456,0.0598,0.1364
16.12,9.2503,0.0582,0.0886
16.13,9.1118,0.0578,0.0809
16.14,8.7453,0.0563,0.079
16.15,8.4439,0.054,0.0788
16.16,8.3136,0.0511,0.0795
16.17,8.2403,0.0488,0.0803
16.18,7.89,0.0429,0.0815
16.19,7.662,0.0408,0.0817
16.2,7.3647,0.038,0.0819
16.21,6.8434,0.0349,0.0863
16.22,6.6764,0.0327,0.0907
16.23,6.6154,0.0266,0.0892
16.24,6.6011,0.0278,0.0929
16.25,6.651,0.0248,0.1002
16.26,6.7009,0.0258,0.1035
16.27,6.8964,0.0225,0.1068
16.28,7.1692,0.0189,0.1088
16.29,7.9348,0.0178,0.1066
16.3,8.2606,0.0181,0.1064
16.31,8.5539,0.0184,0.1017
16.32,8.6312,0.0202,0.1
16.33,8.5905,0.021,0.0984
16.34,8.2484,0.0241,0.0994
16.35,8.004,0.026,0.1027
16.36,7.7597,0.0264,0.106
16.37,7.7068,0.031,0.1037
16.38,7.5765,0.0299,0.1004
16.39,7.4665,0.0317,0.1032
16.4,7.4767,0.0302,0.106
16.41,7.4869,0.0287,0.1088
16.42,7.833,0.0285,0.1078
16.43,8.1955,0.0287,0.1098
16.44,8.8756,0.0289,0.1058
16.45,9.3073,0.0289,0.1068
16.46,9.7308,0.0288,0.1078
16.47,10.521,0.0287,0.1068
16.48,10.741,0.0282,0.1062
16.49,10.851,0.0277,0.1009
16.5,10.977,0.0272,0.1
16.51,11.286,0.0273,0.0994
16.52,11.38,0.0273,0.1019
16.53,11.47,0.0286,0.0982
16.54,11.425,0.0283,0.097
16.55,11.453,0.032,0.092
16.56,10.993,0.0366,0.0917
16.57,10.973,0.0363,0.0927
16.58,10.814,0.0388,0.0937
16.59,10.22,0.0441,0.0954
16.6,9.9263,0.0448,0.0945
16.61,9.4498,0.0509,0.0851
16.62,8.843,0.0542,0.0855
16.63,7.5968,0.0559,0.0858
16.64,7.3077,0.0575,0.0878
16.65,6.6642,0.0627,0.09
16.66,6.2366,0.0647,0.0923
16.67,5.5443,0.0645,0.0939
16.68,5.4262,0.0643,0.1025
16.69,5.3244,0.0602,0.0972
16.7,5.1778,0.0569,0.1013
16.71,4.966,0.0553,0.1096
16.72,4.8072,0.0493,0.1225
16.73,4.5954,0.047,0.1258
16.74,4.0375,0.0438,0.1256
16.75,3.7402,0.0398,0.1372
16.76,3.4632,0.0388,0.1523
16.77,3.2352,0.038,0.1617
16.78,2.7831,0.0354,0.1639
16.79,2.5551,0.0345,0.1696
16.8,2.384,0.0326,0.1845
16.81,2.2171,0.032,0.1931
16.82,2.0216,0.0301,0.2078
16.83,2.0175,0.0255,0.2494
16.84,2.0277,0.0267,0.2688
16.85,2.0379,0.0261,0.2851
16.86,2.0175,0.0255,0.2986
16.87,1.8668,0.0234,0.3094
16.88,1.6836,0.0222,0.3112
16.89,1.5329,0.0209,0.3109
16.9,1.3048,0.0196,0.3163
16.91,1.2315,0.0184,0.3216
16.92,1.0645,0.0159,0.4296
16.93,1.0931,0.0149,0.4504
16.94,1.0401,0.0148,0.4855
16.95,0.979,0.0147,0.5251
16.96,0.9892,0.0149,0.5859
16.97,0.9994,0.015,0.6132
16.98,1.0605,0.0152,0.6253
16.99,1.0808,0.0158,0.6136
17,1.0849,0.0166,0.6119
17.01,1.0686,0.0174,0.6265
17.02,1.0747,0.0183,0.6412
17.03,1.0808,0.0189,0.6489
17.04,1.3781,0.0299,0.652
17.05,1.541,0.0309,0.6336
17.06,1.7528,0.0333,0.614
17.07,1.9971,0.0356,0.573
17.08,2.0745,0.0374,0.2341
17.09,1.932,0.0378,0.1641
17.1,1.4759,0.0373,0.202
17.11,1.4575,0.0369,0.2398
17.12,1.4392,0.0317,0.2539
17.13,1.484,0.0325,0.2555
17.14,1.4311,0.0333,0.2896
17.15,1.4148,0.033,0.3308
17.16,1.3903,0.0327,0.291
17.17,1.2885,0.0329,0.2821
17.18,1.0035,0.0336,0.3245
17.19,0.9709,0.0343,0.3669
17.2,1.2519,0.0362,0.4253
17.21,1.5329,0.0401,0.4851
17.22,1.6754,0.04,0.4665
17.23,1.765,0.0399,0.5183
17.24,1.8953,0.0347,0.4945
17.25,1.9931,0.032,0.3769
17.26,3.3859,0.0279,0.1384
17.27,3.7035,0.0266,-0.0083
17.28,2.9664,0.0399,-0.0264
17.29,1.932,0.0532,-0.0074
17.3,1.6469,0.0557,0.0115
17.31,1.4514,0.0581,0.0511
17.32,1.3333,0.0593,0.0958
17.33,1.2519,0.0512,0.2062
17.34,1.2662,0.0432,0.2519
17.35,1.2804,0.0381,0.1066
17.36,2.6121,0.0285,-0.0342
17.37,3.2148,0.0271,-0.0571
17.38,3.7483,0.0386,-0.0977
17.39,3.4551,0.0414,-0.0969
17.4,3.3737,0.0401,-0.096
17.41,3.0112,0.0387,-0.0938
17.42,2.8361,0.0356,-0.0926
17.43,2.6773,0.0308,-0.0903
17.44,2.4533,0.0274,-0.0893
17.45,1.7324,0.026,-0.0887
17.46,1.5614,0.0258,-0.0867
17.47,1.541,0.023,-0.0846
17.48,1.4799,0.0223,-0.0828
17.49,1.4779,0.0204,-0.082
17.5,1.4759,0.0171,-0.0801
17.51,1.4596,0.0144,-0.0793
17.52,1.3903,0.0138,-0.0777
17.53,1.3557,0.0136,-0.076
17.54,1.3211,0.0137,-0.0744
17.55,1.3048,0.0138,-0.0736
17.56,1.2722,0.0139,-0.072
17.57,1.3333,0.014,-0.0703
17.58,1.1623,0.014,-0.0695
17.59,1.1725,0.0139,-0.0677
17.6,1.1827,0.0138,-0.066
17.61,1.1806,0.0142,-0.0646
17.62,1.1786,0.014,-0.0638
17.63,1.1827,0.0138,-0.0624
17.64,1.1582,0.0136,-0.0609
17.65,1.089,0.0132,-0.0601
17.66,1.0523,0.0131,-0.0581
17.67,1.0442,0.013,-0.0571
17.68,1.032,0.0127,-0.0563
17.69,1.032,0.0127,-0.0544
17.7,1.0198,0.0114,-0.0534
17.71,0.979,0.0114,-0.0522
17.72,0.9729,0.0103,-0.0497
17.73,0.9668,0.01,-0.0485
17.74,0.9627,0.0094,-0.0473
17.75,0.9627,0.0095,-0.0446
17.76,0.9668,0.009,-0.0432
17.77,0.9709,0.009,-0.0416
17.78,0.979,0.009,-0.0385
17.79,0.9872,0.0091,-0.0369
17.8,0.9912,0.0096,-0.0356
17.81,1.0116,0.0099,-0.0318
17.82,1.0198,0.0098,-0.0297
17.83,1.0442,0.0098,-0.0277
17.84,1.0768,0.0098,-0.024
17.85,1.0686,0.0091,-0.022
17.86,1.0727,0.0091,-0.0195
17.87,1.089,0.0088,-0.015
17.88,1.0808,0.0085,-0.0126
17.89,1.089,0.0087,-0.0095
17.9,1.1134,0.0076,-0.0032
17.91,1.1134,0.008,0.0003
17.92,1.1542,0.0083,0.2092
17.93,1.1949,0.0084,0.2566
17.94,1.1297,0.0083,0.2872
17.95,1.0157,0.0086,0.3259
17.96,0.9953,0.0089,0.3776
17.97,0.9261,0.0092,0.438
17.98,0.922,0.0095,0.4643
17.99,0.9159,0.0094,0.5122
18,0.9169,0.0093,0.5434
18.01,0.9179,0.0091,0.5647
18.02,0.9464,0.0089,0.5606
18.03,0.9546,0.0088,0.5033
18.04,0.9485,0.0091,0.5083
18.05,0.9424,0.0094,0.5132
18.06,0.9424,0.0096,0.5132
18.07,0.9383,0.0101,0.518
18.08,0.9363,0.0103,0.5228
18.09,0.9342,0.0109,0.5473
18.1,0.9505,0.0126,0.5851
18.11,1.0442,0.0134,0.3798
18.12,1.1379,0.0136,0.4041
18.13,1.1297,0.0129,0.4284
18.14,1.1256,0.0123,0.4628
18.15,1.0605,0.0103,0.49
18.16,1.0075,0.0101,0.5471
18.17,1.1216,0.0105,0.5767
18.18,1.2356,0.0109,0.5624
18.19,1.2845,0.0113,0.5326
18.2,1.3741,0.0161,0.3135
18.21,1.313,0.0246,0.3678
18.22,1.1623,0.03,0.1741
18.23,1.0035,0.0331,0.171
18.24,0.9831,0.0433,0.2422
18.25,0.9546,0.047,0.3133
18.26,1.2111,0.0477,0.3696
18.27,1.4677,0.0479,0.4932
18.28,2.1234,0.0465,0.2102
18.29,2.4451,0.0451,-0.0571
18.3,2.4411,0.0401,-0.0527
18.31,1.989,0.0342,-0.0483
18.32,0.9994,0.0315,0.0554
18.33,1.0442,0.0299,0.2245
18.34,1.089,0.0269,0.2723
18.35,1.2519,0.0251,0.3004
18.36,1.3903,0.0206,0.2381
18.37,1.4148,0.0165,0.2241
18.38,1.8668,0.0162,0.2327
18.39,2.0053,0.0159,0.2412
18.4,2.0908,0.0157,0.2486
18.41,1.9198,0.0159,0.2409
18.42,1.6591,0.016,0.246
18.43,1.4637,0.0165,0.251
18.44,1.0971,0.0165,0.2759
18.45,1.0198,0.016,0.327
18.46,1.0279,0.0155,0.3855
18.47,1.0157,0.0152,0.4496
18.48,0.9872,0.0151,0.4753
18.49,0.975,0.017,0.5147
18.5,0.9464,0.0172,0.5388
18.51,0.9627,0.0174,0.56
18.52,0.979,0.0177,0.5624
18.53,0.9668,0.0194,0.5649
18.54,1.0198,0.0215,0.589
18.55,1.1827,0.0253,0.6132
18.56,3.1497,0.0264,0.5955
18.57,5.0067,0.0281,0.612
18.58,7.1244,0.0299,0.3498
18.59,8.4154,0.0341,0.1992
18.6,8.8593,0.0356,0.1339
18.61,8.9855,0.0383,0.1278
18.62,8.8715,0.0417,0.1267
18.63,8.7249,0.0476,0.1276
18.64,8.6516,0.046,0.1286
18.65,8.5457,0.0459,0.127
18.66,8.2403,0.0459,0.1262
18.67,7.9511,0.0423,0.1267
18.68,7.6701,0.0413,0.1272
18.69,7.1366,0.0394,0.1274
18.7,6.9045,0.037,0.1282
18.71,6.5339,0.035,0.128
18.72,6.2366,0.034,0.1275
18.73,5.9638,0.0333,0.127
18.74,5.6624,0.0329,0.127
18.75,5.4018,0.0335,0.1233
18.76,5.1004,0.0341,0.1238
18.77,4.4366,0.0345,0.1243
18.78,4.1108,0.035,0.127
18.79,3.8176,0.0358,0.1245
18.8,3.4918,0.0365,0.1221
18.81,3.1945,0.0381,0.1238
18.82,2.8931,0.0403,0.1256
18.83,2.6447,0.0384,0.129
18.84,2.1763,0.0366,0.1335
18.85,1.9646,0.0358,0.1368
18.86,1.8017,0.035,0.1415
18.87,1.7528,0.0352,0.149
18.88,1.8506,0.0343,0.1627
18.89,1.9483,0.034,0.1839
18.9,2.4085,0.0337,0.2055
18.91,3.0397,0.0334,0.1396
18.92,3.9479,0.0338,0.1319
18.93,4.2126,0.0343,0.1131
18.94,4.7298,0.0351,0.1091
18.95,4.9945,0.0372,0.1191
18.96,5.642,0.0403,0.129
18.97,6.0086,0.0446,0.146
18.98,6.4158,0.0457,0.1533
18.99,6.7049,0.049,0.1533
19,7.2914,0.0503,0.1539
19.01,7.5561,0.0517,0.1506
19.02,7.7842,0.052,0.1482
19.03,8.0407,0.0519,0.1476
19.04,8.171,0.0522,0.147
19.05,8.2973,0.0546,0.1464
19.06,8.5416,0.0548,0.1464
19.07,8.6231,0.055,0.1464
19.08,8.6557,0.0549,0.1464
19.09,8.6923,0.0548,0.1486
19.1,8.7208,0.0534,0.1483
19.11,8.7412,0.052,0.148
19.12,8.7046,0.052,0.1488
19.13,8.6679,0.0519,0.1402
19.14,8.5009,0.0507,0.1429
19.15,8.171,0.0496,0.1456
19.16,8.0081,0.0473,0.1447
19.17,7.8738,0.0446,0.1445
19.18,7.5194,0.0437,0.1443
19.19,7.3606,0.0403,0.1443
19.2,7.0552,0.0388,0.1431
19.21,6.8638,0.0355,0.147
19.22,6.8719,0.0337,0.1508
19.23,6.8434,0.0306,0.1486
19.24,6.5706,0.0296,0.1484
19.25,6.5095,0.0273,0.1476
19.26,6.2896,0.0266,0.1439
19.27,6.2285,0.0258,0.1452
19.28,6.0371,0.025,0.1466
19.29,6.0676,0.0239,0.1492
19.3,6.0981,0.0229,0.1496
19.31,6.1592,0.0231,0.1509
19.32,6.538,0.0226,0.1521
19.33,6.6846,0.0245,0.1525
19.34,7.271,0.0265,0.1528
19.35,7.609,0.0279,0.1531
19.36,8.4317,0.0306,0.1526
19.37,8.7493,0.0319,0.1521
19.38,9.3928,0.0349,0.1525
19.39,9.6249,0.0355,0.1509
19.4,9.7064,0.0362,0.1505
19.41,9.5801,0.0366,0.1506
19.42,9.3969,0.0372,0.1506
19.43,9.3154,0.0382,0.1535
19.44,9.3236,0.038,0.1527
19.45,9.3317,0.0383,0.1553
19.46,9.5272,0.0403,0.1517
19.47,9.686,0.0397,0.1529
19.48,9.8693,0.0414,0.1515
19.49,10.211,0.041,0.1509
19.5,10.37,0.042,0.1508
19.51,10.374,0.0426,0.1506
19.52,10.386,0.0447,0.1504
19.53,10.289,0.0468,0.1494
19.54,10.203,0.0461,0.1488
19.55,9.8571,0.0473,0.1472
19.56,9.6168,0.0473,0.1431
19.57,9.0751,0.0466,0.1411
19.58,8.7534,0.0459,0.1419
19.59,8.167,0.0453,0.137
19.6,7.8697,0.0441,0.1368
19.61,7.3077,0.0424,0.1349
19.62,6.9412,0.0399,0.1341
19.63,6.1755,0.0383,0.1352
19.64,5.5932,0.036,0.1364
19.65,5.3529,0.0349,0.1443
19.66,4.909,0.0312,0.1457
19.67,4.6931,0.0267,0.1431
19.68,4.4977,0.0275,0.1434
19.69,4.1596,0.0273,0.1437
19.7,4.0538,0.027,0.1464
19.71,4.0843,0.0234,0.15
19.72,4.1148,0.0223,0.1539
19.73,4.5099,0.0212,0.1555
19.74,5.3895,0.021,0.156
19.75,6.0208,0.0213,0.1582
19.76,7.1529,0.0215,0.1584
19.77,7.5887,0.0237,0.1574
19.78,8.2729,0.0248,0.1568
19.79,8.5905,0.026,0.157
19.8,9.1525,0.0266,0.156
19.81,9.3561,0.0283,0.156
19.82,9.6086,0.0292,0.156
19.83,9.6616,0.0303,0.156
19.84,9.7308,0.0309,0.156
19.85,9.6901,0.0157,0.156
19.86,9.6738,0.0213,0.156
19.87,9.627,0.0237,0.156
19.88,9.6443,0.0235,0.1561
19.89,9.6616,0.0235,0.1562
19.9,9.8041,0.0236,0.1564
19.91,9.9792,0.0237,0.1572
19.92,10.024,0.0239,0.156
19.93,9.9262,0.0248,0.157
19.94,9.9365,0.0263,0.1553
19.95,9.9467,0.0273,0.1553
19.96,10.114,0.0278,0.1545
19.97,10.081,0.031,0.157
19.98,10.02,0.0322,0.1555
19.99,9.9426,0.0343,0.1541
20,9.9242,0.0385,0.1544
20.01,9.9059,0.04,0.1547
20.02,9.8896,0.0392,0.156
20.03,9.8652,0.0383,0.1541
20.04,9.8734,0.038,0.1543
20.05,9.8815,0.039,0.1545
20.06,10.077,0.0401,0.1566
20.07,10.875,0.0484,0.1568
20.08,11.429,0.0541,0.1578
20.09,11.71,0.0573,0.1558
20.1,11.808,0.0707,0.1513
20.11,11.7815,0.0673,0.1546
20.12,11.755,0.0713,0.158
20.13,11.779,0.075,0.1566
20.14,11.775,0.0949,0.1577
20.15,11.826,0.1005,0.1588
20.16,11.877,0.1059,0.1629
20.17,12.056,0.1134,0.1615
20.18,12.085,0.1201,0.1615
20.19,12.089,0.1242,0.1615
20.2,12.036,0.1243,0.1604
20.21,11.462,0.1244,0.1572
20.22,11.327,0.1246,0.1635
20.23,11.274,0.1252,0.1633
20.24,11.132,0.1254,0.1631
20.25,11.071,0.1252,0.1594
20.26,10.912,0.1251,0.1533
20.27,10.826,0.124,0.1425
20.28,10.582,0.1216,0.1473
20.29,10.329,0.1175,0.1521
20.3,10.232,0.1138,0.1508
20.31,10.2235,0.1065,0.1517
20.32,10.2522,0.1044,0.1523
20.33,10.281,0.102,0.156
20.34,10.378,0.1009,0.1558
20.35,10.452,0.0981,0.1594
20.36,10.26,0.0966,0.1637
20.37,10.122,0.0955,0.1623
20.38,9.9181,0.0951,0.1615
20.39,9.7715,0.0953,0.1606
20.4,9.6046,0.0943,0.1602
20.41,9.4865,0.0939,0.1611
20.42,9.3032,0.0934,0.1613
20.43,9.1403,0.0924,0.1615
20.44,9.0344,0.0895,0.1615
20.45,8.9163,0.0884,0.1621
20.46,8.8023,0.0877,0.1627
20.47,8.782,0.0879,0.1625
20.48,8.8308,0.0881,0.1623
20.49,8.8797,0.0878,0.1625
20.5,9.0996,0.0876,0.1617
20.51,9.519,0.086,0.1617
20.52,9.6819,0.0808,0.1608
20.53,9.8326,0.0808,0.1604
20.54,10.334,0.0819,0.1574
20.55,10.749,0.0831,0.1456
20.56,11.144,0.0888,0.1438
20.57,11.421,0.0931,0.1421
20.58,11.103,0.0961,0.1494
20.59,10.431,0.0992,0.1243
20.6,9.0874,0.1033,0.1252
20.61,7.943,0.1068,0.1262
20.62,6.2162,0.1108,0.1281
20.63,5.3977,0.1175,0.13
20.64,4.6768,0.1178,0.128
20.65,4.0293,0.1131,0.1204
20.66,3.4755,0.1083,0.1297
20.67,2.6895,0.1021,0.139
20.68,2.4248,0.0985,0.1537
20.69,2.156,0.0919,0.1604
20.7,1.7121,0.0808,0.1837
20.71,1.4637,0.075,0.2474
20.72,1.2845,0.0688,0.2937
20.73,1.1256,0.0645,0.3478
20.74,1.1358,0.0551,0.5412
20.75,1.146,0.0489,0.57
20.76,1.1704,0.043,0.5916
20.77,1.1867,0.0353,0.5902
20.78,1.1664,0.0237,0.5408
20.79,1.1379,0.0198,0.5466
20.8,1.0605,0.0164,0.5524
20.81,1.0238,0.0157,0.573
20.82,0.9831,0.0156,0.5853
20.83,0.9546,0.0163,0.603
20.84,0.9363,0.0171,0.6306
20.85,0.9271,0.0171,0.6567
20.86,0.9307,0.0173,0.6771
20.87,0.9342,0.0178,0.6671
20.88,0.9505,0.018,0.6483
20.89,1.0259,0.0183,0.5821
20.9,1.1012,0.0182,0.5759
20.91,1.0564,0.0191,0.5928
20.92,1.0584,0.0195,0.6098
20.93,1.0605,0.0197,0.6338
20.94,1.0544,0.0201,0.6253
20.95,1.0738,0.0223,0.6602
20.96,1.0931,0.0232,0.6732
20.97,1.1216,0.0232,0.6551
20.98,1.1501,0.0239,0.6589
20.99,1.1664,0.0258,0.6628
21,1.2152,0.0259,0.6891
21.01,1.2845,0.026,0.6802
21.02,1.3741,0.0262,0.6334
21.03,1.4351,0.0275,0.5981
21.04,1.4474,0.0336,0.5147
21.05,1.2397,0.0397,0.5432
21.06,1.1908,0.0405,0.5718
21.07,1.1704,0.0415,0.651
21.08,1.1684,0.0427,0.7008
21.09,1.1664,0.0428,0.6961
21.1,1.1541,0.0423,0.65
21.11,1.1867,0.0418,0.558
21.12,1.2193,0.0413,0.5359
21.13,1.1827,0.0398,0.5412
21.14,1.1419,0.0367,0.5465
21.15,1.0768,0.0347,0.6122
21.16,1.0564,0.0329,0.6446
21.17,1.0442,0.0311,0.6655
21.18,1.0401,0.0297,0.6869
21.19,1.032,0.0267,0.6924
21.2,1.0116,0.0258,0.6967
21.21,1.0035,0.0252,0.695
21.22,0.9994,0.0231,0.6952
21.23,0.9974,0.0223,0.6959
21.24,0.9953,0.0217,0.6995
21.25,0.9994,0.0208,0.7022
21.26,0.9912,0.0203,0.7095
21.27,0.9912,0.0201,0.7097
21.28,0.9872,0.02,0.7122
21.29,0.979,0.0202,0.713
21.3,0.979,0.0204,0.7123
21.31,0.979,0.0206,0.7157
21.32,0.975,0.0208,0.7191
21.33,0.9668,0.0209,0.7234
21.34,0.9688,0.021,0.7281
21.35,0.9709,0.021,0.7312
21.36,0.975,0.0211,0.7373
21.37,0.979,0.0212,0.7428
21.38,0.9831,0.0211,0.7506
21.39,0.9872,0.0211,0.7542
21.4,0.9872,0.0207,0.7526
21.41,0.9933,0.0204,0.754
21.42,0.9994,0.0202,0.7473
21.43,1.0116,0.0198,0.7438
21.44,1.0198,0.0195,0.742
21.45,1.0238,,0.7381
21.46,1.032,,0.7391
21.47,1.032,,0.7365
21.48,1.032,,0.7348
21.49,1.0116,,0.7308
21.5,0.9994,,0.7146
21.51,0.9872,,0.7189
