Profile_Name,File_Name,VsZ_15m_D0,VsZ_15m_D0_5,VsZ_15m_D1_0,VsZ_15m_D1_5,VsZ_15m_D2_0,VsZ_15m_D2_5,VsZ_15m_D3_0,VsZ_15m_D3_5,VsZ_15m_D4_0,VsZ_15m_D4_5,VsZ_15m_D5_0,VsZ_15m_D5_5,VsZ_15m_D6_0,VsZ_15m_D6_5,VsZ_15m_D7_0,VsZ_15m_D7_5,VsZ_15m_D8_0,VsZ_15m_D8_5,VsZ_15m_D9_0,VsZ_15m_D9_5,VsZ_15m_D10_0,VsZ_15m_D10_5,VsZ_15m_D11_0,VsZ_15m_D11_5,VsZ_15m_D12_0,VsZ_15m_D12_5,VsZ_15m_D13_0
SCPT_205818,SCPT_205818.csv,147.729,173.308,170.133,181.672,199.281,230.096,251.01,194.519,233.669,213.086,294.826,258.368,282.62,291.57,332.916,270.923,281.245,299.872,302.469,305.17,269.145,277.892,338.154,231.634,256.407,318.325,293.773
SCPT_57279,SCPT_57279.csv,115.774,113.641,115.279,116.39,109.079,97.098,113.826,122.594,136.543,139.088,130.504,128.861,155.073,146.858,187.754,188.101,191.373,217.168,237.931,248.339,255.16,243.708,223.564,194.398,202.911,194.557,234.733
SCPT_57280,SCPT_57280.csv,89.171,78.218,76.826,78.535,78.535,91.104,98.892,107.133,102.77,117.198,128.131,133.944,141.508,185.428,202.341,188.976,195.339,221.178,210.377,235.398,194.296,203.497,233.671,230.272,246.067,224.217,214.678
SCPT_57339,SCPT_57339.csv,104.834,113.757,117.174,118.084,116.266,108.316,104.275,105.06,111.592,136.92,137.551,159.431,175.929,131.454,143.399,157.517,170.463,169.733,196.484,192.169,189.882,183.432,175.735,171.229,210.734,244.76,254.144
SCPT_57341,SCPT_57341.csv,139.89,146.405,147.876,153.743,162.092,169.116,170.436,168.837,167.576,175.29,169.082,173.019,175.669,176.595,173.007,183.335,193.489,182.596,182.596,174.184,186.563,177.752,191.624,176.936,185.082,204.228,209.3
SCPT_57342,SCPT_57342.csv,133.353,137.7,139.429,140.092,134.594,140.065,143.585,145.698,157.989,162.817,154.247,169.371,164.295,177.115,159.546,170.57,164.138,200.093,206.336,208.701,147.368,167.248,178.786,215.624,211.128,238.896,232.242
SCPT_57343,SCPT_57343.csv,159.471,170.929,174.823,179.751,185.524,178.512,175.827,176.846,184.751,187.951,179.006,194.126,201.161,203.676,217.609,230.275,228.378,226.022,213.265,231.894,235.736,236.135,259.34,252.251,260.489,243.352,204.891
SCPT_57345,SCPT_57345.csv,125.483,120.37,124.183,120.639,126.216,133.546,138.093,131.158,130.731,126.814,128.72,142.949,135.623,133.836,133.194,126.505,154.727,146.341,147.426,171.297,165.607,160.29,177.433,153.422,150.364,134.295,144.831
SCPT_57346,SCPT_57346.csv,135.509,152.126,157.098,157.098,156.19,159.241,159.241,156.713,163.026,164.858,164.366,151.069,152.407,170.129,172.051,188.587,180.124,187.041,166.087,180.509,183.355,205.547,220.72,221.979,213.217,213.217,206.573
SCPT_57347,SCPT_57347.csv,152.539,162.354,160.257,160.852,150.715,159.996,163.802,173.573,159.401,182.476,205.867,191.017,188.669,190.071,200.319,194.704,209.32,205.915,180.845,200.234,201.359,187.407,168.827,211.396,231.636,225.758,204.025
SCPT_57348,SCPT_57348.csv,159.032,166.983,169.302,163.757,176.594,172.101,174.255,170.751,169.825,183.622,179.775,191.829,195.856,226.878,221.344,240.822,227.837,239.221,243.088,235.306,241.536,255.836,261.517,249.226,262.9,263.809,236.343
SCPT_57349,SCPT_57349.csv,150.075,156.972,155.802,157.234,142.687,153.98,177.938,180.512,194.077,190.37,188.029,197.27,182.323,193.191,211.229,201.004,166.969,177.124,210.805,215.886,190.064,206.72,218.5,252.656,225.322,226.695,228.115
SCPT_57350,SCPT_57350.csv,157.613,166.976,170.064,178.867,177.463,186.338,181.603,182.066,178.941,193.295,188.978,200.798,200.798,189.352,181.377,200.836,232.152,238.522,208.789,227.757,264.911,255.667,246.67,253.928,261.403,257.306,236.425
SCPT_57351,SCPT_57351.csv,113.679,117.46,121.173,115.928,121.831,124.879,135.175,130.69,132.68,124.822,135.695,142.948,133.361,126.58,123.248,116.585,143.839,133.463,120.552,162.395,189.636,178.811,159.888,161.992,148.757,148.757,174.458
SCPT_57353,SCPT_57353.csv,131.816,141.64,147.103,159.603,155.268,157.778,150.462,158.82,154.662,162.401,156.259,171.715,169.227,169.419,164.508,179.294,187.337,193.65,172.83,167.462,167.056,187.277,176.692,184.224,224.83,216.217,204.233
SCPT_57354,SCPT_57354.csv,142.278,147.031,151.797,156.276,162.377,166.636,163.252,164.031,170.796,174.364,178.621,185.257,187.037,191.364,192.331,183.591,192.855,190.94,212.697,203.161,238.637,226.824,263.495,249.494,264.953,255.828,277.08
SCPT_57355,SCPT_57355.csv,127.086,134.387,137.888,142.112,141.283,136.911,121.368,143.004,156.019,148.692,140.734,136.536,150.721,156.752,153.761,162.072,195.161,190.901,204.646,173.804,183.89,176.923,166.17,164.422,201.641,173.476,172.52
SCPT_57356,SCPT_57356.csv,135.76,131.786,128.264,138.88,130.322,157.883,158.661,166.187,162.861,158.472,162.997,169.676,164.291,184.636,173.78,187.073,183.694,181.054,159.712,175.464,185.675,209.833,207.076,216.856,179.335,177.493,175.104
SCPT_57357,SCPT_57357.csv,130.938,140.814,141.759,143.219,150.434,148.891,147.295,156.711,153.053,152.777,149.387,166.936,175.519,175.811,165.801,172.763,166.914,166.128,222.008,215.765,208.33,193.916,185.334,197.829,236.476,242.848,234.362
SCPT_57358,SCPT_57358.csv,132.74,143.339,142.0,143.901,143.123,134.383,146.817,146.817,156.518,139.279,150.496,151.084,158.908,149.229,147.783,171.914,200.532,184.054,182.652,192.06,191.316,169.648,187.415,196.828,211.668,205.371,178.033
SCPT_57359,SCPT_57359.csv,116.101,124.036,124.412,125.955,138.303,145.994,143.641,150.237,152.174,139.557,143.639,146.253,148.426,155.039,151.004,144.26,143.91,155.999,143.725,132.15,144.738,167.927,198.075,192.999,219.026,191.228,177.033
SCPT_57360,SCPT_57360.csv,136.761,139.333,146.192,156.674,155.092,165.728,167.934,170.4,161.295,166.342,163.208,163.702,149.969,156.697,165.902,169.729,173.341,175.042,174.685,175.432,171.504,187.649,183.518,202.208,193.476,203.456,177.049
SCPT_57362,SCPT_57362.csv,118.954,121.958,125.807,128.306,134.954,141.416,146.4,143.248,138.674,136.487,143.422,167.079,159.916,169.068,195.347,194.034,196.248,185.472,161.193,179.805,173.75,178.512,199.318,173.498,184.076,165.751,168.625
SCPT_57364,SCPT_57364.csv,124.212,130.253,134.412,123.531,122.018,128.062,142.216,139.438,146.807,143.987,144.556,156.442,157.837,162.175,168.036,155.31,168.826,179.372,155.462,160.581,180.271,185.005,213.394,206.209,229.182,163.949,155.482
SCPT_57365,SCPT_57365.csv,136.78,144.116,149.878,150.321,141.623,159.888,191.262,197.87,178.429,179.899,190.698,197.799,212.809,221.436,204.797,207.157,190.604,200.665,166.467,174.301,187.724,181.214,214.231,211.741,195.124,185.906,204.049
SCPT_57366,SCPT_57366.csv,150.344,167.882,166.917,147.857,174.473,185.209,186.661,199.239,195.418,191.452,169.206,180.134,170.024,190.236,185.364,186.675,204.67,187.941,201.758,211.929,238.712,215.096,203.009,180.474,186.877,220.464,229.983
SCPT_61758,SCPT_61758.csv,141.996,142.243,141.56,144.38,153.35,159.705,157.072,161.228,145.577,168.962,155.736,173.734,184.214,169.545,163.709,172.585,158.349,171.18,187.99,186.051,164.605,170.011,183.851,230.846,260.209,311.109,313.942
SDMT_122142,SDMT_122142.csv,127.985,148.971,147.235,146.819,149.834,146.93,149.656,142.525,139.382,149.541,141.238,158.195,152.804,155.479,158.242,146.043,148.738,149.44,152.36,158.351,165.212,153.196,169.048,159.601,159.601,195.424,168.081
