Profile_Name,File_Name,VsZ_15m_D0,VsZ_15m_D1,VsZ_15m_D2,VsZ_15m_D3,VsZ_15m_D4,VsZ_15m_D5,VsZ_15m_D6,VsZ_15m_D7,VsZ_15m_D8,VsZ_15m_D9,VsZ_15m_D10,VsZ_15m_D11,VsZ_15m_D12
SCPT_136515,SCPT_136515.csv,206.695,218.401,210.418,212.245,224.887,204.566,232.821,262.744,265.812,238.063,229.372,160.246,162.482
SCPT_148992,SCPT_148992.csv,170.634,163.539,118.075,172.854,175.197,153.408,126.805,153.657,162.213,135.797,156.642,199.536,190.243
SCPT_148995,SCPT_148995.csv,161.51,162.963,124.017,124.017,158.047,140.857,127.557,143.49,174.492,143.756,142.426,142.969,203.014
SCPT_148998,SCPT_148998.csv,161.598,135.166,135.166,166.911,167.977,159.946,111.43,150.278,140.946,122.172,128.79,190.329,198.439
SCPT_148999,SCPT_148999.csv,195.851,182.199,180.02,174.62,175.299,165.523,169.658,178.336,179.726,180.598,200.687,203.596,183.063
SCPT_165738,SCPT_165738.csv,149.13,148.602,148.111,155.639,155.2,167.05,147.641,165.59,192.795,163.432,172.891,134.933,149.663
SCPT_165739,SCPT_165739.csv,176.529,166.875,169.223,173.66,175.722,167.34,170.761,140.88,148.415,167.931,188.118,184.8,154.39
SCPT_217000,SCPT_217000.csv,181.051,173.813,189.98,202.563,201.278,194.105,205.506,228.825,240.771,243.635,284.965,278.402,267.399
SDMT_178944,SDMT_178944.csv,112.942,94.468,95.175,125.1,118.023,169.728,161.602,143.288,154.713,165.75,163.677,139.376,127.827
SDMT_178947,SDMT_178947.csv,115.216,110.467,83.58,95.206,95.762,93.767,126.022,143.449,127.819,137.772,120.544,105.966,105.966
