Lag (m),Fitted_Semivariance
0.0,0.0
0.02,0.0019433373422605748
0.04,0.002141932663736499
0.06,0.002340527985212425
0.08,0.002539123306688351
0.1,0.002737718628164276
0.12,0.002936313949640201
0.14,0.0031349092711161265
0.16,0.003333504592592052
0.18,0.003532099914067977
0.2,0.0037306952355439025
0.22,0.003929290557019828
0.24,0.004127885878495753
0.26,0.004326481199971679
0.28,0.004525076521447605
0.3,0.00472367184292353
0.32,0.004922267164399455
0.34,0.00512086248587538
0.36,0.005319457807351305
0.38,0.005518053128827231
0.4,0.005716648450303157
0.42,0.005915243771779081
0.44,0.006113839093255007
0.46,0.006312434414730932
0.48,0.006511029736206857
0.5,0.006709625057682783
0.52,0.006908220379158709
0.54,0.007106815700634634
0.56,0.00730541102211056
0.58,0.0075040063435864845
0.6,0.0077026016650624095
0.62,0.007901196986538336
0.64,0.008099792308014261
0.66,0.008298387629490186
0.68,0.008496982950966112
0.7000000000000001,0.008695578272442038
0.72,0.008894173593917962
0.74,0.009092768915393887
0.76,0.009291364236869814
0.78,0.009489959558345739
0.8,0.009688554879821665
0.8200000000000001,0.00988715020129759
0.84,0.010085745522773516
0.86,0.01028434084424944
0.88,0.010482936165725366
0.9,0.01068153148720129
0.92,0.010880126808677216
0.9400000000000001,0.011078722130153143
0.96,0.011277317451629066
0.98,0.011475912773104991
1.0,0.011674508094580918
1.02,0.011821461543443778
1.04,0.01196841499230664
1.06,0.0121153684411695
1.08,0.01226232189003236
1.1,0.012409275338895222
1.12,0.012556228787758082
1.1400000000000001,0.012703182236620942
1.16,0.012850135685483802
1.18,0.012997089134346662
1.2,0.013144042583209522
1.22,0.013290996032072382
1.24,0.013437949480935244
1.26,0.013584902929798104
1.28,0.013731856378660964
1.3,0.013878809827523826
1.32,0.014025763276386686
1.34,0.014172716725249546
1.36,0.014319670174112408
1.3800000000000001,0.014466623622975268
1.4000000000000001,0.014613577071838128
1.42,0.014760530520700988
1.44,0.014907483969563848
1.46,0.015054437418426709
1.48,0.01520139086728957
1.5,0.01534834431615243
1.52,0.015457084622682296
1.54,0.015565824929212163
1.56,0.015674565235742028
1.58,0.015783305542271895
1.6,0.01589204584880176
1.62,0.016000786155331626
1.6400000000000001,0.01610952646186149
1.6600000000000001,0.016218266768391356
1.68,0.01632700707492122
1.7,0.016435747381451087
1.72,0.016544487687980954
1.74,0.016653227994510817
1.76,0.016761968301040684
1.78,0.016870708607570548
1.8,0.016979448914100415
1.82,0.01708818922063028
1.84,0.017196929527160145
1.86,0.017305669833690012
1.8800000000000001,0.01741441014021988
1.9000000000000001,0.017523150446749743
1.92,0.01763189075327961
1.94,0.017740631059809473
1.96,0.01784937136633934
1.98,0.017958111672869204
2.0,0.01806685197939907
2.02,0.018147315924653216
2.04,0.01822777986990736
2.06,0.01830824381516151
2.08,0.018388707760415655
2.1,0.0184691717056698
2.12,0.018549635650923945
2.14,0.018630099596178094
2.16,0.01871056354143224
2.18,0.018791027486686384
2.2,0.01887149143194053
2.22,0.018951955377194674
2.24,0.019032419322448823
2.2600000000000002,0.019112883267702968
2.2800000000000002,0.019193347212957113
2.3000000000000003,0.01927381115821126
2.32,0.019354275103465404
2.34,0.01943473904871955
2.36,0.019515202993973694
2.38,0.019595666939227843
2.4,0.019676130884481988
2.42,0.019756594829736133
2.44,0.019837058774990278
2.46,0.019917522720244427
2.48,0.019997986665498572
2.5,0.020078450610752717
2.52,0.020137991058011655
2.54,0.020197531505270594
2.56,0.02025707195252953
2.58,0.020316612399788467
2.6,0.020376152847047406
2.62,0.020435693294306344
2.64,0.020495233741565283
2.66,0.02055477418882422
2.68,0.020614314636083157
2.7,0.020673855083342095
2.72,0.020733395530601034
2.74,0.020792935977859972
2.7600000000000002,0.02085247642511891
2.7800000000000002,0.020912016872377846
2.8000000000000003,0.020971557319636784
2.82,0.021031097766895723
2.84,0.02109063821415466
2.86,0.021150178661413596
2.88,0.021209719108672535
2.9,0.021269259555931473
2.92,0.02132880000319041
2.94,0.02138834045044935
2.96,0.021447880897708285
2.98,0.021507421344967224
3.0,0.021566961792226162
3.02,0.021611019597850747
3.04,0.02165507740347533
3.06,0.021699135209099916
3.08,0.0217431930147245
3.1,0.021787250820349085
3.12,0.02183130862597367
3.14,0.021875366431598254
3.16,0.021919424237222835
3.18,0.02196348204284742
3.2,0.022007539848472004
3.22,0.02205159765409659
3.24,0.022095655459721173
3.2600000000000002,0.022139713265345758
3.2800000000000002,0.022183771070970342
3.3000000000000003,0.022227828876594927
3.3200000000000003,0.02227188668221951
3.34,0.022315944487844096
3.36,0.022360002293468677
3.38,0.02240406009909326
3.4,0.022448117904717846
3.42,0.02249217571034243
3.44,0.022536233515967015
3.46,0.0225802913215916
3.48,0.022624349127216184
3.5,0.02266840693284077
3.52,0.022701008136322025
3.54,0.02273360933980328
3.56,0.022766210543284537
3.58,0.022798811746765794
3.6,0.02283141295024705
3.62,0.022864014153728306
3.64,0.022896615357209563
3.66,0.02292921656069082
3.68,0.022961817764172075
3.7,0.02299441896765333
3.72,0.02302702017113459
3.74,0.023059621374615848
3.7600000000000002,0.023092222578097104
3.7800000000000002,0.02312482378157836
3.8000000000000003,0.023157424985059617
3.8200000000000003,0.023190026188540873
3.84,0.02322262739202213
3.86,0.023255228595503386
3.88,0.023287829798984642
3.9,0.023320431002465898
3.92,0.023353032205947154
3.94,0.02338563340942841
3.96,0.023418234612909667
3.98,0.023450835816390923
4.0,0.02348343701987218
4.0200000000000005,0.023507560746720557
4.04,0.02353168447356893
4.0600000000000005,0.023555808200417305
4.08,0.023579931927265683
4.1,0.023604055654114057
4.12,0.023628179380962434
4.14,0.02365230310781081
4.16,0.023676426834659186
4.18,0.02370055056150756
4.2,0.023724674288355934
4.22,0.02374879801520431
4.24,0.023772921742052686
4.26,0.023797045468901063
4.28,0.023821169195749437
4.3,0.023845292922597815
4.32,0.02386941664944619
4.34,0.023893540376294563
4.36,0.02391766410314294
4.38,0.023941787829991314
4.4,0.023965911556839692
4.42,0.023990035283688066
4.44,0.024014159010536443
4.46,0.024038282737384817
4.48,0.024062406464233195
4.5,0.02408653019108157
4.5200000000000005,0.02410438088783237
4.54,0.024122231584583168
4.5600000000000005,0.02414008228133397
4.58,0.02415793297808477
4.6000000000000005,0.02417578367483557
4.62,0.024193634371586368
4.64,0.024211485068337167
4.66,0.024229335765087966
4.68,0.024247186461838766
4.7,0.02426503715858957
4.72,0.024282887855340368
4.74,0.024300738552091167
4.76,0.024318589248841966
4.78,0.024336439945592765
4.8,0.024354290642343564
4.82,0.024372141339094367
4.84,0.024389992035845166
4.86,0.024407842732595966
4.88,0.024425693429346765
4.9,0.024443544126097564
4.92,0.024461394822848363
4.94,0.024479245519599166
4.96,0.024497096216349965
4.98,0.024514946913100764
5.0,0.024532797609851564
5.0200000000000005,0.024546006488251317
5.04,0.024559215366651066
5.0600000000000005,0.02457242424505082
5.08,0.024585633123450572
5.1000000000000005,0.02459884200185032
5.12,0.024612050880250074
5.14,0.024625259758649827
5.16,0.024638468637049576
5.18,0.02465167751544933
5.2,0.024664886393849082
5.22,0.02467809527224883
5.24,0.024691304150648585
5.26,0.024704513029048338
5.28,0.02471772190744809
5.3,0.02473093078584784
5.32,0.024744139664247593
5.34,0.024757348542647346
5.36,0.024770557421047095
5.38,0.024783766299446848
5.4,0.0247969751778466
5.42,0.02481018405624635
5.44,0.024823392934646103
5.46,0.024836601813045856
5.48,0.024849810691445606
5.5,0.02486301956984536
5.5200000000000005,0.024872793668358997
5.54,0.02488256776687264
5.5600000000000005,0.02489234186538628
5.58,0.024902115963899917
5.6000000000000005,0.024911890062413556
5.62,0.0249216641609272
5.64,0.024931438259440837
5.66,0.024941212357954476
5.68,0.024950986456468115
5.7,0.024960760554981757
5.72,0.024970534653495396
5.74,0.024980308752009035
5.76,0.024990082850522677
5.78,0.024999856949036316
5.8,0.025009631047549954
5.82,0.025019405146063597
5.84,0.025029179244577236
5.86,0.025038953343090874
5.88,0.025048727441604513
5.9,0.025058501540118155
5.92,0.025068275638631794
5.94,0.025078049737145433
5.96,0.025087823835659072
5.98,0.025097597934172714
6.0,0.025107372032686353
6.0200000000000005,0.025114604516691667
6.04,0.025121837000696978
6.0600000000000005,0.025129069484702293
6.08,0.025136301968707607
6.1000000000000005,0.02514353445271292
6.12,0.025150766936718232
6.140000000000001,0.025157999420723547
6.16,0.02516523190472886
6.18,0.025172464388734172
6.2,0.025179696872739486
6.22,0.0251869293567448
6.24,0.025194161840750115
6.26,0.025201394324755426
6.28,0.02520862680876074
6.3,0.025215859292766055
6.32,0.02522309177677137
6.34,0.02523032426077668
6.36,0.025237556744781994
6.38,0.02524478922878731
6.4,0.02525202171279262
6.42,0.025259254196797934
6.44,0.02526648668080325
6.46,0.025273719164808563
6.48,0.025280951648813874
6.5,0.025288184132819188
6.5200000000000005,0.02529353591281344
6.54,0.025298887692807685
6.5600000000000005,0.025304239472801936
6.58,0.025309591252796183
6.6000000000000005,0.025314943032790433
6.62,0.02532029481278468
6.640000000000001,0.02532564659277893
6.66,0.025330998372773177
6.68,0.025336350152767428
6.7,0.025341701932761678
6.72,0.025347053712755925
6.74,0.025352405492750175
6.76,0.025357757272744422
6.78,0.025363109052738673
6.8,0.02536846083273292
6.82,0.02537381261272717
6.84,0.02537916439272142
6.86,0.025384516172715667
6.88,0.025389867952709918
6.9,0.025395219732704165
6.92,0.025400571512698415
6.94,0.025405923292692662
6.96,0.025411275072686913
6.98,0.02541662685268116
7.0,0.02542197863267541
7.0200000000000005,0.025425938758834806
7.04,0.0254298988849942
7.0600000000000005,0.02543385901115359
7.08,0.025437819137312988
7.1000000000000005,0.02544177926347238
7.12,0.025445739389631777
7.140000000000001,0.02544969951579117
7.16,0.025453659641950566
7.18,0.02545761976810996
7.2,0.025461579894269355
7.22,0.025465540020428747
7.24,0.025469500146588143
7.26,0.025473460272747536
7.28,0.025477420398906932
7.3,0.025481380525066325
7.32,0.02548534065122572
7.34,0.025489300777385114
7.36,0.02549326090354451
7.38,0.025497221029703903
7.4,0.0255011811558633
7.42,0.025505141282022692
7.44,0.025509101408182088
7.46,0.02551306153434148
7.48,0.025517021660500877
7.5,0.02552098178666027
7.5200000000000005,0.025523912138658143
7.54,0.025526842490656013
7.5600000000000005,0.025529772842653887
7.58,0.025532703194651757
7.6000000000000005,0.02553563354664963
7.62,0.025538563898647504
7.640000000000001,0.025541494250645374
7.66,0.025544424602643247
7.68,0.025547354954641117
7.7,0.02555028530663899
7.72,0.025553215658636864
7.74,0.025556146010634734
7.76,0.025559076362632608
7.78,0.025562006714630478
7.8,0.02556493706662835
7.82,0.025567867418626225
7.84,0.025570797770624095
7.86,0.02557372812262197
7.88,0.02557665847461984
7.9,0.025579588826617712
7.92,0.025582519178615586
7.94,0.025585449530613456
7.96,0.02558837988261133
7.98,0.0255913102346092
8.0,0.025594240586607073
8.02,0.025596408942484085
8.040000000000001,0.025598577298361097
8.06,0.02560074565423811
8.08,0.02560291401011512
8.1,0.025605082365992134
8.120000000000001,0.025607250721869146
8.14,0.025609419077746158
8.16,0.02561158743362317
8.18,0.025613755789500182
8.2,0.025615924145377195
8.22,0.025618092501254207
8.24,0.02562026085713122
8.26,0.025622429213008235
8.28,0.025624597568885247
8.3,0.02562676592476226
8.32,0.02562893428063927
8.34,0.025631102636516283
8.36,0.025633270992393296
8.38,0.025635439348270308
8.4,0.02563760770414732
8.42,0.025639776060024332
8.44,0.025641944415901344
8.46,0.025644112771778357
8.48,0.02564628112765537
8.5,0.02564844948353238
8.52,0.02565005398948006
8.540000000000001,0.025651658495427734
8.56,0.025653263001375413
8.58,0.02565486750732309
8.6,0.025656472013270766
8.620000000000001,0.025658076519218444
8.64,0.025659681025166123
8.66,0.025661285531113798
8.68,0.025662890037061476
8.700000000000001,0.025664494543009155
8.72,0.02566609904895683
8.74,0.025667703554904508
8.76,0.025669308060852186
8.78,0.025670912566799865
8.8,0.02567251707274754
8.82,0.025674121578695218
8.84,0.025675726084642896
8.86,0.02567733059059057
8.88,0.02567893509653825
8.9,0.025680539602485928
8.92,0.025682144108433603
8.94,0.02568374861438128
8.96,0.02568535312032896
8.98,0.025686957626276635
9.0,0.025688562132224313
9.02,0.02569016663817199
9.040000000000001,0.025691771144119666
9.06,0.025693375650067345
9.08,0.025694980156015023
