Depth,Qc,Fs,u
0.01,-8888,-8.888,-8.888
0.02,-8888,-8.888,-8.888
0.03,-8888,-8.888,-8.888
0.04,-8888,-8.888,-8.888
0.05,-8888,-8.888,-8.888
0.06,-8888,-8.888,-8.888
0.07,-8888,-8.888,-8.888
0.08,-8888,-8.888,-8.888
0.09,-8888,-8.888,-8.888
0.1,-8888,-8.888,-8.888
0.11,-8888,-8.888,-8.888
0.12,-8888,-8.888,-8.888
0.13,-8888,-8.888,-8.888
0.14,-8888,-8.888,-8.888
0.15,-8888,-8.888,-8.888
0.16,-8888,-8.888,-8.888
0.17,-8888,-8.888,-8.888
0.18,-8888,-8.888,-8.888
0.19,-8888,-8.888,-8.888
0.2,-8888,-8.888,-8.888
0.21,-8888,-8.888,-8.888
0.22,-8888,-8.888,-8.888
0.23,-8888,-8.888,-8.888
0.24,-8888,-8.888,-8.888
0.25,-8888,-8.888,-8.888
0.26,-8888,-8.888,-8.888
0.27,-8888,-8.888,-8.888
0.28,-8888,-8.888,-8.888
0.29,-8888,-8.888,-8.888
0.3,-8888,-8.888,-8.888
0.31,-8888,-8.888,-8.888
0.32,-8888,-8.888,-8.888
0.33,-8888,-8.888,-8.888
0.34,-8888,-8.888,-8.888
0.35,-8888,-8.888,-8.888
0.36,-8888,-8.888,-8.888
0.37,-8888,-8.888,-8.888
0.38,-8888,-8.888,-8.888
0.39,-8888,-8.888,-8.888
0.4,-8888,-8.888,-8.888
0.41,-8888,-8.888,-8.888
0.42,-8888,-8.888,-8.888
0.43,-8888,-8.888,-8.888
0.44,-8888,-8.888,-8.888
0.45,-8888,-8.888,-8.888
0.46,-8888,-8.888,-8.888
0.47,-8888,-8.888,-8.888
0.48,-8888,-8.888,-8.888
0.49,-8888,-8.888,-8.888
0.5,-8888,-8.888,-8.888
0.51,-8888,-8.888,-8.888
0.52,-8888,-8.888,-8.888
0.53,-8888,-8.888,-8.888
0.54,-8888,-8.888,-8.888
0.55,-8888,-8.888,-8.888
0.56,-8888,-8.888,-8.888
0.57,-8888,-8.888,-8.888
0.58,-8888,-8.888,-8.888
0.59,-8888,-8.888,-8.888
0.6,-8888,-8.888,-8.888
0.61,-8888,-8.888,-8.888
0.62,-8888,-8.888,-8.888
0.63,-8888,-8.888,-8.888
0.64,-8888,-8.888,-8.888
0.65,-8888,-8.888,-8.888
0.66,-8888,-8.888,-8.888
0.67,-8888,-8.888,-8.888
0.68,-8888,-8.888,-8.888
0.69,-8888,-8.888,-8.888
0.7,-8888,-8.888,-8.888
0.71,-8888,-8.888,-8.888
0.72,-8888,-8.888,-8.888
0.73,-8888,-8.888,-8.888
0.74,-8888,-8.888,-8.888
0.75,-8888,-8.888,-8.888
0.76,-8888,-8.888,-8.888
0.77,-8888,-8.888,-8.888
0.78,-8888,-8.888,-8.888
0.79,-8888,-8.888,-8.888
0.8,-8888,-8.888,-8.888
0.81,-8888,-8.888,-8.888
0.82,-8888,-8.888,-8.888
0.83,-8888,-8.888,-8.888
0.84,-8888,-8.888,-8.888
0.85,-8888,-8.888,-8.888
0.86,-8888,-8.888,-8.888
0.87,-8888,-8.888,-8.888
0.88,-8888,-8.888,-8.888
0.89,-8888,-8.888,-8.888
0.9,-8888,-8.888,-8.888
0.91,-8888,-8.888,-8.888
0.92,-8888,-8.888,-8.888
0.93,-8888,-8.888,-8.888
0.94,-8888,-8.888,-8.888
0.95,-8888,-8.888,-8.888
0.96,-8888,-8.888,-8.888
0.97,-8888,-8.888,-8.888
0.98,-8888,-8.888,-8.888
0.99,-8888,-8.888,-8.888
1,-8888,-8.888,-8.888
1.01,-8888,-8.888,-8.888
1.02,-8888,-8.888,-8.888
1.03,-8888,-8.888,-8.888
1.04,-8888,-8.888,-8.888
1.05,-8888,-8.888,-8.888
1.06,-8888,-8.888,-8.888
1.07,-8888,-8.888,-8.888
1.08,-8888,-8.888,-8.888
1.09,-8888,-8.888,-8.888
1.1,-8888,-8.888,-8.888
1.11,-8888,-8.888,-8.888
1.12,-8888,-8.888,-8.888
1.13,-8888,-8.888,-8.888
1.14,-8888,-8.888,-8.888
1.15,-8888,-8.888,-8.888
1.16,-8888,-8.888,-8.888
1.17,-8888,-8.888,-8.888
1.18,-8888,-8.888,-8.888
1.19,-8888,-8.888,-8.888
1.2,-8888,-8.888,-8.888
1.21,-8888,-8.888,-8.888
1.22,-8888,-8.888,-8.888
1.23,-8888,-8.888,-8.888
1.24,-8888,-8.888,-8.888
1.25,-8888,-8.888,-8.888
1.26,-8888,-8.888,-8.888
1.27,-8888,-8.888,-8.888
1.28,-8888,-8.888,-8.888
1.29,-8888,-8.888,-8.888
1.3,-8888,-8.888,-8.888
1.31,-8888,-8.888,-8.888
1.32,-8888,-8.888,-8.888
1.33,-8888,-8.888,-8.888
1.34,-8888,-8.888,-8.888
1.35,-8888,-8.888,-8.888
1.36,-8888,-8.888,-8.888
1.37,-8888,-8.888,-8.888
1.38,-8888,-8.888,-8.888
1.39,-8888,-8.888,-8.888
1.4,-8888,-8.888,-8.888
1.41,-8888,-8.888,-8.888
1.42,-8888,-8.888,-8.888
1.43,-8888,-8.888,-8.888
1.44,-8888,-8.888,-8.888
1.45,-8888,-8.888,-8.888
1.46,-8888,-8.888,-8.888
1.47,-8888,-8.888,-8.888
1.48,-8888,-8.888,-8.888
1.49,-8888,-8.888,-8.888
1.5,-8888,-8.888,-8.888
1.51,0.086,0.003,0.021
1.52,0.102,0.001,0.021
1.53,0.094,0.002,0.021
1.54,0.119,0.002,0.021
1.55,0.143,0.003,0.021
1.56,0.151,0.003,0.021
1.57,0.175,0.003,0.024
1.58,0.208,0.003,0.026
1.59,0.216,0.004,0.027
1.6,0.257,0.003,0.028
1.61,0.248,0.005,0.029
1.62,0.257,0.003,0.03
1.63,0.265,0.005,0.038
1.64,0.273,0.005,0.042
1.65,0.289,0.006,0.046
1.66,0.297,0.006,0.045
1.67,0.313,0.006,0.048
1.68,0.33,0.006,0.045
1.69,0.346,0.006,0.047
1.7,0.37,0.008,0.052
1.71,0.37,0.008,0.053
1.72,0.403,0.007,0.055
1.73,0.419,0.009,0.057
1.74,0.427,0.008,0.059
1.75,0.459,0.009,0.057
1.76,0.484,0.01,0.057
1.77,0.484,0.01,0.056
1.78,0.484,0.011,0.057
1.79,0.5,0.011,0.056
1.8,0.516,0.012,0.056
1.81,0.541,0.013,0.058
1.82,0.549,0.013,0.06
1.83,0.549,0.015,0.059
1.84,0.565,0.016,0.06
1.85,0.565,0.014,0.058
1.86,0.573,0.015,0.059
1.87,0.581,0.016,0.062
1.88,0.581,0.016,0.07
1.89,0.597,0.016,0.071
1.9,0.606,0.016,0.074
1.91,0.597,0.017,0.08
1.92,0.614,0.017,0.084
1.93,0.622,0.016,0.085
1.94,0.622,0.015,0.079
1.95,0.646,0.016,0.08
1.96,0.654,0.016,0.079
1.97,0.646,0.014,0.084
1.98,0.654,0.015,0.086
1.99,0.662,0.015,0.089
2,0.671,0.015,0.089
2.01,0.662,0.015,0.085
2.02,0.662,0.015,0.1
2.03,0.662,0.014,0.115
2.04,0.679,0.015,0.12
2.05,0.671,0.015,0.125
2.06,0.662,0.014,0.121
2.07,0.671,0.015,0.112
2.08,0.662,0.015,0.098
2.09,0.67,0.015,0.099
2.1,0.679,0.016,0.1
2.11,0.679,0.017,0.103
2.12,0.703,0.017,0.106
2.13,0.719,0.017,0.107
2.14,0.727,0.019,0.081
2.15,0.736,0.018,0.078
2.16,0.736,0.019,0.079
2.17,0.76,0.019,0.078
2.18,0.768,0.02,0.07
2.19,0.76,0.021,0.057
2.2,0.736,0.02,0.056
2.21,0.711,0.02,0.062
2.22,0.719,0.02,0.062
2.23,0.727,0.02,0.064
2.24,0.727,0.02,0.062
2.25,0.711,0.02,0.055
2.26,0.687,0.022,0.062
2.27,0.662,0.022,0.066
2.28,0.646,0.02,0.065
2.29,0.638,0.02,0.064
2.3,0.63,0.02,0.064
2.31,0.63,0.02,0.059
2.32,0.622,0.02,0.057
2.33,0.606,0.019,0.056
2.34,0.581,0.018,0.058
2.35,0.581,0.019,0.059
2.36,0.557,0.018,0.059
2.37,0.524,0.017,0.063
2.38,0.516,0.018,0.064
2.39,0.516,0.016,0.065
2.4,0.516,0.015,0.066
2.41,0.508,0.016,0.067
2.42,0.5,0.015,0.069
2.43,0.484,0.014,0.071
2.44,0.476,0.013,0.073
2.45,0.476,0.012,0.074
2.46,0.484,0.011,0.075
2.47,0.451,0.012,0.08
2.48,0.411,0.01,0.08
2.49,0.403,0.01,0.079
2.5,0.395,0.01,0.08
2.51,0.386,0.011,0.081
2.52,0.386,0.01,0.082
2.53,0.378,0.01,0.083
2.54,0.378,0.008,0.085
2.55,0.37,0.008,0.085
2.56,0.362,0.007,0.087
2.57,0.362,0.007,0.088
2.58,0.362,0.007,0.088
2.59,0.37,0.007,0.089
2.6,0.362,0.006,0.09
2.61,0.354,0.006,0.09
2.62,0.354,0.006,0.092
2.63,0.346,0.007,0.093
2.64,0.338,0.006,0.094
2.65,0.338,0.006,0.094
2.66,0.338,0.006,0.096
2.67,0.338,0.007,0.097
2.68,0.338,0.006,0.097
2.69,0.338,0.006,0.098
2.7,0.346,0.006,0.098
2.71,0.346,0.007,0.099
2.72,0.346,0.006,0.099
2.73,0.346,0.006,0.101
2.74,0.346,0.006,0.101
2.75,0.338,0.006,0.102
2.76,0.346,0.005,0.103
2.77,0.33,0.006,0.103
2.78,0.338,0.006,0.104
2.79,0.33,0.006,0.106
2.8,0.321,0.006,0.107
2.81,0.321,0.005,0.108
2.82,0.321,0.006,0.11
2.83,0.321,0.005,0.111
2.84,0.321,0.005,0.112
2.85,0.313,0.005,0.113
2.86,0.321,0.005,0.115
2.87,0.33,0.004,0.115
2.88,0.338,0.004,0.117
2.89,0.338,0.005,0.118
2.9,0.346,0.006,0.119
2.91,0.354,0.005,0.12
2.92,0.362,0.006,0.121
2.93,0.386,0.006,0.121
2.94,0.395,0.006,0.122
2.95,0.419,0.006,0.12
2.96,0.427,0.006,0.119
2.97,0.427,0.006,0.116
2.98,0.419,0.006,0.118
2.99,0.419,0.006,0.117
3,0.419,0.006,0.118
3.01,0.427,0.006,0.12
3.02,0.411,0.006,0.121
3.03,0.411,0.007,0.121
3.04,0.403,0.007,0.125
3.05,0.395,0.007,0.126
3.06,0.378,0.007,0.135
3.07,0.395,0.006,0.136
3.08,0.386,0.005,0.139
3.09,0.378,0.006,0.14
3.1,0.362,0.006,0.141
3.11,0.37,0.006,0.142
3.12,0.37,0.006,0.142
3.13,0.37,0.007,0.142
3.14,0.419,0.008,0.142
3.15,0.427,0.008,0.14
3.16,0.435,0.008,0.139
3.17,0.427,0.008,0.131
3.18,0.435,0.008,0.099
3.19,0.403,0.008,0.094
3.2,0.362,0.008,0.094
3.21,0.346,0.008,0.097
3.22,0.321,0.008,0.098
3.23,0.297,0.007,0.097
3.24,0.289,0.007,0.105
3.25,0.281,0.007,0.112
3.26,0.289,0.007,0.116
3.27,0.289,0.007,0.117
3.28,0.281,0.006,0.121
3.29,0.281,0.006,0.122
3.3,0.281,0.005,0.125
3.31,0.289,0.004,0.126
3.32,0.281,0.003,0.125
3.33,0.281,0.003,0.126
3.34,0.281,0.004,0.128
3.35,0.289,0.004,0.127
3.36,0.297,0.003,0.126
3.37,0.289,0.003,0.128
3.38,0.289,0.003,0.13
3.39,0.281,0.004,0.131
3.4,0.289,0.004,0.133
3.41,0.289,0.004,0.135
3.42,0.289,0.003,0.135
3.43,0.289,0.003,0.135
3.44,0.289,0.003,0.137
3.45,0.297,0.003,0.139
3.46,0.297,0.005,0.14
3.47,0.297,0.003,0.143
3.48,0.305,0.003,0.145
3.49,0.313,0.005,0.146
3.5,0.33,0.005,0.149
3.51,0.346,0.004,0.151
3.52,0.354,0.004,0.152
3.53,0.362,0.004,0.153
3.54,0.354,0.005,0.153
3.55,0.354,0.005,0.152
3.56,0.354,0.005,0.142
3.57,0.338,0.005,0.122
3.58,0.33,0.005,0.124
3.59,0.321,0.005,0.13
3.6,0.313,0.006,0.134
3.61,0.313,0.006,0.14
3.62,0.321,0.007,0.143
3.63,0.338,0.007,0.149
3.64,0.395,0.008,0.154
3.65,0.427,0.007,0.158
3.66,0.484,0.008,0.16
3.67,0.524,0.008,0.149
3.68,0.541,0.008,0.147
3.69,0.549,0.009,0.152
3.7,0.557,0.009,0.146
3.71,0.557,0.01,0.155
3.72,0.565,0.011,0.181
3.73,0.589,0.0127,0.195
3.74,0.606,0.0143,0.198
3.75,0.597,0.016,0.199
3.76,0.606,0.017,0.211
3.77,0.606,0.018,0.211
3.78,0.589,0.018,0.215
3.79,0.557,0.018,0.223
3.8,0.557,0.017,0.199
3.81,0.565,0.017,0.184
3.82,0.584,0.017,0.1973
3.83,0.603,0.017,0.2107
3.84,0.622,0.015,0.224
3.85,0.646,0.013,0.224
3.86,0.727,0.013,0.197
3.87,0.76,0.013,0.205
3.88,0.792,0.012,0.218
3.89,0.809,0.012,0.213
3.9,0.865,0.015,0.2
3.91,0.898,0.018,0.186
3.92,0.955,0.021,0.149
3.93,0.987,0.023,0.131
3.94,0.955,0.026,0.112
3.95,0.922,0.027,0.07
3.96,0.882,0.027,0.038
3.97,0.865,0.028,0.024
3.98,0.849,0.023,0.016
3.99,0.833,0.023,0.019
4,0.8,0.021,0.016
4.01,0.792,0.0185,0.019
4.02,0.776,0.016,0.023
4.03,0.736,0.015,0.026
4.04,0.711,0.013,0.028
4.05,0.695,0.011,0.03
4.06,0.687,0.01,0.032
4.07,0.687,0.01,0.033
4.08,0.687,0.008,0.038
4.09,0.719,0.008,0.039
4.1,0.732,0.009,0.059
4.11,0.744,0.008,0.079
4.12,0.719,0.007,0.068
4.13,0.703,0.007,0.061
4.14,0.671,0.006,0.049
4.15,0.63,0.006,0.04
4.16,0.622,0.005,0.041
4.17,0.589,0.007,0.046
4.18,0.581,0.006,0.051
4.19,0.573,0.007,0.053
4.2,0.565,0.007,0.056
4.21,0.581,0.007,0.062
4.22,0.581,0.006,0.065
4.23,0.606,0.006,0.07
4.24,0.63,0.006,0.072
4.25,0.638,0.005,0.076
4.26,0.638,0.006,0.082
4.27,0.646,0.01,0.089
4.28,0.654,0.011,0.092
4.29,0.671,0.013,0.1
4.3,0.719,0.013,0.108
4.31,0.817,0.013,0.117
4.32,0.857,0.014,0.122
4.33,0.947,0.014,0.13
4.34,1.174,0.017,0.127
4.35,1.352,0.019,0.132
4.36,1.588,0.019,0.139
4.37,1.685,0.023,0.085
4.38,1.612,0.027,0.067
4.39,1.555,0.0327,0.059
4.4,1.491,0.0383,0.047
4.41,1.45,0.044,0.015
4.42,1.401,0.044,0.003
4.43,1.304,0.043,-0.003
4.44,1.255,0.039,-0.009
4.45,1.223,0.036,-0.011
4.46,1.141,0.033,-0.013
4.47,1.085,0.025,-0.012
4.48,1.193,0.024,-0.0027
4.49,1.301,0.025,0.0067
4.5,1.409,0.0267,0.016
4.51,1.645,0.0283,0.024
4.52,1.718,0.03,0.035
4.53,1.58,0.033,0.045
4.54,1.499,0.036,0.092
4.55,1.434,0.035,0.128
4.56,1.279,0.034,0.134
4.57,1.279,0.035,0.138
4.58,1.288,0.038,0.112
4.59,1.282,0.041,0.1427
4.6,1.277,0.044,0.1733
4.61,1.271,0.044,0.204
4.62,1.563,0.0487,0.261
4.63,1.856,0.0533,0.318
4.64,2.091,0.058,0.36
4.65,2.562,0.061,0.335
4.66,3.025,0.067,0.316
4.67,3.512,0.078,0.252
4.68,3.764,0.084,0.199
4.69,4.202,0.099,0.177
4.7,4.389,0.116,0.173
4.71,4.651,0.129,0.126
4.72,4.914,0.134,0.079
4.73,5.176,0.146,0.032
4.74,5.306,0.152,0.009
4.75,5.501,0.165,-0.016
4.76,5.623,0.174,-0.023
4.77,5.688,0.182,-0.026
4.78,5.777,0.185,-0.021
4.79,5.769,0.187,-0.025
4.8,5.671,0.186,-0.028
4.81,5.615,0.182,-0.035
4.82,5.541,0.18,-0.04
4.83,5.525,0.181,-0.042
4.84,5.809,0.178,-0.046
4.85,6.15,0.183,-0.047
4.86,6.499,0.184,-0.048
4.87,6.637,0.193,-0.049
4.88,6.792,0.199,-0.053
4.89,6.84,0.203,-0.056
4.9,6.711,0.196,-0.057
4.91,6.678,0.197,-0.058
4.92,6.581,0.193,-0.06
4.93,6.556,0.187,-0.06
4.94,6.597,0.189,-0.06
4.95,6.654,0.197,-0.058
4.96,6.84,0.207,-0.056
4.97,6.954,0.221,-0.055
4.98,7.181,0.226,-0.057
4.99,7.06,0.233,-0.058
5,6.987,0.23,-0.059
5.01,6.93,0.218,-0.061
5.02,6.629,0.211,-0.062
5.03,6.508,0.1955,-0.062
5.04,6.597,0.18,-0.058
5.05,6.654,0.1748,-0.049
5.06,7.019,0.1697,-0.046
5.07,7.084,0.1645,-0.047
5.08,7.133,0.1593,-0.051
5.09,7.295,0.1542,-0.054
5.1,7.327,0.149,-0.055
5.11,7.465,0.147,-0.055
5.12,7.563,0.132,-0.0545
5.13,7.66,0.113,-0.054
5.14,7.483,0.107,0.027
5.15,7.306,0.106,0.108
5.16,7.128,0.109,0.189
5.17,6.951,0.115,0.27
5.18,6.774,0.118,0.351
5.19,6.597,0.123,0.432
5.2,6.524,0.126,0.737
5.21,6.743,0.133,0.827
5.22,7.092,0.133,0.969
5.23,7.303,0.131,1.212
5.24,7.401,0.133,1.367
5.25,7.514,0.136,1.633
5.26,7.815,0.138,1.802
5.27,8.091,0.144,1.796
5.28,8.358,0.147,1.915
5.29,8.44,0.153,2.104
5.3,8.48,0.159,2.197
5.31,8.44,0.167,2.343
5.32,8.391,0.173,2.361
5.33,8.415,0.176,2.391
5.34,8.423,0.177,2.33
5.35,8.35,0.179,2.439
5.36,8.285,0.185,2.393
5.37,8.22,0.184,2.392
5.38,8.034,0.185,2.223
5.39,7.871,0.183,2.29
5.4,7.733,0.183,2.43
5.41,7.66,0.182,2.522
5.42,7.547,0.183,2.514
5.43,7.482,0.183,2.497
5.44,7.53,0.184,2.627
5.45,7.628,0.185,2.606
5.46,7.685,0.184,2.425
5.47,7.733,0.183,2.364
5.48,7.766,0.182,2.202
5.49,7.758,0.187,1.995
5.5,7.668,0.191,1.914
5.51,7.668,0.192,1.768
5.52,7.636,0.195,1.634
5.53,7.62,0.195,1.62
5.54,7.563,0.191,1.463
5.55,7.457,0.189,1.345
5.56,7.311,0.19,1.293
5.57,7.043,0.197,1.322
5.58,6.922,0.201,1.587
5.59,6.775,0.203,1.793
5.6,6.735,0.204,1.798
5.61,6.735,0.205,1.884
5.62,6.784,0.205,1.741
5.63,6.808,0.203,1.396
5.64,6.881,0.191,1.214
5.65,6.881,0.188,0.995
5.66,6.621,0.176,0.987
5.67,6.394,0.175,0.937
5.68,6.313,0.167,1.085
5.69,6.158,0.161,1.108
5.7,6.061,0.159,1.232
5.71,6.012,0.163,1.376
5.72,5.874,0.164,1.329
5.73,5.964,0.1623,1.331
5.74,5.939,0.1607,1.395
5.75,5.891,0.159,1.469
5.76,5.866,0.152,1.354
5.77,5.801,0.148,1.103
5.78,5.582,0.148,1.056
5.79,5.55,0.148,0.898
5.8,5.436,0.144,0.835
5.81,5.33,0.145,0.752
5.82,5.211,0.142,0.6997
5.83,5.092,0.137,0.6473
5.84,4.973,0.136,0.595
5.85,4.851,0.137,0.603
5.86,4.689,0.138,0.658
5.87,4.657,0.135,0.721
5.88,4.657,0.131,0.809
5.89,4.64,0.125,0.822
5.9,4.616,0.121,0.818
5.91,4.64,0.119,0.663
5.92,4.673,0.116,0.609
5.93,4.632,0.114,0.574
5.94,4.575,0.112,0.662
5.95,4.535,0.108,0.683
5.96,4.575,0.105,0.666
5.97,4.6,0.105,0.709
5.98,4.673,0.105,0.749
5.99,4.689,0.106,0.82
6,4.697,0.106,0.85
6.01,4.722,0.107,0.859
6.02,4.681,0.107,0.905
6.03,4.722,0.105,0.914
6.04,4.722,0.103,0.905
6.05,4.673,0.103,0.943
6.06,4.624,0.102,0.933
6.07,4.584,0.104,0.87
6.08,4.608,0.105,0.904
6.09,4.575,0.104,0.926
6.1,4.527,0.105,0.893
6.11,4.51,0.104,0.886
6.12,4.51,0.104,0.774
6.13,4.567,0.101,0.754
6.14,4.608,0.098,0.736
6.15,4.665,0.095,0.752
6.16,4.73,0.096,0.692
6.17,4.746,0.095,0.667
6.18,4.77,0.093,0.724
6.19,4.746,0.094,0.719
6.2,4.754,0.094,0.742
6.21,4.77,0.092,0.762
6.22,4.843,0.093,0.8507
6.23,4.916,0.097,0.9393
6.24,4.989,0.103,1.028
6.25,4.957,0.103,1.058
6.26,5.006,0.106,0.985
6.27,5.119,0.107,0.993
6.28,5.176,0.11,0.955
6.29,5.322,0.113,0.779
6.3,5.387,0.114,0.829
6.31,5.501,0.116,0.824
6.32,5.598,0.12,1.01
6.33,5.777,0.121,1.054
6.34,5.874,0.123,1.018
6.35,5.858,0.126,0.944
6.36,5.801,0.13,0.897
6.37,5.663,0.13,0.909
6.38,5.558,0.131,0.674
6.39,5.525,0.13,0.683
6.4,5.42,0.128,0.662
6.41,5.282,0.124,0.708
6.42,5.184,0.122,0.73
6.43,5.16,0.12,0.737
6.44,5.119,0.118,0.778
6.45,5.152,0.115,0.708
6.46,5.144,0.116,0.782
6.47,5.136,0.117,0.902
6.48,5.217,0.12,1.016
6.49,5.339,0.12,1.042
6.5,5.403,0.121,1.024
6.51,5.525,0.12,1.041
6.52,5.598,0.118,1.084
6.53,5.663,0.117,1.074
6.54,5.777,0.116,1.075
6.55,5.769,0.118,1.134
6.56,5.801,0.12,1.18
6.57,5.793,0.121,1.252
6.58,5.801,0.124,1.29
6.59,5.793,0.125,1.267
6.6,5.761,0.124,1.209
6.61,5.696,0.124,1.154
6.62,5.615,0.124,1.122
6.63,5.558,0.123,1.055
6.64,5.403,0.12,1.011
6.65,5.111,0.117,0.989
6.66,4.989,0.115,0.939
6.67,4.73,0.115,0.858
6.68,4.486,0.114,0.769
6.69,4.397,0.113,0.713
6.7,4.218,0.108,0.636
6.71,4.015,0.105,0.639
6.72,3.91,0.102,0.606
6.73,3.707,0.097,0.642
6.74,3.52,0.095,0.652
6.75,3.406,0.092,0.667
6.76,3.382,0.092,0.658
6.77,3.301,0.089,0.667
6.78,3.268,0.088,0.669
6.79,3.268,0.087,0.659
6.8,3.341,0.084,0.626
6.81,3.406,0.079,0.603
6.82,3.577,0.072,0.579
6.83,3.877,0.066,0.538
6.84,4.251,0.065,0.501
6.85,4.437,0.064,0.402
6.86,4.697,0.065,0.334
6.87,4.754,0.064,0.218
6.88,4.705,0.065,0.144
6.89,4.478,0.068,0.126
6.9,4.153,0.069,0.121
6.91,3.983,0.072,0.122
6.92,3.707,0.074,0.153
6.93,3.439,0.075,0.1825
6.94,3.171,0.074,0.212
6.95,2.911,0.071,0.266
6.96,2.822,0.071,0.29
6.97,2.668,0.071,0.317
6.98,2.595,0.068,0.314
6.99,2.457,0.065,0.345
7,2.384,0.063,0.377
7.01,2.327,0.057,0.393
7.02,2.31,0.051,0.41
7.03,2.294,0.049,0.426
7.04,2.278,0.044,0.41
7.05,2.262,0.041,0.41
7.06,2.221,0.04,0.43
7.07,2.189,0.038,0.483
7.08,2.14,0.038,0.525
7.09,2.14,0.037,0.54
7.1,2.148,0.036,0.54
7.11,2.14,0.035,0.558
7.12,2.14,0.034,0.552
7.13,2.189,0.034,0.522
7.14,2.205,0.033,0.517
7.15,2.189,0.031,0.48
7.16,2.172,0.0295,0.486
7.17,2.148,0.028,0.465
7.18,2.14,0.029,0.472
7.19,2.124,0.03,0.466
7.2,2.107,0.031,0.456
7.21,2.107,0.031,0.46
7.22,2.107,0.032,0.451
7.23,2.14,0.033,0.438
7.24,2.156,0.035,0.438
7.25,2.192,0.037,0.4435
7.26,2.229,0.041,0.449
7.27,2.237,0.039,0.437
7.28,2.27,0.042,0.419
7.29,2.343,0.043,0.442
7.3,2.416,0.043,0.451
7.31,2.489,0.045,0.397
7.32,2.513,0.047,0.396
7.33,2.513,0.049,0.373
7.34,2.489,0.05,0.35
7.35,2.424,0.05,0.355
7.36,2.375,0.051,0.341
7.37,2.278,0.049,0.319
7.38,2.229,0.047,0.288
7.39,2.197,0.047,0.232
7.4,2.164,0.046,0.22
7.41,2.197,0.046,0.228
7.42,2.205,0.044,0.256
7.43,2.205,0.04,0.273
7.44,2.197,0.039,0.301
7.45,2.181,0.037,0.328
7.46,2.213,0.036,0.342
7.47,2.254,0.034,0.35
7.48,2.254,0.033,0.359
7.49,2.221,0.032,0.393
7.5,2.197,0.031,0.413
7.51,2.148,0.031,0.424
7.52,2.132,0.03,0.429
7.53,2.107,0.029,0.43
7.54,2.091,0.028,0.443
7.55,2.099,0.028,0.476
7.56,2.099,0.029,0.49
7.57,2.099,0.029,0.52
7.58,2.091,0.029,0.558
7.59,2.124,0.028,0.568
7.6,2.14,0.028,0.589
7.61,2.172,0.029,0.586
7.62,2.197,0.029,0.593
7.63,2.245,0.028,0.618
7.64,2.278,0.028,0.64
7.65,2.31,0.029,0.678
7.66,2.319,0.029,0.708
7.67,2.351,0.029,0.725
7.68,2.392,0.03,0.722
7.69,2.408,0.031,0.719
7.7,2.408,0.033,0.689
7.71,2.416,0.035,0.68
7.72,2.408,0.037,0.648
7.73,2.4,0.037,0.604
7.74,2.367,0.037,0.599
7.75,2.351,0.037,0.599
7.76,2.335,0.037,0.606
7.77,2.335,0.037,0.592
7.78,2.335,0.037,0.601
7.79,2.319,0.039,0.61
7.8,2.302,0.04,0.625
7.81,2.31,0.041,0.631
7.82,2.31,0.041,0.612
7.83,2.302,0.042,0.614
7.84,2.327,0.043,0.579
7.85,2.343,0.042,0.553
7.86,2.375,0.043,0.508
7.87,2.375,0.043,0.511
7.88,2.375,0.043,0.522
7.89,2.367,0.044,0.525
7.9,2.375,0.046,0.526
7.91,2.375,0.046,0.506
7.92,2.359,0.047,0.482
7.93,2.351,0.05,0.475
7.94,2.359,0.05,0.451
7.95,2.343,0.051,0.425
7.96,2.327,0.052,0.346
7.97,2.302,0.052,0.337
7.98,2.294,0.051,0.319
7.99,2.286,0.053,0.297
8,2.286,0.055,0.303
8.01,2.31,0.054,0.302
8.02,2.31,0.054,0.299
8.03,2.302,0.054,0.316
8.04,2.327,0.057,0.325
8.05,2.343,0.057,0.338
8.06,2.53,0.061,0.36
8.07,2.765,0.064,0.369
8.08,2.862,0.067,0.437
8.09,2.944,0.067,0.484
8.1,2.976,0.07,0.383
8.11,3.106,0.07,0.367
8.12,3.138,0.069,0.284
8.13,3.138,0.069,0.251
8.14,3.155,0.069,0.246
8.15,3.26,0.069,0.246
8.16,3.358,0.072,0.328
8.17,3.439,0.076,0.404
8.18,3.471,0.077,0.424
8.19,3.569,0.0777,0.425
8.2,3.634,0.0785,0.428
8.21,3.731,0.0793,0.447
8.22,3.918,0.08,0.369
8.23,4.121,0.084,0.34
8.24,4.226,0.088,0.408
8.25,4.437,0.101,0.492
8.26,4.746,0.112,0.48
8.27,4.876,0.117,0.482
8.28,5.298,0.121,0.4662
8.29,5.72,0.128,0.4505
8.3,6.142,0.131,0.4348
8.31,6.564,0.141,0.419
8.32,7.263,0.144,0.334
8.33,7.79,0.147,0.83
8.34,8.001,0.151,1.141
8.35,8.432,0.152,1.207
8.36,8.529,0.156,1.262
8.37,8.651,0.159,1.141
8.38,8.618,0.166,1.326
8.39,8.675,0.171,1.735
8.4,8.716,0.18,1.712
8.41,8.691,0.186,1.923
8.42,8.618,0.191,2.361
8.43,8.675,0.198,2.414
8.44,8.659,0.206,2.453
8.45,8.781,0.214,2.332
8.46,8.74,0.218,2.137
8.47,8.626,0.223,2.219
8.48,8.513,0.224,2.174
8.49,8.285,0.221,1.92
8.5,7.928,0.22,1.738
8.51,7.628,0.214,1.34
8.52,7.303,0.207,1.139
8.53,7.157,0.195,1.178
8.54,6.995,0.179,1.156
8.55,6.849,0.171,0.97
8.56,6.467,0.159,1.256
8.57,6.345,0.151,1.411
8.58,6.37,0.147,1.703
8.59,6.759,0.1495,1.962
8.6,7.222,0.152,1.985
8.61,7.604,0.157,1.946
8.62,8.423,0.162,1.542
8.63,9.081,0.168,1.441
8.64,9.463,0.174,1.434
8.65,9.86,0.178,1.357
8.66,10.145,0.18,1.142
8.67,9.998,0.19,0.939
8.68,9.816,0.196,0.9675
8.69,9.633,0.2105,0.996
8.7,9.219,0.225,1.0465
8.71,8.805,0.232,1.097
8.72,8.57,0.241,1.169
8.73,8.375,0.245,1.3
8.74,8.334,0.245,0.97
8.75,8.318,0.243,0.937
8.76,8.034,0.24,1.014
8.77,7.912,0.237,1.118
8.78,7.864,0.228,1.2985
8.79,7.815,0.219,1.479
8.8,7.677,0.206,1.77
8.81,7.514,0.202,1.767
8.82,7.555,0.194,1.822
8.83,7.604,0.193,1.698
8.84,7.668,0.192,1.418
8.85,7.668,0.189,1.644
8.86,7.587,0.193,1.821
8.87,7.64,0.193,1.6875
8.88,7.693,0.193,1.554
8.89,7.758,0.191,1.319
8.9,7.888,0.187,1.181
8.91,8.091,0.188,1.171
8.92,8.188,0.191,1.195
8.93,8.245,0.194,1.27
8.94,8.172,0.192,1.326
8.95,8.139,0.195,1.377
8.96,8.115,0.198,1.418
8.97,8.091,0.2,1.226
8.98,8.229,0.202,1.127
8.99,8.172,0.205,1.096
9,8.204,0.209,0.969
9.01,7.985,0.215,0.884
9.02,7.92,0.216,0.841
9.03,7.928,0.22,0.694
9.04,7.92,0.217,0.719
9.05,7.888,0.215,0.725
9.06,8.139,0.214,0.761
9.07,8.196,0.218,0.702
9.08,7.733,0.217,0.817
9.09,7.539,0.216,1.038
9.1,7.068,0.213,1.052
9.11,6.905,0.214,0.914
9.12,6.8,0.215,0.932
9.13,6.743,0.211,0.789
9.14,6.621,0.208,0.785
9.15,6.41,0.212,0.946
9.16,6.15,0.213,0.923
9.17,6.02,0.205,0.887
9.18,5.972,0.208,0.917
9.19,6.069,0.201,0.875
9.2,6.183,0.195,0.808
9.21,6.232,0.195,0.68
9.22,6.402,0.192,0.559
9.23,6.467,0.192,0.506
9.24,6.54,0.2023,0.545
9.25,6.451,0.2127,0.447
9.26,6.516,0.223,0.527
9.27,6.499,0.231,0.389
9.28,6.264,0.236,0.552
9.29,6.077,0.243,0.524
9.3,6.045,0.243,0.464
9.31,6.077,0.242,0.522
9.32,6.296,0.237,0.443
9.33,6.54,0.235,0.4
9.34,6.783,0.238,0.357
9.35,7.027,0.238,0.314
9.36,7.035,0.229,0.35
9.37,6.913,0.226,0.48
9.38,6.572,0.217,0.581
9.39,6.516,0.209,0.6
9.4,6.556,0.208,0.434
9.41,6.621,0.205,0.354
9.42,6.467,0.207,0.357
9.43,6.11,0.206,0.491
9.44,5.931,0.203,0.533
9.45,5.956,0.201,0.456
9.46,5.972,0.199,0.408
9.47,6.248,0.198,0.376
9.48,6.345,0.196,0.284
9.49,6.313,0.197,0.246
9.5,6.305,0.194,0.303
9.51,6.134,0.188,0.44
9.52,6.126,0.186,0.401
9.53,6.199,0.182,0.39
9.54,6.094,0.179,0.36
9.55,5.996,0.176,0.442
9.56,6.126,0.174,0.462
9.57,5.988,0.175,0.502
9.58,5.866,0.173,0.516
9.59,5.777,0.168,0.558
9.6,5.623,0.163,0.562
9.61,5.574,0.156,0.649
9.62,5.509,0.154,0.646
9.63,5.631,0.148,0.579
9.64,5.582,0.147,0.41
9.65,5.468,0.147,0.479
9.66,5.444,0.145,0.575
9.67,5.444,0.143,0.621
9.68,5.395,0.139,0.771
9.69,5.339,0.135,0.787
9.7,5.428,0.132,0.799
9.71,5.46,0.13,0.77
9.72,5.509,0.131,0.67
9.73,5.501,0.132,0.644
9.74,5.379,0.13,1.01
9.75,5.241,0.128,1.065
9.76,5.282,0.128,1.106
9.77,5.282,0.131,1.105
9.78,5.298,0.132,1.096
9.79,5.257,0.132,1.061
9.8,5.298,0.131,0.992
9.81,5.306,0.126,1.009
9.82,5.379,0.127,1.004
9.83,5.436,0.126,0.822
9.84,5.444,0.118,0.752
9.85,5.363,0.123,0.695
9.86,5.306,0.128,0.801
9.87,5.371,0.133,0.791
9.88,5.663,0.138,0.767
9.89,6.272,0.143,0.854
9.9,9.105,0.1513,0.804
9.91,10.786,0.1597,0.712
9.92,14.114,0.168,0.521
9.93,17.54,0.1763,0.245
9.94,17.772,0.1847,0.1924
9.95,18.004,0.193,0.1398
9.96,18.237,0.1895,0.0872
9.97,18.469,0.186,0.0346
9.98,18.701,0.19,-0.018
9.99,19.078,0.185,-0.0145
10,19.456,0.185,-0.011
10.01,19.834,0.178,-0.0075
10.02,20.211,0.172,-0.004
10.03,20.588,0.174,-0.0005
10.04,20.966,0.172,0.003
10.05,20.998,0.1585,0.0015
10.06,21.031,0.145,0
10.07,20.828,0.141,0
10.08,20.568,0.1315,0.002
10.09,20.666,0.122,0.004
10.1,20.893,0.125,0.006
10.11,21.193,0.118,0.009
10.12,21.404,0.118,0.011
10.13,21.607,0.123,0.011
10.14,21.474,0.123,0.0135
10.15,21.34,0.123,0.016
10.16,21.754,0.123,0.015
10.17,21.92,0.118,0.0185
10.18,22.086,0.113,0.022
10.19,22.72,0.1095,0.025
10.2,22.931,0.106,0.025
10.21,23.15,0.112,0.028
10.22,23.45,0.109,0.033
10.23,23.558,0.115,0.0353
10.24,23.667,0.124,0.0377
10.25,23.775,0.128,0.04
10.26,23.62,0.13,0.0425
10.27,23.466,0.132,0.045
10.28,23.215,0.134,0.0455
10.29,22.963,0.136,0.046
10.3,23.117,0.14,0.045
10.31,22.89,0.139,0.043
10.32,22.728,0.139,0.05
10.33,22.46,0.143,0.053
10.34,22.435,0.148,0.053
10.35,22.285,0.147,0.0525
10.36,22.135,0.148,0.052
10.37,21.985,0.148,0.0515
10.38,21.835,0.1353,0.051
10.39,21.997,0.1227,0.049
10.4,22.062,0.11,0.044
10.41,22.143,0.108,0.044
10.42,22.054,0.109,0.04
10.43,21.851,0.114,0.034
10.44,21.794,0.116,0.019
10.45,21.697,0.118,0.013
10.46,21.648,0.121,0.012
10.47,21.394,0.121,0.013
10.48,21.139,0.126,0.014
10.49,20.885,0.131,0.015
10.5,20.861,0.13,0.018
10.51,20.625,0.136,0.017
10.52,20.438,0.136,0.019
10.53,20.203,0.141,0.016
10.54,19.83,0.144,0.016
10.55,19.74,0.147,0.02
10.56,19.513,0.148,0.021
10.57,19.269,0.149,0.023
10.58,18.904,0.153,0.025
10.59,18.458,0.154,0.026
10.6,18.222,0.154,0.028
10.61,17.8,0.158,0.026
10.62,17.646,0.162,0.03
10.63,17.41,0.164,0.032
10.64,17.175,0.161,0.034
10.65,16.96,0.158,0.04
10.66,16.745,0.159,0.046
10.67,16.42,0.16,0.046
10.68,16.241,0.16,0.042
10.69,15.965,0.159,0.043
10.7,15.559,0.15,0.046
10.71,15.291,0.148,0.044
10.72,14.91,0.142,0.043
10.73,14.682,0.14,0.0445
10.74,14.455,0.14,0.046
10.75,13.887,0.141,0.046
10.76,13.432,0.147,0.046
10.77,13.181,0.155,0.044
10.78,12.807,0.161,0.044
10.79,11.898,0.162,0.053
10.8,11.728,0.161,0.053
10.81,11.192,0.162,0.058
10.82,10.623,0.164,0.059
10.83,10.039,0.173,0.062
10.84,9.438,0.177,0.064
10.85,8.115,0.187,0.056
10.86,7.709,0.193,0.061
10.87,7.636,0.193,0.136
10.88,7.839,0.192,0.176
10.89,7.782,0.197,0.147
10.9,7.782,0.195,0.131
10.91,8.001,0.194,0.181
10.92,8.375,0.192,0.3
10.93,8.821,0.185,0.348
10.94,10.38,0.17,0.452
10.95,12.937,0.159,0.274
10.96,14.447,0.146,0.218
10.97,15.145,0.139,0.1
10.98,16.176,0.136,0.051
10.99,16.948,0.132,0.037
11,17.548,0.13,0.031
11.01,17.865,0.125,0.028
11.02,18.514,0.123,0.027
11.03,19.164,0.1123,0.025
11.04,19.529,0.1017,0.026
11.05,20.235,0.091,0.026
11.06,21.088,0.096,0.031
11.07,21.973,0.098,0.034
11.08,22.647,0.101,0.038
11.09,23.117,0.104,0.039
11.1,24.157,0.107,0.041
11.11,25.301,0.11,0.045
11.12,25.902,0.113,0.0453
11.13,26.502,0.128,0.0457
11.14,27.103,0.135,0.046
11.15,27.85,0.142,0.043
11.16,28.126,0.148,0.042
11.17,27.166,0.155,0.04
11.18,26.207,0.166,0.038
11.19,25.247,0.17,0.036
11.2,24.288,0.171,0.034
11.21,23.328,0.167,0.032
11.22,21.664,0.163,0.024
11.23,20.259,0.164,0.02
11.24,18.855,0.17,0.016
11.25,16.996,0.1697,0.016
11.26,16.331,0.1693,0.019
11.27,14.398,0.169,0.021
11.28,12.271,0.1687,0.026
11.29,10.104,0.1683,0.03
11.3,8.975,0.168,0.034
11.31,7.295,0.163,0.037
11.32,6.678,0.157,0.046
11.33,5.598,0.145,0.076
11.34,5.239,0.138,0.2703
11.35,4.881,0.123,0.4647
11.36,4.522,0.108,0.659
11.37,4.164,0.095,0.8533
11.38,3.805,0.088,1.0477
11.39,3.447,0.075,1.242
11.4,3.406,0.064,1.294
11.41,3.406,0.059,1.363
11.42,3.423,0.044,1.443
11.43,3.463,0.028,1.448
11.44,3.496,0.026,1.515
11.45,3.544,0.025,1.529
11.46,3.569,0.026,1.542
11.47,3.585,0.026,1.602
11.48,3.65,0.027,1.675
11.49,3.682,0.028,1.7
11.5,3.699,0.03,1.755
11.51,3.731,0.031,1.754
11.52,3.788,0.032,1.747
11.53,3.82,0.035,1.709
11.54,3.829,0.038,1.726
11.55,3.804,0.039,1.746
11.56,3.788,0.04,1.745
11.57,3.877,0.042,1.774
11.58,3.918,0.047,1.793
11.59,4.064,0.049,1.85
11.6,4.17,0.049,1.875
11.61,4.21,0.05,1.834
11.62,4.283,0.055,1.896
11.63,4.299,0.056,1.853
11.64,4.275,0.057,1.859
11.65,4.226,0.058,1.842
11.66,4.234,0.059,1.823
11.67,4.186,0.06,1.827
11.68,4.129,0.062,1.807
11.69,4.064,0.065,1.852
11.7,4.04,0.066,1.9
11.71,4.007,0.068,1.962
11.72,4.056,0.07,2.013
11.73,4.096,0.071,1.954
11.74,4.121,0.071,1.92
11.75,4.096,0.069,1.894
11.76,4.08,0.068,1.862
11.77,4.04,0.067,1.803
11.78,3.91,0.065,1.803
11.79,3.869,0.058,1.799
11.8,3.853,0.055,1.835
11.81,3.869,0.058,1.835
11.82,3.877,0.055,1.828
11.83,3.845,0.054,1.936
11.84,3.812,0.052,1.931
11.85,3.788,0.055,1.917
11.86,3.796,0.056,1.88
11.87,3.796,0.056,1.835
11.88,3.796,0.054,1.898
11.89,3.804,0.054,1.905
11.9,3.723,0.056,1.828
11.91,3.707,0.054,1.719
11.92,3.691,0.052,1.705
11.93,3.682,0.052,1.72
11.94,3.658,0.052,1.83
11.95,3.658,0.052,1.797
11.96,3.682,0.052,1.811
11.97,3.715,0.051,1.766
11.98,3.699,0.05,1.786
11.99,3.65,0.051,1.888
12,3.666,0.052,1.99
12.01,3.731,0.051,2.004
12.02,3.739,0.047,2.023
12.03,3.796,0.046,2.02
12.04,3.829,0.046,2.035
12.05,3.853,0.048,2.059
12.06,3.934,0.053,2.019
12.07,4.007,0.053,2.001
12.08,4.031,0.052,2.044
12.09,4.105,0.05,2.051
12.1,4.129,0.052,2.046
12.11,4.153,0.054,1.962
12.12,4.194,0.056,1.91
12.13,4.21,0.056,1.925
12.14,4.202,0.059,1.981
12.15,4.17,0.06,1.99
12.16,4.161,0.06,2.083
12.17,4.137,0.061,2.071
12.18,4.121,0.058,2.11
12.19,4.113,0.064,2.112
12.2,4.121,0.067,2.204
12.21,4.145,0.067,2.256
12.22,4.145,0.066,2.259
12.23,4.153,0.064,2.303
12.24,4.202,0.063,2.243
12.25,4.234,0.065,2.254
12.26,4.275,0.063,2.288
12.27,4.364,0.061,2.226
12.28,4.421,0.0615,2.241
12.29,4.454,0.062,2.254
12.3,4.478,0.064,2.273
12.31,4.519,0.064,2.209
12.32,4.535,0.066,2.221
12.33,4.527,0.066,2.26
12.34,4.519,0.067,2.28
12.35,4.462,0.067,2.249
12.36,4.413,0.067,2.265
12.37,4.385,0.067,2.1885
12.38,4.356,0.065,2.112
12.39,4.243,0.065,2.207
12.4,4.194,0.063,2.219
12.41,4.105,0.062,2.224
12.42,4.088,0.062,2.207
12.43,4.048,0.062,2.241
12.44,4.007,0.062,2.219
12.45,4.015,0.06,2.187
12.46,4.007,0.058,2.216
12.47,3.999,0.054,2.249
12.48,4.007,0.053,2.212
12.49,3.983,0.052,2.215
12.5,3.991,0.053,2.253
12.51,3.999,0.054,2.243
12.52,3.991,0.054,2.246
12.53,3.991,0.054,2.229
12.54,4.015,0.053,2.195
12.55,4.015,0.052,2.171
12.56,4.015,0.052,2.105
12.57,3.958,0.052,2.038
12.58,3.942,0.053,2.087
12.59,3.999,0.053,2.09
12.6,4.015,0.053,2.126
12.61,4.015,0.054,2.12
12.62,3.999,0.053,2.107
12.63,4.007,0.051,2.113
12.64,3.934,0.05,2.142
12.65,3.942,0.051,2.141
12.66,3.975,0.051,2.062
12.67,3.983,0.05,2.169
12.68,4.007,0.05,2.165
12.69,4.08,0.05,2.262
12.7,4.17,0.052,2.337
12.71,4.234,0.059,2.329
12.72,4.381,0.067,2.308
12.73,4.535,0.0715,2.313
12.74,4.665,0.076,2.365
12.75,4.908,0.085,2.327
12.76,5.095,0.096,2.201
12.77,5.136,0.098,1.899
12.78,5.006,0.1,1.712
12.79,4.989,0.106,1.682
12.8,4.819,0.109,1.578
12.81,4.705,0.112,1.674
12.82,4.551,0.113,1.721
12.83,4.397,0.116,1.768
12.84,4.283,0.118,2.001
12.85,4.178,0.118,2.055
12.86,4.145,0.115,2.128
12.87,4.178,0.112,2.132
12.88,4.202,0.105,2.153
12.89,4.21,0.097,2.163
12.9,4.243,0.09,2.178
12.91,4.267,0.084,2.201
12.92,4.324,0.079,2.13
12.93,4.413,0.076,2.069
12.94,4.429,0.077,2.064
12.95,4.494,0.079,2.097
12.96,4.543,0.0805,2.09
12.97,4.608,0.082,1.988
12.98,4.665,0.083,1.945
12.99,4.673,0.088,1.858
13,4.624,0.097,1.802
13.01,4.648,0.102,1.784
13.02,4.624,0.107,1.88
13.03,4.584,0.109,1.948
13.04,4.454,0.111,1.849
13.05,4.34,0.112,1.6745
13.06,4.226,0.117,1.5
13.07,4.088,0.119,1.506
13.08,3.999,0.118,1.603
13.09,3.91,0.118,1.691
13.1,3.861,0.117,1.664
13.11,3.869,0.113,1.619
13.12,3.877,0.109,1.615
13.13,3.885,0.113,1.587
13.14,3.926,0.116,1.532
13.15,4.08,0.119,1.523
13.16,4.34,0.122,1.498
13.17,4.478,0.125,1.422
13.18,4.697,0.137,1.184
13.19,4.762,0.142,1.033
13.2,4.892,0.141,0.772
13.21,4.973,0.152,0.563
13.22,5.087,0.156,0.5
13.23,5.152,0.159,0.525
13.24,5.387,0.163,0.5
13.25,5.655,0.17,0.511
13.26,5.801,0.174,0.465
13.27,6.118,0.189,0.387
13.28,6.426,0.201,0.176
13.29,6.67,0.2,0.062
13.3,6.881,0.198,0.042
13.31,6.8,0.192,0.046
13.32,6.386,0.186,0.043
13.33,6.069,0.18,0.052
13.34,5.379,0.174,0.054
13.35,5.071,0.168,0.056
13.36,4.543,0.166,0.054
13.37,4.088,0.161,0.071
13.38,3.958,0.158,0.149
13.39,3.764,0.156,0.227
13.4,3.907,0.158,0.2154
13.41,4.05,0.162,0.2038
13.42,4.192,0.165,0.1922
13.43,4.335,0.17,0.1806
13.44,4.478,0.171,0.169
13.45,4.527,0.17,0.123
13.46,4.673,0.16,0.1
13.47,4.957,0.149,0.045
13.48,5.363,0.144,0.018
13.49,5.574,0.135,-0.009
13.5,5.947,0.126,-0.02
13.51,6.069,0.125,-0.025
13.52,6.207,0.114,-0.029
13.53,6.443,0.105,-0.03
13.54,6.556,0.099,-0.03
13.55,6.775,0.092,-0.032
13.56,6.946,0.094,-0.032
13.57,7.027,0.095,-0.031
13.58,7.198,0.106,-0.035
13.59,7.433,0.112,-0.037
13.6,7.636,0.125,-0.04
13.61,8.058,0.134,-0.042
13.62,8.31,0.134,-0.043
13.63,8.367,0.14,-0.044
13.64,8.513,0.1497,-0.045
13.65,8.748,0.1595,-0.046
13.66,8.805,0.1692,-0.046
13.67,8.829,0.179,-0.045
13.68,8.837,0.175,-0.044
13.69,8.594,0.171,-0.042
13.7,8.018,0.169,-0.041
13.71,7.336,0.165,-0.046
13.72,6.767,0.161,-0.044
13.73,6.398,0.157,-0.0272
13.74,6.029,0.15,-0.0105
13.75,5.659,0.145,0.0063
13.76,5.29,0.133,0.023
13.77,5.33,0.129,0.03
13.78,5.485,0.123,0.038
13.79,5.525,0.12,0.037
13.8,5.55,0.119,0.039
13.81,5.533,0.112,0.047
13.82,5.452,0.103,0.07
13.83,5.501,0.101,0.081
13.84,5.46,0.1,0.103
13.85,5.403,0.098,0.118
13.86,5.379,0.099,0.144
13.87,5.257,0.099,0.18
13.88,5.144,0.098,0.204
13.89,5.087,0.096,0.245
13.9,5.006,0.095,0.3
13.91,4.933,0.095,0.328
13.92,4.957,0.094,0.381
13.93,4.989,0.093,0.42
13.94,4.981,0.092,0.432
13.95,4.933,0.091,0.489
13.96,4.916,0.088,0.534
13.97,4.916,0.087,0.548
13.98,4.941,0.089,0.58
13.99,4.981,0.089,0.612
14,5.022,0.09,0.67
14.01,5.079,0.092,0.684
14.02,5.063,0.092,0.689
14.03,5.095,0.092,0.701
14.04,5.095,0.092,0.705
14.05,5.111,0.097,0.69
14.06,5.152,0.105,0.712
14.07,5.468,0.125,0.71
14.08,5.866,0.133,0.719
14.09,6.094,0.156,0.713
14.1,6.629,0.1633,0.658
14.11,7.084,0.1705,0.597
14.12,7.173,0.1778,0.375
14.13,7.547,0.185,0.144
14.14,7.612,0.187,0.082
14.15,7.449,0.204,0.028
14.16,7.068,0.2135,0.015
14.17,6.824,0.223,0.001
14.18,6.142,0.222,0.002
14.19,5.858,0.219,0.0085
14.2,5.574,0.219,0.015
14.21,5.29,0.218,0.0215
14.22,5.006,0.217,0.028
14.23,5.022,0.215,0.039
14.24,5.046,0.224,0.072
14.25,5.343,0.231,0.0845
14.26,5.639,0.231,0.097
14.27,5.744,0.222,0.089
14.28,5.956,0.22,0.079
14.29,6.02,0.224,0.06
14.3,6.142,0.229,0.037
14.31,6.175,0.226,0.024
14.32,5.996,0.222,0.014
14.33,5.468,0.227,0.025
14.34,5.257,0.232,0.034
14.35,4.851,0.237,0.042
14.36,4.819,0.242,0.042
14.37,4.884,0.247,0.048
14.38,5.071,0.253,0.076
14.39,5.314,0.247,0.092
14.4,5.907,0.229,0.098
14.41,6.329,0.2228,0.066
14.42,6.772,0.2165,0.0532
14.43,7.215,0.2102,0.0404
14.44,7.659,0.204,0.0276
14.45,8.102,0.208,0.0148
14.46,8.545,0.2,0.002
14.47,8.886,0.188,-0.011
14.48,8.846,0.186,-0.012
14.49,8.204,0.184,-0.011
14.5,7.595,0.188,0.009
14.51,6.987,0.196,0.029
14.52,6.378,0.201,0.049
14.53,5.769,0.206,0.069
14.54,5.525,0.207,0.106
14.55,5.403,0.219,0.146
14.56,5.412,0.228,0.148
14.57,5.412,0.238,0.151
14.58,5.33,0.2495,0.15
14.59,5.176,0.261,0.156
14.6,5.111,0.27,0.195
14.61,5.233,0.279,0.2385
14.62,5.355,0.29,0.282
14.63,5.541,0.298,0.338
14.64,5.785,0.304,0.438
14.65,5.956,0.301,0.476
14.66,6.402,0.297,0.341
14.67,6.902,0.297,0.2085
14.68,7.401,0.297,0.076
14.69,7.652,0.296,0.044
14.7,8.001,0.3,0.011
14.71,8.229,0.31,0
14.72,8.318,0.312,-0.014
14.73,8.464,0.3115,-0.023
14.74,8.57,0.311,-0.025
14.75,8.659,0.308,-0.027
14.76,8.643,0.294,-0.029
14.77,8.618,0.282,-0.025
14.78,8.399,0.274,-0.025
14.79,7.831,0.26,-0.029
14.8,7.165,0.251,-0.03
14.81,6.816,0.249,-0.03
14.82,6.272,0.247,-0.0265
14.83,5.728,0.247,-0.023
14.84,5.59,0.248,-0.004
14.85,5.339,0.247,-0.001
14.86,5.168,0.241,0.011
14.87,5.144,0.237,0.023
14.88,5.038,0.236,0.031
14.89,5.127,0.235,0.034
14.9,5.456,0.23,0.0345
14.91,5.785,0.225,0.035
14.92,5.899,0.221,0.037
14.93,6.142,0.213,0.025
14.94,6.118,0.205,0.02
14.95,5.793,0.2,0.011
14.96,5.42,0.192,0.016
14.97,5.131,0.192,0.0285
14.98,4.843,0.194,0.041
14.99,4.843,0.199,0.066
15,4.908,0.2,0.08
15.01,4.981,0.2,0.106
15.02,5.095,0.198,0.13
15.03,5.168,0.193,0.129
15.04,5.095,0.178,0.103
15.05,4.949,0.167,0.086
15.06,4.868,0.158,0.09
15.07,4.827,0.157,0.101
15.08,4.9,0.158,0.121
15.09,5.03,0.16,0.132
15.1,5.598,0.161,0.138
15.11,6.305,0.157,0.131
15.12,6.832,0.152,0.143
15.13,7.985,0.141,0.105
15.14,8.74,0.14,0.066
15.15,9.39,0.143,0.016
15.16,9.625,0.154,-0.007
15.17,9.852,0.182,-0.013
15.18,9.755,0.194,-0.016
15.19,9.657,0.196,-0.014
15.2,9.438,0.201,-0.012
15.21,9.316,0.209,-0.011
15.22,8.87,0.206,-0.002
15.23,8.245,0.201,0.01
15.24,7.863,0.2,0.015
15.25,7.06,0.203,0.034
15.26,6.378,0.206,0.043
15.27,6.004,0.209,0.071
15.28,5.59,0.208,0.079
15.29,5.444,0.208,0.139
15.3,5.355,0.213,0.251
15.31,5.403,0.213,0.326
15.32,5.493,0.21,0.366
15.33,5.655,0.196,0.463
15.34,5.647,0.184,0.549
15.35,5.598,0.18,0.591
15.36,5.598,0.171,0.688
15.37,5.663,0.179,0.763
15.38,5.744,0.187,0.918
15.39,5.671,0.195,0.999
15.4,5.598,0.203,1.225
15.41,5.598,0.205,1.295
15.42,5.623,0.203,1.34
15.43,5.631,0.195,1.438
15.44,5.59,0.192,1.575
15.45,5.525,0.186,1.711
15.46,5.592,0.177,1.6653
15.47,5.659,0.171,1.6195
15.48,5.726,0.155,1.5738
15.49,5.793,0.141,1.528
15.5,5.679,0.137,1.72
15.51,5.533,0.132,1.848
15.52,5.403,0.131,1.901
15.53,5.363,0.121,2.004
15.54,5.355,0.112,2.124
15.55,5.436,0.107,2.176
15.56,5.501,0.111,2.242
15.57,5.663,0.11,2.268
15.58,5.769,0.107,2.215
15.59,5.818,0.107,2.178
15.6,5.842,0.108,2.203
15.61,5.809,0.105,2.206
15.62,5.793,0.107,2.059
15.63,5.809,0.119,2.069
15.64,5.874,0.13,2.071
15.65,5.923,0.16,2.111
15.66,6.069,0.177,2.181
15.67,6.305,0.179,2.183
15.68,6.475,0.186,2.184
15.69,6.938,0.192,2.013
15.7,7.482,0.19,1.505
15.71,7.604,0.198,1.271
15.72,7.482,0.218,1.221
15.73,7.36,0.228,1.344
15.74,7.417,0.248,1.493
15.75,7.474,0.255,1.566
15.76,7.628,0.281,1.285
15.77,8.018,0.314,1.221
15.78,8.326,0.35,1.102
15.79,9.146,0.373,0.823
15.8,11.492,0.418,0.75
15.81,16.493,0.441,1.037
15.82,20.081,0.464,1.338
15.83,27.655,0.483,0.571
15.84,35.132,0.4953,0.11
15.85,40.864,0.5077,0.109
15.86,44.866,0.52,0.046
15.87,47.196,0.522,0.03
15.88,47.927,0.524,0.03
15.89,48.511,0.536,0.044
15.9,45.954,0.548,0.113
15.91,43.397,0.56,0.182
15.92,42.073,0.569,0.201
15.93,42.068,0.578,0.1903
15.94,42.062,0.587,0.1797
15.95,42.057,0.591,0.169
15.96,42.626,0.59,0.16
15.97,43.194,0.589,0.151
15.98,43.248,0.594,0.1587
15.99,43.302,0.5955,0.1663
16,43.356,0.597,0.174
16.01,42.728,0.595,0.176
16.02,42.101,0.593,0.178
16.03,41.473,0.586,0.18
16.04,40.425,0.59,0.19
16.05,39.772,0.597,0.181
16.06,39.118,0.606,0.172
16.07,38.591,0.6055,0.179
16.08,37.978,0.605,0.1685
16.09,37.365,0.612,0.158
16.1,37.048,0.623,0.1605
16.11,36.732,0.6215,0.163
16.12,36.788,0.62,0.175
16.13,36.293,0.619,0.192
16.14,35.733,0.617,0.198
16.15,34.239,0.607,0.206
16.16,32.384,0.608,0.1935
16.17,30.529,0.5895,0.181
16.18,28.386,0.571,0.186
16.19,26.121,0.559,0.196
16.2,24.323,0.54,0.185
16.21,22.525,0.53,0.174
16.22,21.015,0.504,0.171
16.23,19.066,0.473,0.148
16.24,17.589,0.457,0.134
16.25,16.81,0.422,0.097
16.26,15.868,0.4043,0.0705
16.27,14.926,0.3867,0.044
16.28,14.301,0.369,0.042
16.29,13.717,0.371,0.048
16.3,13.359,0.348,0.062
16.31,12.369,0.307,0.07
16.32,11.102,0.293,0.063
16.33,10.453,0.273,0.06
16.34,9.138,0.271,0.083
16.35,8.188,0.275,0.289
16.36,7.238,0.283,0.495
16.37,6.288,0.283,0.701
16.38,6.069,0.275,1.111
16.39,6.313,0.259,1.108
16.4,6.589,0.24,1.069
16.41,6.597,0.234,0.991
16.42,6.061,0.234,0.905
16.43,5.72,0.235,0.909
16.44,5.972,0.237,1.337
16.45,6.061,0.238,1.697
16.46,6.305,0.2417,1.642
16.47,6.37,0.2455,1.49
16.48,6.353,0.2492,1.129
16.49,6.28,0.253,0.978
16.5,6.15,0.234,0.711
16.51,5.809,0.227,0.663
16.52,5.55,0.213,0.685
16.53,5.176,0.2,1.101
16.54,4.681,0.194,1.342
16.55,4.537,0.188,1.3305
16.56,4.393,0.187,1.319
16.57,4.249,0.178,1.3075
16.58,4.105,0.157,1.296
16.59,3.975,0.147,1.322
16.6,3.91,0.124,1.445
16.61,3.869,0.099,1.513
16.62,3.942,0.088,1.674
16.63,4.031,0.082,1.769
16.64,4.21,0.078,1.865
16.65,4.308,0.077,1.912
16.66,4.535,0.078,1.958
16.67,4.851,0.079,1.957
16.68,5.022,0.073,1.994
16.69,5.355,0.077,2.007
16.7,5.647,0.083,1.995
16.71,5.858,0.109,1.925
16.72,6.386,0.13,1.933
16.73,6.962,0.1455,2.061
16.74,7.189,0.161,1.917
16.75,7.214,0.163,1.725
16.76,7.173,0.165,1.218
16.77,7.303,0.172,0.842
16.78,7.246,0.181,0.766
16.79,7.222,0.229,0.53
16.8,7.06,0.258,0.952
16.81,7.116,0.256,1.287
16.82,7.112,0.251,1.2645
16.83,7.108,0.245,1.242
16.84,6.946,0.242,0.963
16.85,6.84,0.238,0.541
16.86,6.621,0.24,0.404
16.87,6.499,0.238,0.488
16.88,6.232,0.227,1.098
16.89,6.094,0.218,1.348
16.9,6.191,0.209,1.378
16.91,6.434,0.212,1.119
16.92,6.361,0.212,1.028
16.93,6.256,0.202,1.082
16.94,6.142,0.19,1.525
16.95,6.134,0.189,1.659
16.96,6.175,0.171,1.906
16.97,6.15,0.155,2.036
16.98,6.175,0.152,2.065
16.99,6.175,0.148,1.936
17,6.134,0.142,1.95
17.01,6.15,0.129,1.949
17.02,6.15,0.123,2.081
17.03,6.061,0.109,2.175
17.04,5.964,0.102,2.376
17.05,5.947,0.095,2.521
17.06,5.996,0.095,2.579
17.07,6.004,0.097,2.578
17.08,6.069,0.098,2.577
17.09,6.037,0.098,2.579
17.1,5.915,0.096,2.602
17.11,5.842,0.095,2.593
17.12,5.809,0.092,2.484
17.13,5.647,0.086,2.448
17.14,5.541,0.085,2.47
17.15,5.525,0.084,2.446
17.16,5.485,0.083,2.482
17.17,5.46,0.084,2.483
17.18,5.452,0.082,2.522
17.19,5.46,0.08,2.638
17.2,5.477,0.08,2.697
17.21,5.501,0.078,2.835
17.22,5.615,0.079,2.861
17.23,5.736,0.079,2.853
17.24,5.923,0.08,2.968
17.25,6.053,0.081,2.991
17.26,6.199,0.082,2.865
17.27,6.296,0.083,2.895
17.28,6.28,0.083,2.832
17.29,6.264,0.085,2.754
17.3,6.329,0.085,2.71
17.31,6.329,0.09,2.631
17.32,6.272,0.092,2.655
17.33,6.24,0.094,2.76
17.34,6.272,0.098,2.954
17.35,6.353,0.104,3.006
17.36,6.361,0.106,2.994
17.37,6.345,0.109,2.858
17.38,6.183,0.112,2.694
17.39,6.085,0.113,2.697
17.4,6.061,0.113,2.533
17.41,6.02,0.112,2.41
17.42,5.939,0.108,2.402
17.43,5.793,0.105,2.312
17.44,5.639,0.104,2.307
17.45,5.558,0.106,2.297
17.46,5.371,0.108,2.306
17.47,5.209,0.105,2.33
17.48,5.192,0.102,2.342
17.49,5.111,0.1,2.351
17.5,5.119,0.098,2.323
17.51,5.03,0.097,2.356
17.52,4.949,0.097,2.293
17.53,4.933,0.096,2.37
17.54,4.957,0.094,2.391
17.55,4.9,0.093,2.361
17.56,4.9,0.09,2.379
17.57,4.876,0.089,2.389
17.58,4.86,0.089,2.378
17.59,4.851,0.087,2.331
17.6,4.933,0.084,2.079
17.61,4.892,0.084,2.155
17.62,4.819,0.083,2.124
17.63,4.77,0.083,2.053
17.64,4.73,0.082,2.087
17.65,4.689,0.082,2.065
17.66,4.608,0.082,2.068
17.67,4.575,0.081,2.11
17.68,4.535,0.08,2.12
17.69,4.462,0.079,2.117
17.7,4.421,0.077,2.129
17.71,4.332,0.075,2.114
17.72,4.308,0.073,2.072
17.73,4.218,0.07,2.051
17.74,4.17,0.069,1.976
17.75,4.145,0.065,1.981
17.76,4.088,0.065,2.056
17.77,4.088,0.063,2.051
17.78,4.096,0.062,2.006
17.79,4.048,0.061,2.018
17.8,4.007,0.06,2.021
17.81,3.999,0.059,1.905
17.82,3.983,0.058,1.853
17.83,3.999,0.056,1.832
17.84,4.064,0.059,1.788
17.85,4.064,0.055,1.816
17.86,4.08,0.054,1.83
17.87,4.088,0.055,1.86
17.88,4.113,0.057,1.798
17.89,4.096,0.057,1.801
17.9,4.08,0.057,1.796
17.91,4.023,0.058,1.784
17.92,3.983,0.061,1.77
17.93,3.934,0.061,1.717
17.94,3.902,0.06,1.671
17.95,3.772,0.062,1.567
17.96,3.65,0.062,1.585
17.97,3.544,0.062,1.569
17.98,3.504,0.061,1.468
17.99,3.398,0.061,1.468
18,3.35,0.06,1.458
18.01,3.277,0.059,1.367
18.02,3.228,0.058,1.291
18.03,3.212,0.058,1.266
18.04,3.09,0.056,1.261
18.05,2.992,0.054,1.238
18.06,2.96,0.052,1.186
18.07,2.854,0.048,1.15
18.08,2.789,0.048,1.119
18.09,2.757,0.049,1.079
18.1,2.708,0.047,1.019
18.11,2.66,0.047,1.012
18.12,2.611,0.047,1.03
18.13,2.546,0.047,0.969
18.14,2.546,0.045,0.928
18.15,2.481,0.045,0.809
18.16,2.457,0.045,0.839
18.17,2.448,0.044,0.84
18.18,2.424,0.044,0.838
18.19,2.44,0.045,0.838
18.2,2.432,0.045,0.827
18.21,2.432,0.045,0.827
18.22,2.432,0.047,0.822
18.23,2.448,0.049,0.818
18.24,2.489,0.051,0.832
18.25,2.505,0.052,0.833
18.26,2.513,0.051,0.859
18.27,2.513,0.051,0.872
18.28,2.505,0.052,0.885
18.29,2.473,0.052,0.901
18.3,2.489,0.05,0.855
18.31,2.538,0.049,0.822
18.32,2.538,0.048,0.855
18.33,2.586,0.051,0.918
18.34,2.651,0.052,0.946
18.35,2.724,0.052,1.01
18.36,2.741,0.051,0.998
18.37,2.741,0.052,1.003
18.38,2.733,0.053,0.899
18.39,2.749,0.056,0.756
18.4,2.757,0.057,0.769
18.41,2.757,0.055,0.776
18.42,2.757,0.055,0.775
18.43,2.741,0.052,0.777
18.44,2.724,0.052,0.776
18.45,2.716,0.055,0.772
18.46,2.7,0.059,0.771
18.47,2.684,0.062,0.775
18.48,2.676,0.064,0.781
18.49,2.66,0.064,0.716
18.5,2.66,0.064,0.709
18.51,2.66,0.064,0.667
18.52,2.692,0.064,0.627
18.53,2.708,0.0625,0.633
18.54,2.7,0.061,0.621
18.55,2.692,0.063,0.63
18.56,2.692,0.064,0.635
18.57,2.708,0.067,0.65
18.58,2.716,0.068,0.684
18.59,2.708,0.069,0.698
18.6,2.7,0.072,0.686
18.61,2.781,0.073,0.69
18.62,2.826,0.072,0.6965
18.63,2.871,0.071,0.703
18.64,2.944,0.07,0.657
18.65,2.944,0.069,0.666
18.66,2.927,0.066,0.703
18.67,2.903,0.067,0.744
18.68,2.903,0.067,0.799
18.69,2.927,0.068,0.908
18.7,2.952,0.069,0.96
18.71,2.952,0.068,1.02
18.72,2.984,0.062,1.043
18.73,2.984,0.059,1.06
18.74,3,0.055,1.046
18.75,3.033,0.05,1.032
18.76,3.017,0.047,1.026
18.77,3,0.04,1.057
18.78,2.96,0.037,1.121
18.79,2.936,0.035,1.162
18.8,2.903,0.032,1.208
18.81,2.879,0.029,1.215
18.82,2.871,0.027,1.221
18.83,2.871,0.027,1.228
18.84,2.846,0.025,1.229
18.85,2.814,0.024,1.228
18.86,2.814,0.022,1.244
18.87,2.806,0.021,1.265
18.88,2.806,0.022,1.275
18.89,2.806,0.021,1.25
18.9,2.814,0.02,1.238
18.91,2.83,0.02,1.228
18.92,2.822,0.024,1.227
18.93,2.822,0.022,1.235
18.94,2.822,0.022,1.237
18.95,2.806,0.021,1.237
18.96,2.798,0.022,1.242
18.97,2.789,0.022,1.238
18.98,2.789,0.021,1.23
18.99,2.781,0.021,1.23
19,2.781,0.02,1.25
19.01,2.773,0.02,1.268
19.02,2.781,0.021,1.268
19.03,2.781,0.02,1.27
19.04,2.806,0.018,1.274
19.05,2.846,0.018,1.284
19.06,2.862,0.019,1.299
19.07,2.887,0.019,1.298
19.08,2.903,0.018,1.303
19.09,2.919,0.018,1.28
19.1,2.936,0.02,1.28
19.11,2.936,0.021,1.291
19.12,2.944,0.02,1.308
19.13,2.952,0.018,1.297
19.14,2.96,0.019,1.284
19.15,2.984,0.02,1.271
19.16,3.009,0.021,1.267
19.17,3.017,0.021,1.272
19.18,3.041,0.022,1.273
19.19,3.057,0.021,1.28
19.2,3.082,0.021,1.295
19.21,3.106,0.022,1.304
19.22,3.106,0.023,1.307
19.23,3.114,0.023,1.298
19.24,3.13,0.027,1.296
19.25,3.163,0.029,1.285
19.26,3.195,0.03,1.285
19.27,3.341,0.027,1.299
19.28,3.479,0.026,1.263
19.29,3.593,0.022,1.159
19.3,3.626,0.026,0.937
19.31,3.65,0.029,0.883
19.32,3.723,0.035,0.813
19.33,3.772,0.037,0.833
19.34,3.804,0.044,1.038
19.35,3.861,0.051,1.137
19.36,4.04,0.058,1.1
19.37,4.113,0.075,0.964
19.38,4.356,0.08,0.814
19.39,4.673,0.092,0.782
19.4,4.876,0.098,0.865
19.41,5.468,0.105,0.988
19.42,6.207,0.116,0.771
19.43,6.787,0.125,0.5035
19.44,7.368,0.146,0.236
19.45,7.644,0.164,0.028
19.46,7.595,0.169,0.002
19.47,7.482,0.171,-0.016
19.48,7.125,0.17,-0.013
19.49,6.889,0.165,-0.011
19.5,6.524,0.167,-0.002
19.51,6.459,0.169,0.012
19.52,6.508,0.171,0.023
19.53,6.727,0.178,0.044
19.54,7.1,0.183,0.053
19.55,7.303,0.1797,0.053
19.56,7.717,0.1765,0.039
19.57,7.961,0.1732,0.028
19.58,8.001,0.17,0.018
19.59,7.92,0.172,0.011
19.6,7.709,0.173,0.009
19.61,7.571,0.184,0.009
19.62,7.352,0.189,0.01
19.63,7.222,0.196,0.009
19.64,7.051,0.199,0.015
19.65,6.881,0.197,0.021
19.66,6.71,0.193,0.027
19.67,6.54,0.185,0.033
19.68,6.118,0.177,0.027
19.69,5.85,0.154,0.017
19.7,5.241,0.131,0.016
19.71,4.925,0.122,0.02
19.72,4.413,0.112,0.03
19.73,4.056,0.105,0.036
19.74,3.812,0.1,0.042
19.75,3.366,0.09,0.053
19.76,3.057,0.087,0.06
19.77,2.927,0.082,0.078
19.78,2.749,0.078,0.092
19.79,2.676,0.067,0.101
19.8,2.684,0.055,0.117
19.81,2.708,0.049,0.131
19.82,2.733,0.043,0.14
19.83,2.741,0.034,0.155
19.84,2.814,0.032,0.163
19.85,2.854,0.027,0.165
19.86,2.895,0.026,0.17
19.87,2.911,0.023,0.176
19.88,2.871,0.023,0.191
19.89,2.846,0.023,0.211
19.9,2.887,0.027,0.226
19.91,2.919,0.027,0.245
19.92,2.976,0.024,0.255
19.93,3.017,0.023,0.275
19.94,3.106,0.022,0.285
19.95,3.155,0.02,0.303
19.96,3.22,0.019,0.316
19.97,3.228,0.019,0.325
19.98,3.195,0.019,0.334
19.99,3.074,0.022,0.357
20,3.009,0.024,0.37
20.01,2.927,0.028,0.397
20.02,2.887,0.033,0.437
20.03,2.862,0.035,0.46
20.04,2.862,0.038,0.495
20.05,2.936,0.042,0.511
20.06,3,0.0445,0.547
20.07,3.203,0.047,0.574
20.08,3.463,0.045,0.588
20.09,3.617,0.046,0.604
20.1,3.983,0.047,0.577
20.11,4.421,0.049,0.526
20.12,4.584,0.052,0.391
20.13,4.77,0.052,0.304
20.14,4.746,0.054,0.286
20.15,4.429,0.055,0.2725
20.16,4.113,0.055,0.259
20.17,3.983,0.054,0.26
20.18,3.747,0.0555,0.295
20.19,3.601,0.057,0.322
20.2,3.301,0.063,0.383
20.21,3.074,0.066,0.424
20.22,3.033,0.063,0.541
20.23,3.049,0.062,0.585
20.24,3.138,0.064,0.575
20.25,3.212,0.066,0.546
20.26,3.366,0.065,0.502
20.27,3.422,0.065,0.4655
20.28,3.479,0.062,0.429
20.29,3.447,0.062,0.431
20.3,3.406,0.059,0.428
20.31,3.35,0.052,0.392
20.32,3.325,0.05,0.402
20.33,3.268,0.055,0.428
20.34,3.268,0.0515,0.454
20.35,3.301,0.048,0.466
20.36,3.293,0.043,0.487
20.37,3.195,0.044,0.499
20.38,3.138,0.043,0.538
20.39,3.114,0.04,0.575
20.4,3.049,0.039,0.479
20.41,2.992,0.039,0.449
20.42,2.903,0.041,0.538
20.43,2.842,0.04,0.587
20.44,2.781,0.038,0.636
20.45,2.789,0.036,0.676
20.46,2.798,0.034,0.746
20.47,2.838,0.031,0.764
20.48,2.838,0.03,0.754
20.49,2.806,0.029,0.566
20.5,2.806,0.027,0.651
20.51,2.814,0.022,0.717
20.52,2.846,0.021,0.728
20.53,2.83,0.019,0.729
20.54,2.798,0.017,0.719
20.55,2.781,0.019,0.735
20.56,2.789,0.02,0.744
20.57,2.789,0.022,0.766
20.58,2.789,0.022,0.811
20.59,2.806,0.021,0.828
20.6,2.879,0.023,0.868
20.61,2.976,0.025,0.88
20.62,3.017,0.024,0.882
20.63,3.074,0.024,0.857
20.64,3.074,0.022,0.833
20.65,3.057,0.02,0.783
20.66,2.952,0.02,0.773
20.67,2.895,0.019,0.795
20.68,2.789,0.021,0.844
20.69,2.842,0.02,0.8565
20.7,2.895,0.019,0.869
20.71,2.854,0.02,0.978
20.72,2.798,0.019,1.01
20.73,2.789,0.02,1.041
20.74,2.789,0.019,1.053
20.75,2.781,0.018,1.065
20.76,2.773,0.016,1.081
20.77,2.724,0.015,1.071
20.78,2.7,0.016,1.066
20.79,2.668,0.015,1.068
20.8,2.619,0.014,1.09
20.81,2.603,0.012,1.102
20.82,2.546,0.013,1.122
20.83,2.497,0.014,1.13
20.84,2.497,0.014,1.134
20.85,2.497,0.015,1.128
20.86,2.538,0.015,1.143
20.87,2.627,0.014,1.18
20.88,2.7,0.016,1.189
20.89,2.741,0.015,1.18
20.9,2.798,0.013,1.156
20.91,2.806,0.013,1.137
20.92,2.781,0.014,1.101
20.93,2.741,0.015,1.099
20.94,2.724,0.015,1.105
20.95,2.692,0.014,1.104
20.96,2.692,0.012,1.136
20.97,2.684,0.012,1.182
20.98,2.676,0.014,1.198
20.99,2.692,0.014,1.193
21,2.724,0.014,1.198
21.01,2.741,0.015,1.198
21.02,2.757,0.016,1.157
21.03,2.773,0.016,1.151
21.04,2.806,0.015,1.163
21.05,2.854,0.018,1.125
21.06,2.919,0.02,1.21
21.07,3.017,0.026,1.244
21.08,3.277,0.028,1.244
21.09,3.39,0.027,1.197
21.1,3.544,0.022,1.024
21.11,3.593,0.022,0.951
21.12,3.569,0.023,0.83
21.13,3.536,0.026,0.711
21.14,3.463,0.03,0.666
21.15,3.406,0.032,0.713
21.16,3.285,0.032,0.841
21.17,3.171,0.036,0.951
21.18,3.138,0.039,0.969
21.19,3.147,0.038,0.952
21.2,3.138,0.038,0.926
21.21,3.114,0.04,0.894
21.22,3.033,0.042,0.94
21.23,2.984,0.041,0.959
21.24,2.887,0.034,0.959
21.25,2.838,0.032,0.953
21.26,2.765,0.03,1.022
21.27,2.627,0.03,1.037
21.28,2.603,0.03,1.045
21.29,2.578,0.028,1.052
21.3,2.546,0.028,1.06
21.31,2.522,0.025,1.093
21.32,2.473,0.024,1.073
21.33,2.432,0.023,1.039
21.34,2.424,0.022,1.005
21.35,2.408,0.021,1.008
21.36,2.384,0.023,1.01
21.37,2.384,0.024,1.003
21.38,2.375,0.022,0.987
21.39,2.359,0.021,1.011
21.4,2.327,0.021,1.042
21.41,2.302,0.021,1.054
21.42,2.294,0.023,1.073
21.43,2.294,0.022,1.074
21.44,2.286,0.022,1.085
21.45,2.294,0.021,1.085
21.46,2.31,0.022,1.066
21.47,2.31,0.021,1.042
21.48,2.31,0.019,1.032
21.49,2.302,0.018,1.035
21.5,2.294,0.018,1.056
21.51,2.294,0.018,1.07
21.52,2.302,0.018,1.074
21.53,2.31,0.018,1.071
21.54,2.319,0.018,1.071
21.55,2.31,0.02,1.067
21.56,2.302,0.019,1.064
21.57,2.286,0.018,1.06
21.58,2.286,0.018,1.053
21.59,2.254,0.017,1.047
21.6,2.237,0.017,1.038
21.61,2.197,0.016,1.028
21.62,2.172,0.016,1.023
21.63,2.14,0.016,1.02
21.64,2.124,0.0158,1.015
21.65,2.107,0.0155,1.013
21.66,2.083,0.0152,1.015
21.67,2.075,0.015,1.016
21.68,2.075,0.0147,1.02
21.69,2.075,0.0145,1.019
21.7,2.091,0.0142,1.019
21.71,2.091,0.014,1.001
21.72,2.083,0.0137,0.997
21.73,2.083,0.0135,0.9901
21.74,2.083,0.0132,0.9832
21.75,2.083,0.013,0.9762
21.76,2.083,0.015,0.9693
21.77,2.083,0.016,0.9624
21.78,2.083,0.016,0.9555
21.79,2.083,0.015,0.9486
21.8,2.083,0.017,0.9417
21.81,2.083,0.018,0.9347
21.82,2.083,0.018,0.9278
21.83,2.083,0.017,0.9209
21.84,2.083,0.018,0.914
21.85,2.075,0.018,0.907
21.86,2.067,0.018,0.889
21.87,2.067,0.019,0.873
21.88,2.051,0.02,0.88
21.89,2.051,0.02,0.89
21.9,2.043,0.022,0.85
21.91,2.034,0.022,0.814
21.92,2.026,0.022,0.768
21.93,2.018,0.022,0.724
21.94,2.018,0.022,0.706
21.95,2.01,0.024,0.693
21.96,1.978,0.026,0.567
21.97,1.953,0.026,0.571
21.98,1.937,0.026,0.609
21.99,1.888,0.028,0.569
22,1.888,0.03,0.552
22.01,1.896,0.031,0.496
22.02,1.896,0.031,0.496
22.03,1.905,0.031,0.508
22.04,1.896,0.032,0.469
22.05,1.872,0.033,0.459
22.06,1.856,0.033,0.412
22.07,1.856,0.033,0.399
22.08,1.84,0.034,0.405
22.09,1.831,0.036,0.42
22.1,1.815,0.036,0.465
22.11,1.823,0.035,0.47
22.12,1.848,0.034,0.463
22.13,1.856,0.035,0.457
22.14,1.872,0.034,0.47
22.15,1.88,0.035,0.482
22.16,1.88,0.034,0.496
22.17,1.896,0.032,0.476
22.18,1.896,0.032,0.48
22.19,1.896,0.032,0.491
22.2,1.872,0.032,0.495
22.21,1.872,0.032,0.483
22.22,1.872,0.029,0.442
22.23,1.913,0.035,0.408
22.24,1.929,0.034,0.389
22.25,1.953,0.035,0.413
22.26,1.953,0.036,0.417
22.27,1.969,0.035,0.437
22.28,1.986,0.034,0.416
22.29,2.018,0.038,0.43
22.3,2.075,0.039,0.428
22.31,2.221,0.04,0.455
22.32,2.27,0.042,0.52
22.33,2.335,0.042,0.545
22.34,2.31,0.043,0.558
22.35,2.27,0.043,0.422
22.36,2.27,0.044,0.383
22.37,2.245,0.042,0.42
22.38,2.221,0.039,0.448
22.39,2.213,0.038,0.437
22.4,2.181,0.038,0.423
22.41,2.156,0.037,0.447
22.42,2.148,0.037,0.484
22.43,2.14,0.038,0.515
22.44,2.14,0.042,0.52
22.45,2.14,0.044,0.527
22.46,2.14,0.04,0.506
22.47,2.189,0.039,0.474
22.48,2.213,0.041,0.47
22.49,2.286,0.041,0.486
22.5,2.367,0.041,0.528
22.51,2.676,0.041,0.616
22.52,2.838,0.039,0.685
22.53,3.074,0.04,0.821
22.54,3.025,0.039,0.809
22.55,3,0.039,0.861
22.56,2.927,0.039,0.938
22.57,2.879,0.038,0.96
22.58,2.854,0.035,1.015
22.59,2.822,0.032,1.047
22.6,2.789,0.031,1.06
22.61,2.781,0.027,1.088
22.62,2.749,0.027,1.124
22.63,2.741,0.029,1.14
22.64,2.724,0.027,1.143
22.65,2.716,0.026,1.152
22.66,2.708,0.024,1.157
22.67,2.716,0.024,1.172
22.68,2.716,0.024,1.18
22.69,2.716,0.026,1.19
22.7,2.749,0.026,1.193
22.71,2.765,0.026,1.189
22.72,2.789,0.028,1.17
22.73,2.789,0.03,1.161
22.74,2.798,0.03,1.165
22.75,2.814,0.03,1.106
22.76,2.757,0.029,1.113
22.77,2.733,0.028,1.087
22.78,2.684,0.029,1.029
22.79,2.668,0.029,1
22.8,2.676,0.028,1.005
22.81,2.651,0.026,1.026
22.82,2.578,0.025,1.064
22.83,2.53,0.026,1.066
22.84,2.513,0.025,1.039
22.85,2.465,0.024,1.019
22.86,2.457,0.024,1.013
22.87,2.457,0.024,0.995
22.88,2.44,0.024,0.965
22.89,2.424,0.024,0.962
22.9,2.416,0.023,0.97
22.91,2.416,0.021,0.952
22.92,2.416,0.022,0.977
22.93,2.424,0.024,1.002
22.94,2.432,0.024,1.024
22.95,2.432,0.023,1.041
22.96,2.465,0.023,1.067
22.97,2.513,0.022,1.078
22.98,2.546,0.026,1.101
22.99,2.643,0.028,1.123
23,2.724,0.031,1.138
23.01,2.724,0.032,1.16
23.02,2.733,0.029,1.129
23.03,2.773,0.029,1.072
23.04,2.952,0.03,0.941
23.05,3.122,0.032,0.934
23.06,3.796,0.038,1.013
23.07,4.567,0.043,1.117
23.08,4.916,0.054,1.145
23.09,5.485,0.062,0.971
23.1,5.712,0.066,0.694
23.11,5.696,0.071,0.245
23.12,5.355,0.073,0.14
23.13,4.778,0.075,0.144
23.14,4.454,0.078,0.181
23.15,4.031,0.077,0.235
23.16,3.82,0.077,0.293
23.17,3.406,0.078,0.44
23.18,3.025,0.08,0.548
23.19,2.887,0.084,0.614
23.2,2.668,0.082,0.716
23.21,2.611,0.08,0.742
23.22,2.562,0.077,0.77
23.23,2.627,0.074,0.829
23.24,2.724,0.072,0.851
23.25,2.806,0.074,0.871
23.26,3.057,0.076,0.869
23.27,3.228,0.082,0.884
23.28,3.691,0.088,0.914
23.29,3.991,0.092,0.929
23.3,4.697,0.097,0.764
23.31,5.274,0.105,0.579
23.32,5.85,0.109,0.394
23.33,6.491,0.122,0.207
23.34,6.832,0.127,0.133
23.35,7.279,0.128,0.043
23.36,7.62,0.125,0.008
23.37,7.92,0.125,-0.002
23.38,8.18,0.123,-0.007
23.39,8.497,0.12,-0.016
23.4,8.74,0.118,-0.021
23.41,8.927,0.114,-0.021
23.42,9.178,0.112,-0.019
23.43,9.536,0.111,-0.017
23.44,9.706,0.112,-0.02
23.45,9.868,0.109,-0.019
23.46,9.893,0.104,-0.019
23.47,9.917,0.096,-0.016
23.48,9.925,0.089,-0.015
23.49,9.885,0.071,-0.014
23.5,9.779,0.065,-0.012
23.51,9.584,0.055,-0.01
23.52,9.43,0.056,-0.009
23.53,9.089,0.058,-0.008
23.54,8.732,0.06,-0.008
23.55,8.545,0.065,-0.008
23.56,8.156,0.069,-0.006
23.57,7.928,0.079,-0.006
23.58,7.498,0.089,-0.006
23.59,7.319,0.095,-0.006
23.6,7.011,0.11,-0.005
23.61,6.654,0.12,-0.005
23.62,6.443,0.126,-0.005
23.63,6.02,0.13,-0.002
23.64,5.647,0.127,-0.003
23.65,5.452,0.12,-0.005
23.66,4.998,0.12,-0.007
23.67,4.665,0.123,-0.008
23.68,4.519,0.141,-0.01
23.69,4.226,0.148,-0.007
23.7,4.121,0.155,-0.002
23.71,4.105,0.156,0.004
23.72,4.243,0.155,0.002
23.73,4.332,0.148,-0.002
23.74,4.584,0.143,-0.013
23.75,4.722,0.138,-0.016
23.76,4.73,0.127,-0.02
23.77,4.973,0.121,-0.002
23.78,4.876,0.118,-0.013
23.79,4.746,0.117,-0.015
23.8,4.697,0.116,-0.02
23.81,4.567,0.117,-0.019
23.82,4.372,0.114,-0.018
23.83,4.267,0.106,-0.016
23.84,4.21,0.107,-0.015
23.85,4.04,0.11,-0.013
23.86,3.788,0.112,-0.011
23.87,3.674,0.11,-0.011
23.88,3.544,0.114,-0.01
23.89,3.366,0.116,-0.009
23.9,3.293,0.123,-0.007
23.91,3.187,0.13,-0.004
23.92,3.163,0.132,-0.002
23.93,3.22,0.137,0.001
23.94,3.415,0.14,0.001
23.95,3.617,0.142,-0.001
23.96,3.707,0.142,-0.007
23.97,3.845,0.14,-0.011
23.98,3.885,0.138,-0.011
23.99,3.95,0.129,-0.011
24,4.064,0.122,-0.01
24.01,4.113,0.106,-0.011
24.02,4.267,0.09,-0.016
24.03,4.454,0.081,-0.019
24.04,4.567,0.064,-0.024
24.05,4.754,0.049,-0.03
24.06,4.9,0.044,-0.03
24.07,4.916,0.034,-0.03
24.08,4.998,0.03,-0.028
24.09,5.03,0.026,-0.028
24.1,5.095,0.021,-0.027
24.11,5.087,0.02,-0.026
24.12,5.046,0.019,-0.025
24.13,4.9,0.019,-0.022
24.14,4.77,0.022,-0.021
24.15,4.722,0.024,-0.019
24.16,4.592,0.023,-0.018
24.17,4.519,0.025,-0.017
24.18,4.332,0.028,-0.017
24.19,4.113,0.031,-0.016
24.2,4.023,0.037,-0.016
24.21,3.869,0.041,-0.016
24.22,3.804,0.042,-0.015
24.23,3.674,0.046,-0.015
24.24,3.561,0.046,-0.014
24.25,3.52,0.047,-0.014
24.26,3.447,0.049,-0.012
24.27,3.406,0.055,-0.012
24.28,3.341,0.057,-0.011
24.29,3.212,0.062,-0.011
24.3,3.049,0.065,-0.011
24.31,2.96,0.066,-0.011
24.32,2.708,0.066,-0.01
24.33,2.57,0.064,-0.009
24.34,2.327,0.065,-0.007
24.35,2.051,0.064,-0.005
24.36,1.71,0.064,-0.007
24.37,1.588,0.064,-0.007
24.38,1.466,0.063,-0.005
24.39,1.417,0.056,-0.003
24.4,1.409,0.053,-0.003
24.41,1.417,0.049,-0.002
24.42,1.426,0.041,-0.002
24.43,1.426,0.033,-0.002
24.44,1.417,0.032,-0.002
24.45,1.417,0.032,-0.002
24.46,1.417,0.03,-0.001
24.47,1.409,0.031,-0.001
24.48,1.385,0.034,-0.001
24.49,1.377,0.034,0
24.5,1.377,0.035,0
24.51,1.377,0.035,0.001
24.52,1.385,0.035,0.001
24.53,1.385,0.034,0
24.54,1.393,0.034,0.001
24.55,1.385,0.034,0.001
24.56,1.369,0.034,0.002
24.57,1.369,0.033,0.001
24.58,1.361,0.032,0.001
24.59,1.344,0.032,0.001
24.6,1.336,0.031,0.001
24.61,1.336,0.031,0.002
24.62,1.344,0.031,0.002
24.63,1.344,0.031,0.002
24.64,1.328,0.029,0.002
24.65,1.32,0.029,0.003
24.66,1.328,0.029,0.003
24.67,1.336,0.029,0.002
24.68,1.344,0.03,0.002
24.69,1.328,0.029,0.001
24.7,1.296,0.03,0.001
24.71,1.271,0.028,0.002
24.72,1.247,0.027,0.002
24.73,1.223,0.026,0.002
24.74,1.223,0.025,0.004
24.75,1.206,0.025,0.004
24.76,1.198,0.024,0.006
24.77,1.15,0.023,0.008
24.78,1.117,0.022,0.009
24.79,1.15,0.019,0.021
24.8,1.125,0.019,0.022
24.81,1.101,0.019,0.023
24.82,1.101,0.018,0.024
24.83,1.101,0.018,0.024
24.84,1.101,0.019,0.025
24.85,1.109,0.019,0.025
24.86,1.117,0.02,0.026
24.87,1.125,0.02,0.025
24.88,1.141,0.019,0.025
24.89,1.125,0.019,0.024
24.9,1.125,0.019,0.021
24.91,1.109,0.019,0.017
24.92,1.101,0.02,0.019
24.93,1.068,0.02,0.02
24.94,1.06,0.019,0.021
24.95,1.052,0.02,0.022
24.96,1.052,0.02,0.021
24.97,1.052,0.018,0.021
24.98,1.06,0.018,0.022
24.99,1.117,0.019,0.023
25,1.166,0.022,0.025
25.01,1.279,0.026,0.027
25.02,1.385,0.027,0.028
25.03,1.45,0.03,0.025
25.04,1.539,0.033,0.008
25.05,1.572,0.034,-0.007
25.06,1.637,0.036,-0.027
25.07,1.677,0.037,-0.024
25.08,1.693,0.037,-0.021
25.09,1.702,0.037,-0.016
25.1,1.693,0.041,-0.014
25.11,1.677,0.044,-0.01
25.12,1.677,0.045,-0.009
25.13,1.637,0.05,-0.014
25.14,1.637,0.051,-0.011
25.15,1.661,0.051,-0.01
25.16,1.685,0.049,-0.011
25.17,1.758,0.047,-0.011
25.18,1.783,0.047,-0.013
25.19,1.856,0.045,-0.012
25.2,1.945,0.045,-0.015
25.21,1.953,0.045,-0.016
25.22,1.913,0.048,-0.02
25.23,1.848,0.048,-0.02
25.24,1.807,0.049,-0.02
25.25,1.742,0.05,-0.022
25.26,1.718,0.05,-0.024
25.27,1.702,0.05,-0.025
25.28,1.71,0.05,-0.029
25.29,1.702,0.05,-0.03
25.3,1.685,0.052,-0.03
25.31,1.702,0.051,-0.03
25.32,1.734,0.051,-0.029
25.33,1.783,0.051,-0.028
25.34,1.807,0.05,-0.027
25.35,1.815,0.05,-0.03
25.36,1.823,0.051,-0.03
25.37,1.823,0.052,-0.03
25.38,1.783,0.051,-0.03
25.39,1.758,0.05,-0.03
25.4,1.767,0.05,-0.03
25.41,1.767,0.049,-0.033
25.42,1.775,0.049,-0.033
25.43,1.767,0.051,-0.033
25.44,1.75,0.051,-0.031
25.45,1.75,0.052,-0.03
25.46,1.783,0.052,-0.029
25.47,1.783,0.053,-0.03
25.48,1.791,0.055,-0.032
25.49,1.783,0.055,-0.034
25.5,1.791,0.056,-0.035
25.51,1.775,0.056,-0.037
25.52,1.758,0.054,-0.037
25.53,1.758,0.053,-0.037
25.54,1.767,0.052,-0.036
25.55,1.758,0.053,-0.036
25.56,1.767,0.052,-0.035
25.57,1.742,0.052,-0.034
25.58,1.734,0.053,-0.034
25.59,1.726,0.053,-0.033
25.6,1.734,0.053,-0.032
25.61,1.75,0.052,-0.031
25.62,1.758,0.052,-0.031
25.63,1.791,0.052,-0.031
25.64,1.791,0.052,-0.031
25.65,1.791,0.05,-0.032
25.66,1.775,0.049,-0.032
25.67,1.718,0.049,-0.032
25.68,1.702,0.049,-0.032
25.69,1.693,0.05,-0.033
25.7,1.702,0.05,-0.032
25.71,1.685,0.051,-0.032
25.72,1.71,0.056,-0.034
25.73,1.71,0.055,-0.034
25.74,1.693,0.055,-0.034
25.75,1.702,0.055,-0.035
25.76,1.71,0.054,-0.036
25.77,1.71,0.053,-0.037
25.78,1.693,0.053,-0.037
25.79,1.693,0.053,-0.037
25.8,1.693,0.052,-0.036
25.81,1.799,0.052,-0.029
25.82,1.856,0.051,-0.028
25.83,1.913,0.05,-0.028
25.84,1.929,0.05,-0.027
25.85,1.953,0.048,-0.026
25.86,1.945,0.048,-0.025
25.87,1.945,0.046,-0.025
25.88,1.953,0.046,-0.023
25.89,2.01,0.047,-0.022
25.9,2.116,0.048,-0.021
25.91,2.205,0.051,-0.02
25.92,2.343,0.052,-0.019
25.93,2.384,0.053,-0.019
25.94,2.481,0.054,-0.019
25.95,2.57,0.054,-0.021
25.96,2.643,0.055,-0.024
25.97,2.651,0.056,-0.025
25.98,2.595,0.057,-0.025
25.99,2.53,0.058,-0.024
26,2.53,0.06,-0.022
26.01,2.546,0.061,-0.022
26.02,2.538,0.063,-0.022
26.03,2.481,0.064,-0.021
26.04,2.408,0.065,-0.022
26.05,2.416,0.062,-0.023
26.06,2.4,0.059,-0.023
26.07,2.359,0.059,-0.023
26.08,2.343,0.056,-0.023
26.09,2.237,0.055,-0.023
26.1,2.172,0.053,-0.02
26.11,2.099,0.05,-0.019
26.12,2.059,0.049,-0.02
26.13,2.026,0.049,-0.021
26.14,2.01,0.048,-0.019
26.15,1.994,0.047,-0.018
26.16,1.986,0.044,-0.017
26.17,1.986,0.04,-0.016
26.18,2.002,0.037,-0.015
26.19,2.026,0.034,-0.014
26.2,2.051,0.033,-0.013
26.21,2.075,0.032,-0.012
26.22,2.083,0.031,-0.01
26.23,2.075,0.03,-0.006
26.24,2.067,0.029,-0.005
26.25,2.059,0.029,-0.003
26.26,2.067,0.027,-0.002
26.27,2.059,0.025,-0.002
26.28,2.043,0.025,-0.002
26.29,2.034,0.023,-0.002
26.3,2.051,0.022,-0.001
26.31,2.067,0.022,0.002
26.32,2.067,0.019,0.002
26.33,2.091,0.019,0.004
26.34,2.116,0.019,0.005
26.35,2.172,0.019,0.006
26.36,2.213,0.019,0.008
26.37,2.221,0.021,0.009
26.38,2.254,0.017,0.013
26.39,2.254,0.017,0.016
26.4,2.262,0.02,0.021
26.41,2.327,0.02,0.023
26.42,2.416,0.02,0.025
26.43,2.554,0.022,0.027
26.44,2.927,0.029,0.033
26.45,3.212,0.035,0.036
26.46,3.341,0.045,0.037
26.47,3.95,0.052,0.035
26.48,4.251,0.054,0.039
26.49,4.998,0.06,0.043
26.5,5.655,0.062,0.044
26.51,5.785,0.068,0.051
26.52,5.972,0.07,0.087
26.53,6.004,0.072,0.107
26.54,6.02,0.073,0.207
26.55,6.02,0.078,0.255
26.56,5.882,0.082,0.346
26.57,5.818,0.081,0.449
26.58,5.647,0.081,0.535
26.59,5.582,0.087,0.591
26.6,5.452,0.086,0.668
26.61,5.412,0.089,0.701
26.62,5.339,0.087,0.763
26.63,5.306,0.085,0.799
26.64,5.241,0.083,0.898
26.65,5.217,0.082,0.942
26.66,5.201,0.08,0.969
26.67,5.257,0.076,1.058
26.68,5.387,0.071,1.08
26.69,5.517,0.069,1.129
26.7,5.582,0.067,1.164
26.71,5.671,0.062,1.197
26.72,5.679,0.062,1.214
26.73,5.679,0.061,1.266
26.74,5.671,0.06,1.304
26.75,5.655,0.061,1.366
26.76,5.623,0.057,1.39
26.77,5.639,0.053,1.399
26.78,5.655,0.056,1.46
26.79,5.696,0.058,1.484
26.8,5.761,0.061,1.5
26.81,5.809,0.062,1.554
26.82,5.899,0.065,1.58
26.83,5.964,0.066,1.638
26.84,6.142,0.066,1.693
26.85,6.333,0.063,1.7985
26.86,6.524,0.063,1.904
26.87,6.629,0.063,1.931
26.88,6.743,0.065,1.942
26.89,6.775,0.066,1.967
26.9,6.751,0.068,2.003
26.91,6.686,0.07,2.067
26.92,6.589,0.071,2.067
26.93,6.572,0.072,1.993
26.94,6.572,0.072,1.968
26.95,6.605,0.07,1.972
26.96,6.597,0.068,2.004
26.97,6.564,0.069,2.035
26.98,6.524,0.069,2.038
26.99,6.499,0.068,2.089
27,6.467,0.068,2.113
27.01,6.386,0.07,2.182
27.02,6.41,0.072,2.22
27.03,6.443,0.076,2.27
27.04,6.564,0.075,2.294
27.05,6.694,0.074,2.311
27.06,6.816,0.076,2.366
27.07,7.084,0.079,2.39
27.08,7.271,0.08,2.398
27.09,7.295,0.081,2.389
27.1,7.254,0.079,2.339
27.11,7.181,0.077,2.259
27.12,7.019,0.074,2.135
27.13,6.857,0.074,2.051
27.14,6.784,0.075,2.069
27.15,6.662,0.075,2.149
27.16,6.597,0.075,2.206
27.17,6.532,0.078,2.336
27.18,6.581,0.079,2.399
27.19,6.751,0.083,2.5
27.2,6.857,0.089,2.516
27.21,7.076,0.097,2.514
27.22,7.181,0.101,2.578
27.23,7.36,0.102,2.552
27.24,7.49,0.1,2.471
27.25,7.579,0.098,2.476
27.26,7.798,0.098,2.554
27.27,7.904,0.1,2.591
27.28,8.123,0.104,2.568
27.29,8.326,0.1052,2.581
27.3,8.48,0.1065,2.572
27.31,8.407,0.1077,2.511
27.32,8.05,0.109,2.443
27.33,7.953,0.107,2.316
27.34,8.058,0.108,2.303
27.35,8.115,0.107,2.284
27.36,8.058,0.109,2.167
27.37,7.717,0.11,2.262
27.38,7.546,0.109,2.2313
27.39,7.376,0.105,2.2005
27.4,7.205,0.101,2.1697
27.41,7.035,0.098,2.139
27.42,6.938,0.091,2.037
27.43,6.751,0.089,1.961
27.44,6.637,0.089,1.925
27.45,6.361,0.088,1.945
27.46,6.11,0.086,1.977
27.47,5.98,0.084,2.011
27.48,5.842,0.087,1.986
27.49,5.818,0.091,2.011
27.5,5.842,0.093,2.038
27.51,5.923,0.092,2.103
27.52,5.98,0.092,2.154
27.53,6.061,0.09,2.212
27.54,6.167,0.083,2.201
27.55,6.232,0.082,2.16
27.56,6.329,0.084,2.064
27.57,6.378,0.084,2.028
27.58,6.394,0.08,1.984
27.59,6.386,0.078,1.958
27.6,6.361,0.076,1.961
27.61,6.361,0.076,1.978
27.62,6.313,0.078,1.962
27.63,6.256,0.08,1.974
27.64,6.248,0.083,2.038
27.65,6.256,0.089,2.102
27.66,6.305,0.092,2.119
27.67,6.451,0.096,2.136
27.68,6.662,0.098,2.181
27.69,6.767,0.1,2.205
27.7,7.003,0.103,2.251
27.71,7.287,0.104,2.268
27.72,7.425,0.101,2.304
27.73,7.733,0.098,2.356
27.74,8.034,0.092,2.357
27.75,8.123,0.088,2.265
27.76,8.123,0.082,2.105
27.77,8.066,0.08,2.03
27.78,7.758,0.075,1.903
27.79,7.344,0.0772,1.721
27.8,7.189,0.0795,1.76
27.81,6.873,0.0818,1.991
27.82,6.719,0.084,2.089
27.83,6.524,0.087,2.233
27.84,6.41,0.092,2.25
27.85,6.321,0.096,2.235
27.86,6.288,0.099,2.197
27.87,6.232,0.1,2.172
27.88,6.266,0.097,2.146
27.89,6.301,0.094,2.12
27.9,6.335,0.091,2.094
27.91,6.37,0.095,2.068
27.92,6.313,0.099,2.001
27.93,6.248,0.104,1.878
27.94,6.24,0.105,1.833
27.95,6.191,0.099,1.685
27.96,5.988,0.098,1.359
27.97,5.679,0.098,1.234
27.98,5.477,0.099,1.089
27.99,5.306,0.102,1.172
28,5.209,0.101,1.246
28.01,5.144,0.103,1.422
28.02,5.022,0.105,1.528
28.03,4.965,0.106,1.508
28.04,4.933,0.112,1.487
28.05,4.981,0.115,1.482
28.06,4.998,0.12,1.47
28.07,5.03,0.116,1.532
28.08,5.054,0.111,1.505
28.09,5.119,0.107,1.396
28.1,5.241,0.108,1.3
28.11,5.314,0.107,1.281
28.12,5.387,0.111,1.149
28.13,5.33,0.116,1.148
28.14,5.322,0.119,1.192
28.15,5.282,0.121,1.235
28.16,5.387,0.116,1.072
28.17,5.436,0.112,1.037
28.18,5.477,0.12,1.102
28.19,5.623,0.124,1.13
28.2,5.736,0.129,1.12
28.21,5.931,0.128,1.127
28.22,5.858,0.123,1.063
28.23,5.728,0.113,0.947
28.24,5.55,0.105,0.978
28.25,5.395,0.102,0.841
28.26,5.347,0.099,0.789
28.27,5.184,0.097,0.973
28.28,5.079,0.096,1.079
28.29,4.892,0.101,1.203
28.3,4.77,0.104,1.278
28.31,4.754,0.11,1.363
28.32,4.811,0.117,1.433
28.33,5.046,0.119,1.478
28.34,5.29,0.118,1.599
28.35,6.085,0.115,1.635
28.36,6.646,0.11,1.526
28.37,6.84,0.109,1.516
28.38,7.003,0.104,1.378
28.39,7.076,0.1,1.321
28.4,6.93,0.094,1.443
28.41,6.743,0.092,1.72
28.42,6.702,0.09,1.816
28.43,6.605,0.086,1.931
28.44,6.54,0.084,1.99
28.45,6.434,0.0834,2.071
28.46,6.337,0.0828,2.082
28.47,6.248,0.0822,2.142
28.48,6.232,0.0816,2.233
28.49,6.24,0.081,2.277
28.5,6.28,0.081,2.371
28.51,6.305,0.081,2.418
28.52,6.329,0.081,2.44
28.53,6.353,0.082,2.485
28.54,6.397,0.082,2.5244
28.55,6.441,0.082,2.5638
28.56,6.484,0.081,2.6032
28.57,6.528,0.082,2.6426
28.58,6.572,0.082,2.682
28.59,6.54,0.081,2.722
28.6,6.491,0.081,2.755
28.61,6.491,0.081,2.852
28.62,6.499,0.082,2.946
28.63,6.597,0.082,2.972
28.64,6.67,0.083,3.004
28.65,6.8,0.086,3.039
28.66,6.84,0.088,3.046
28.67,6.922,0.09,3.029
28.68,6.954,0.093,2.985
28.69,6.97,0.093,2.947
28.7,6.987,0.094,2.919
28.71,6.995,0.093,2.882
28.72,6.978,0.089,2.832
28.73,6.962,0.088,2.845
28.74,6.913,0.088,2.852
28.75,6.873,0.089,2.873
28.76,6.784,0.089,2.833
28.77,6.686,0.088,2.815
28.78,6.654,0.088,2.839
28.79,6.597,0.088,2.865
28.8,6.581,0.0852,2.868
28.81,6.589,0.0825,2.907
28.82,6.613,0.0797,2.981
28.83,6.662,0.077,3.014
28.84,6.775,0.08,3.048
28.85,6.849,0.082,3.041
28.86,6.905,0.081,3.073
28.87,7.035,0.081,3.111
28.88,7.133,0.082,3.118
28.89,7.22,0.082,3.1147
28.9,7.308,0.084,3.1115
28.91,7.395,0.079,3.1082
28.92,7.482,0.077,3.105
28.93,7.384,0.078,3.104
28.94,7.263,0.081,3.09
28.95,7.125,0.085,3.059
28.96,7.092,0.087,3.142
28.97,7.157,0.088,3.22
28.98,7.189,0.092,3.323
28.99,7.254,0.091,3.375
29,7.311,0.089,3.327
29.01,7.336,0.088,3.267
29.02,7.352,0.087,3.287
29.03,7.344,0.087,3.271
29.04,7.336,0.087,3.36
29.05,7.311,0.084,3.377
29.06,7.303,0.083,3.388
29.07,7.254,0.081,3.402
29.08,7.254,0.082,3.388
29.09,7.271,0.086,3.356
29.1,7.23,0.089,3.312
29.11,7.149,0.089,3.276
29.12,7.157,0.089,3.11
29.13,7.165,0.091,2.878
29.14,7.149,0.092,2.872
29.15,7.116,0.094,2.766
29.16,7.019,0.1,2.65
29.17,6.962,0.104,2.586
29.18,6.849,0.106,2.566
29.19,6.702,0.11,2.381
29.2,6.524,0.113,2.304
29.21,6.426,0.118,2.173
29.22,6.272,0.121,2.195
29.23,6.158,0.119,2.192
29.24,6.142,0.115,2.169
29.25,6.15,0.108,2.156
29.26,6.215,0.105,2.181
29.27,6.264,0.108,2.3
29.28,6.491,0.117,2.403
29.29,6.621,0.123,2.411
29.3,6.824,0.132,2.416
29.31,6.938,0.139,2.282
29.32,6.962,0.141,2.119
29.33,6.873,0.144,1.448
29.34,6.646,0.147,1.249
29.35,6.532,0.151,1.013
29.36,6.305,0.158,1.117
29.37,6.256,0.161,1.175
29.38,6.296,0.177,1.347
29.39,6.41,0.195,1.483
29.4,6.564,0.205,1.539
29.41,6.654,0.219,1.377
29.42,6.857,0.226,1.25
29.43,6.97,0.235,1.188
29.44,7.279,0.244,1.078
29.45,7.709,0.256,0.939
29.46,7.953,0.264,0.889
29.47,8.407,0.276,0.836
29.48,8.724,0.2845,0.672
29.49,8.724,0.293,0.369
29.5,8.578,0.306,0.199
29.51,8.31,0.314,0.067
29.52,7.912,0.315,0.0505
29.53,7.514,0.315,0.034
29.54,7.068,0.305,0.043
29.55,6.849,0.295,0.048
29.56,6.605,0.282,0.071
29.57,6.71,0.284,0.1385
29.58,6.816,0.299,0.206
29.59,6.954,0.303,0.338
29.6,7.246,0.2963,0.387
29.61,7.36,0.2897,0.37
29.62,7.449,0.283,0.322
29.63,7.165,0.263,0.179
29.64,7.1,0.255,0.089
29.65,7.141,0.261,0.078
29.66,7.189,0.268,0.093
29.67,7.384,0.291,0.19
29.68,7.449,0.299,0.256
29.69,7.555,0.301,0.2257
29.7,7.66,0.301,0.1953
29.71,7.766,0.305,0.165
29.72,7.806,0.314,0.097
29.73,7.806,0.322,0.047
29.74,7.685,0.323,0.044
29.75,7.62,0.324,0.06
29.76,7.409,0.325,0.082
29.77,7.141,0.308,0.062
29.78,6.987,0.3,0.054
29.79,6.759,0.3108,0.06
29.8,6.759,0.3216,0.066
29.81,7.092,0.3324,0.136
29.82,7.587,0.3432,0.291
29.83,8.301,0.354,0.2447
29.84,9.016,0.354,0.1983
29.85,9.73,0.361,0.152
29.86,10.437,0.376,0.082
29.87,10.899,0.388,0.037
29.88,11.253,0.416,0.024
29.89,11.607,0.437,0.011
29.9,11.961,0.446,-0.002
29.91,12.315,0.441,-0.015
29.92,12.669,0.419,-0.028
29.93,12.288,0.396,-0.028
29.94,11.167,0.384,-0.027
29.95,9.73,0.365,-0.026
29.96,9.349,0.354,-0.021
29.97,8.683,0.342,0.006
29.98,8.245,0.3347,0.065
29.99,7.969,0.3273,0.107
30,7.806,0.32,0.144
30.01,7.612,0.296,0.143
30.02,7.352,0.28,0.126
30.03,7.165,0.249,0.116
30.04,6.678,0.215,0.116
30.05,6.467,0.2045,0.117
30.06,6.102,0.194,0.12
30.07,5.829,0.192,0.1397
30.08,5.555,0.181,0.1593
30.09,5.282,0.171,0.179
30.1,5.274,0.171,0.199
30.11,5.347,0.17,0.243
30.12,5.606,0.169,0.266
30.13,6.012,0.164,0.291
30.14,6.26,0.156,0.3235
30.15,6.508,0.148,0.356
30.16,6.613,0.143,0.371
30.17,6.735,0.132,0.378
30.18,6.824,0.116,0.436
30.19,6.897,0.11,0.699
30.2,7.181,0.115,0.989
30.21,7.863,0.123,1.303
30.22,8.456,0.126,1.393
30.23,11.654,0.121,1.642
30.24,12.791,0.125,1.273
30.25,14.991,0.133,0.542
30.26,16.891,0.139,0.235
30.27,18.303,0.1359,0.044
30.28,18.352,0.1328,0.053
30.29,19.237,0.1298,0.045
30.3,20.032,0.1267,0.035
30.31,20.625,0.1236,0.035
30.32,21.283,0.1205,0.022
30.33,21.778,0.1175,0.015
30.34,22.159,0.1144,0.01
30.35,22.492,0.1113,0.007
30.36,22.584,0.1082,0.0052
30.37,22.677,0.1052,0.0035
30.38,22.769,0.1021,0.0017
30.39,22.862,0.099,-0.0001
30.4,22.954,0.103,-0.0018
30.41,23.047,0.1,-0.0036
30.42,23.139,0.102,-0.0054
30.43,23.232,0.1065,-0.0072
30.44,23.324,0.111,-0.0089
30.45,23.417,0.121,-0.0107
30.46,23.509,0.116,-0.0125
30.47,23.602,0.118,-0.0142
30.48,23.694,0.13,-0.016
30.49,24.343,0.142,-0.018
30.5,24.043,0.151,-0.019
30.51,23.816,0.14,-0.02
30.52,24.128,0.135,-0.02
30.53,24.441,0.134,-0.02
30.54,24.571,0.143,-0.02
30.55,24.213,0.147,-0.016
30.56,24.506,0.156,-0.016
30.57,24.627,0.163,-0.017
30.58,24.619,0.172,-0.019
30.59,24.676,0.174,-0.021
30.6,24.083,0.177,-0.023
30.61,24.449,0.18,-0.024
30.62,24.522,0.178,-0.025
30.63,24.538,0.179,-0.026
30.64,24.571,0.182,-0.027
30.65,24.579,0.177,-0.029
30.66,24.595,0.176,-0.028
30.67,24.587,0.181,-0.028
30.68,24.644,0.181,-0.028
30.69,24.668,0.181,-0.028
30.7,24.741,0.188,-0.026
30.71,24.79,0.192,-0.025
30.72,24.782,0.194,-0.025
30.73,24.749,0.189,-0.027
30.74,24.855,0.184,-0.028
30.75,24.879,0.179,-0.029
30.76,24.92,0.174,-0.03
30.77,24.968,0.169,-0.031
30.78,25.001,0.164,-0.032
30.79,25.09,0.167,-0.034
30.8,25.114,0.17,-0.034
30.81,25.261,0.1667,-0.036
30.82,25.277,0.1633,-0.0335
30.83,25.293,0.16,-0.031
30.84,25.309,0.1567,-0.0285
30.85,25.326,0.1533,-0.026
30.86,25.342,0.15,-0.0235
30.87,25.358,0.1522,-0.021
30.88,25.496,0.1544,-0.021
30.89,25.634,0.1566,-0.021
30.9,25.755,0.1588,-0.0203
30.91,25.875,0.161,-0.0197
30.92,25.995,0.162,-0.019
30.93,26.116,0.163,-0.0183
30.94,26.236,0.161,-0.0177
30.95,26.357,0.172,-0.017
30.96,26.51,0.178,-0.0182
30.97,26.662,0.182,-0.0194
30.98,26.815,0.1885,-0.0206
30.99,26.967,0.195,-0.0218
31,27.12,0.204,-0.023
31.01,27.148,0.195,-0.022
31.02,27.176,0.186,-0.021
31.03,27.712,0.177,-0.025
31.04,27.818,0.168,-0.027
31.05,28.005,0.159,-0.028
31.06,28.078,0.166,-0.03
31.07,27.96,0.184,-0.032
31.08,27.842,0.187,-0.034
31.09,27.948,0.19,-0.035
31.1,27.932,0.201,-0.0363
31.11,27.915,0.202,-0.0377
31.12,27.899,0.214,-0.039
31.13,27.911,0.219,-0.0405
31.14,27.923,0.2035,-0.042
31.15,27.923,0.188,-0.043
31.16,27.777,0.187,-0.044
31.17,27.615,0.187,-0.0445
31.18,27.453,0.186,-0.045
31.19,27.477,0.1633,-0.046
31.2,27.493,0.1407,-0.048
31.21,27.404,0.118,-0.048
31.22,27.347,0.113,-0.049
31.23,27.148,0.115,-0.049
31.24,26.949,0.117,-0.049
31.25,27.185,0.117,-0.049
31.26,27.323,0.117,-0.049
31.27,27.428,0.123,-0.049
31.28,27.393,0.138,-0.0487
31.29,27.358,0.1375,-0.0483
31.3,27.323,0.137,-0.048
31.31,27.176,0.134,-0.048
31.32,27.371,0.131,-0.048
31.33,27.566,0.128,-0.048
31.34,27.712,0.131,-0.0475
31.35,27.858,0.138,-0.047
31.36,28.078,0.153,-0.046
31.37,28.419,0.152,-0.046
31.38,28.52,0.151,-0.0455
31.39,28.622,0.166,-0.045
31.4,28.549,0.18,-0.0447
31.41,28.475,0.197,-0.0443
31.42,28.402,0.18,-0.044
31.43,28.971,0.163,-0.044
31.44,28.889,0.171,-0.044
31.45,29.027,0.173,-0.044
31.46,28.857,0.157,-0.044
31.47,28.686,0.141,-0.044
31.48,28.703,0.147,-0.044
31.49,28.622,0.153,-0.043
31.5,28.443,0.162,-0.043
31.51,28.341,0.168,-0.043
31.52,28.24,0.173,-0.043
31.53,28.102,0.156,-0.043
31.54,28.053,0.139,-0.042
31.55,27.911,0.139,-0.042
31.56,27.769,0.139,-0.042
31.57,27.858,0.144,-0.042
31.58,27.964,0.155,-0.042
31.59,28.11,0.162,-0.04
31.6,28.143,0.155,-0.04
31.61,28.264,0.148,-0.04
31.62,28.248,0.155,-0.0395
31.63,28.232,0.166,-0.039
31.64,28.581,0.18,-0.04
31.65,28.711,0.185,-0.039
31.66,28.914,0.174,-0.039
31.67,28.995,0.163,-0.039
31.68,29.036,0.17,-0.039
31.69,29.125,0.168,-0.039
31.7,29.214,0.178,-0.039
31.71,29.515,0.1685,-0.039
31.72,29.677,0.159,-0.038
31.73,29.807,0.17,-0.038
31.74,29.912,0.18,-0.038
31.75,29.872,0.182,-0.0375
31.76,29.831,0.1715,-0.037
31.77,29.945,0.161,-0.037
31.78,30.237,0.171,-0.037
31.79,30.481,0.176,-0.036
31.8,30.509,0.182,-0.036
31.81,30.537,0.186,-0.036
31.82,30.529,0.19,-0.035
31.83,30.408,0.2,-0.035
31.84,30.375,0.202,-0.035
31.85,30.306,0.198,-0.0355
31.86,30.237,0.1848,-0.036
31.87,30.107,0.1716,-0.036
31.88,29.977,0.1584,-0.035
31.89,29.774,0.1452,-0.035
31.9,29.409,0.132,-0.035
31.91,29.174,0.137,-0.035
31.92,28.719,0.143,-0.035
31.93,28.289,0.145,-0.035
31.94,27.834,0.149,-0.035
31.95,27.409,0.149,-0.0346
31.96,26.983,0.151,-0.0342
31.97,26.558,0.152,-0.0338
31.98,26.132,0.147,-0.0334
31.99,25.707,0.144,-0.033
32,25.723,0.137,-0.033
32.01,25.772,0.134,-0.032
32.02,25.837,0.146,-0.031
32.03,25.991,0.1397,-0.031
32.04,26.121,0.1334,-0.03
32.05,26.227,0.1271,-0.029
32.06,26.324,0.1209,-0.029
32.07,26.332,0.1146,-0.028
32.08,26.227,0.1083,-0.03
32.09,26.137,0.102,-0.03
32.1,26.105,0.104,-0.031
32.11,26.186,0.124,-0.031
32.12,26.333,0.145,-0.0271
32.13,26.481,0.154,-0.0233
32.14,26.628,0.1435,-0.0194
32.15,26.775,0.133,-0.0156
32.16,26.922,0.118,-0.0117
32.17,27.07,0.136,-0.0079
32.18,27.217,0.137,-0.004
32.19,27.729,0.141,-0.013
32.2,28.354,0.1295,-0.017
32.21,28.922,0.118,-0.021
32.22,29.027,0.125,-0.021
32.23,28.934,0.133,-0.0225
32.24,28.841,0.134,-0.024
32.25,29.401,0.135,-0.025
32.26,29.571,0.146,-0.027
32.27,30.042,0.166,-0.027
32.28,30.367,0.18,-0.026
32.29,30.371,0.185,-0.026
32.3,30.375,0.193,-0.026
32.31,30.602,0.192,-0.027
32.32,30.659,0.183,-0.029
32.33,30.537,0.177,-0.029
32.34,30.408,0.167,-0.03
32.35,30.164,0.152,-0.03
32.36,29.847,0.152,-0.032
32.37,29.563,0.162,-0.032
32.38,29.531,0.173,-0.034
32.39,29.523,0.1535,-0.034
32.4,29.62,0.134,-0.034
32.41,29.864,0.133,-0.034
32.42,30.067,0.134,-0.034
32.43,30.302,0.135,-0.033
32.44,30.594,0.141,-0.033
32.45,30.7,0.1382,-0.033
32.46,30.635,0.1355,-0.033
32.47,30.529,0.1327,-0.034
32.48,30.371,0.13,-0.0345
32.49,30.213,0.126,-0.035
32.5,30.408,0.122,-0.035
32.51,30.675,0.118,-0.035
32.52,30.992,0.132,-0.035
32.53,31.463,0.114,-0.035
32.54,31.623,0.096,-0.0345
32.55,31.784,0.102,-0.034
32.56,31.944,0.114,-0.0335
32.57,32.104,0.107,-0.033
32.58,32.088,0.1,-0.0333
32.59,32.072,0.11,-0.0337
32.6,32.056,0.117,-0.034
32.61,32.258,0.111,-0.033
32.62,32.307,0.105,-0.033
32.63,32.356,0.114,-0.033
32.64,32.518,0.1077,-0.032
32.65,32.697,0.1013,-0.031
32.66,32.644,0.095,-0.0315
32.67,32.591,0.107,-0.032
32.68,32.851,0.116,-0.03
32.69,32.867,0.105,-0.03
32.7,32.669,0.094,-0.0305
32.71,32.47,0.101,-0.031
32.72,32.543,0.094,-0.03
32.73,32.551,0.087,-0.03
32.74,32.559,0.097,-0.03
32.75,32.567,0.092,-0.03
32.76,32.884,0.087,-0.029
32.77,33.119,0.091,-0.028
32.78,33.046,0.106,-0.0285
32.79,32.973,0.093,-0.029
32.8,33.192,0.0843,-0.029
32.81,33.115,0.0757,-0.0285
32.82,33.038,0.067,-0.028
32.83,33.858,0.0717,-0.028
32.84,33.724,0.0763,-0.0275
32.85,33.59,0.081,-0.027
32.86,34.71,0.096,-0.027
32.87,35.246,0.096,-0.026
32.88,34.572,0.096,-0.025
32.89,34.096,0.105,-0.0173
32.9,33.619,0.104,-0.0097
32.91,33.143,0.104,-0.002
32.92,34.036,0.104,-0.0063
32.93,34.929,0.119,-0.0107
32.94,35.822,0.116,-0.015
32.95,36.342,0.113,-0.021
32.96,36.269,0.123,-0.0205
32.97,36.196,0.12,-0.02
32.98,36.764,0.117,-0.021
32.99,36.318,0.1177,-0.021
33,36.428,0.1183,-0.0205
33.01,36.537,0.119,-0.02
33.02,36.821,0.1215,-0.021
33.03,36.419,0.124,-0.011
33.04,36.017,0.1265,-0.001
33.05,36.212,0.129,-0.005
33.06,36.082,0.145,0.007
33.07,35.952,0.153,0.019
33.08,35.958,0.1505,0.0123
33.09,35.963,0.148,0.0057
33.1,35.969,0.1447,-0.001
33.11,35.928,0.1413,-0.003
33.12,35.887,0.138,-0.005
33.13,35.721,0.14,-0.0065
33.14,35.554,0.133,-0.008
33.15,35.709,0.126,-0.01
33.16,35.692,0.119,-0.01
33.17,35.473,0.129,-0.0105
33.18,35.254,0.1165,-0.011
33.19,35.138,0.104,-0.0107
33.2,35.021,0.1083,-0.0103
33.21,34.905,0.1127,-0.01
33.22,35.075,0.117,-0.009
33.23,34.856,0.1205,-0.0103
33.24,34.637,0.124,-0.0117
33.25,34.418,0.128,-0.013
33.26,34.978,0.133,-0.012
33.27,34.43,0.136,0.0085
33.28,33.882,0.1385,0.029
33.29,33.509,0.141,0.0247
33.3,33.135,0.142,0.0203
33.31,32.762,0.14,0.016
33.32,32.786,0.139,0.0175
33.33,32.811,0.139,0.019
33.34,32.924,0.135,0.017
33.35,33.679,0.131,0.014
33.36,33.923,0.129,0.011
33.37,33.752,0.127,0.008
33.38,33.582,0.125,0.005
33.39,33.468,0.128,0.004
33.4,33.428,0.1273,0.004
33.41,33.428,0.1267,0.005
33.42,33.127,0.126,0.002
33.43,32.238,0.125,0.002
33.44,31.349,0.1247,0.002
33.45,31.585,0.1243,0.0027
33.46,31.82,0.124,0.0033
33.47,32.056,0.123,0.004
33.48,31.26,0.122,0.006
33.49,31.206,0.121,0.006
33.5,31.152,0.125,0.006
33.51,31.098,0.1254,0.006
33.52,30.627,0.1258,0.008
33.53,30.594,0.1262,0.008
33.54,30.562,0.1266,0.008
33.55,31.077,0.129,0.0095
33.56,31.625,0.126,0.011
33.57,32.08,0.124,0.011
33.58,32.234,0.126,0.014
33.59,32.19,0.129,0.0152
33.6,32.146,0.135,0.0164
33.61,32.103,0.142,0.0176
33.62,32.059,0.149,0.0188
33.63,32.015,0.153,0.02
33.64,31.625,0.162,0.021
33.65,32.023,0.171,0.02
33.66,32.51,0.182,0.019
33.67,32.705,0.1875,0.018
33.68,33.022,0.193,0.019
33.69,32.875,0.1875,0.016
33.7,33.094,0.182,0.0135
33.71,33.314,0.163,0.011
33.72,33.501,0.152,0.011
33.73,33.647,0.141,0.0085
33.74,33.793,0.138,0.006
33.75,34.223,0.1395,0.002
33.76,34.353,0.141,-0.0015
33.77,34.483,0.141,-0.005
33.78,34.673,0.141,-0.0035
33.79,34.864,0.14,-0.002
33.8,35.619,0.1427,-0.002
33.81,35.554,0.1453,-0.002
33.82,35.49,0.148,-0.002
33.83,35.628,0.15,-0.002
33.84,36.127,0.153,-0.0025
33.85,36.626,0.155,-0.003
33.86,36.512,0.157,-0.002
33.87,36.569,0.159,-0.002
33.88,36.48,0.165,-0.002
33.89,36.407,0.171,0.0003
33.9,36.334,0.173,0.0027
33.91,36.261,0.175,0.005
33.92,36.074,0.177,0.007
33.93,35.4,0.179,0.008
33.94,35.615,0.181,0.008
33.95,35.83,0.189,0.008
33.96,35.498,0.194,0.01
33.97,35.356,0.199,0.0095
33.98,35.214,0.203,0.009
33.99,34.783,0.203,0.011
34,34.629,0.207,0.0118
34.01,34.474,0.21,0.0125
34.02,34.32,0.209,0.0133
34.03,34.166,0.217,0.014
34.04,33.549,0.215,0.015
34.05,33.517,0.215,0.0155
34.06,33.484,0.212,0.016
34.07,32.819,0.217,0.02
34.08,32.989,0.216,0.017
34.09,32.388,0.222,0.019
34.1,31.731,0.228,0.021
34.11,31.844,0.229,0.019
34.12,30.935,0.239,0.019
34.13,29.945,0.236,0.023
34.14,29.109,0.235,0.021
34.15,28.76,0.235,0.021
34.16,27.404,0.232,0.021
34.17,26.965,0.231,0.02
34.18,25.386,0.24,0.0185
34.19,23.807,0.238,0.017
34.2,22.289,0.243,0.016
34.21,20.268,0.264,0.016
34.22,19.765,0.274,0.015
34.23,17.873,0.293,0.014
34.24,15.446,0.308,0.013
34.25,14.269,0.316,0.013
34.26,12.466,0.349,0.016
34.27,10.908,0.374,0.02
34.28,9.682,0.381,0.021
34.29,9.081,0.381,0.025
34.3,8.042,0.34,0.03
34.31,7.677,0.315,0.03
34.32,7.084,0.288,0.032
34.33,6.524,0.281,0.04
34.34,6.215,0.265,0.049
34.35,5.501,0.246,0.047
34.36,5.038,0.235,0.049
34.37,4.908,0.207,0.087
34.38,4.673,0.179,0.116
34.39,4.73,0.166,0.227
34.4,4.827,0.143,0.326
34.41,4.957,0.125,0.461
34.42,4.949,0.104,0.498
34.43,5.03,0.1004,0.557
34.44,5.168,0.0968,0.639
34.45,5.233,0.0932,0.668
34.46,5.233,0.0896,0.715
34.47,5.249,0.086,0.775
34.48,5.257,0.09,0.803
34.49,5.233,0.092,0.854
34.5,5.241,0.091,0.887
34.51,5.322,0.094,0.896
34.52,5.32,0.096,0.9174
34.53,5.319,0.097,0.9388
34.54,5.317,0.097,0.9602
34.55,5.316,0.098,0.9816
34.56,5.314,0.097,1.003
34.57,5.387,0.097,1.083
34.58,5.395,0.097,1.118
34.59,5.395,0.097,1.178
34.6,5.371,0.096,1.213
34.61,5.387,0.095,1.235
34.62,5.403,0.095,1.246
34.63,5.42,0.094,1.269
34.64,5.403,0.094,1.316
34.65,5.452,0.09,1.329
34.66,5.501,0.088,1.337
34.67,5.509,0.088,1.361
34.68,5.509,0.088,1.376
34.69,5.509,0.088,1.422
34.7,5.582,0.083,1.412
34.71,5.606,0.083,1.459
34.72,5.598,0.081,1.464
34.73,5.566,0.08,1.49
34.74,5.558,0.078,1.531
34.75,5.655,0.077,1.524
34.76,5.696,0.075,1.559
34.77,5.696,0.074,1.63
34.78,5.712,0.075,1.688
34.79,5.785,0.074,1.683
34.8,5.826,0.073,1.706
34.81,5.866,0.075,1.743
34.82,5.891,0.076,1.761
34.83,5.915,0.078,1.759
34.84,5.842,0.08,1.795
34.85,5.858,0.08,1.793
34.86,5.874,0.08,1.77
34.87,5.761,0.081,1.758
34.88,5.712,0.082,1.728
34.89,5.631,0.082,1.704
34.9,5.574,0.082,1.684
34.91,5.509,0.082,1.666
34.92,5.412,0.08,1.671
34.93,5.347,0.082,1.662
34.94,5.249,0.079,1.641
34.95,5.176,0.077,1.62
34.96,5.119,0.073,1.619
34.97,5.063,0.07,1.596
34.98,5.071,0.068,1.617
34.99,5.087,0.067,1.602
35,5.111,0.065,1.621
35.01,5.217,0.063,1.624
35.02,5.241,0.063,1.682
35.03,5.339,0.068,1.647
35.04,5.363,0.068,1.656
35.05,5.355,0.069,1.695
35.06,5.322,0.067,1.778
35.07,5.339,0.067,1.809
35.08,5.387,0.07,1.796
35.09,5.452,0.071,1.812
35.1,5.493,0.075,1.847
35.11,5.493,0.079,1.781
35.12,5.785,0.079,1.871
35.13,5.891,0.082,2.045
35.14,5.744,0.082,2.108
35.15,5.728,0.084,2.055
35.16,5.785,0.086,1.958
35.17,5.728,0.088,1.99
35.18,5.696,0.087,1.996
35.19,5.615,0.085,2.021
35.2,5.541,0.081,2
35.21,5.525,0.076,1.972
35.22,5.477,0.079,1.991
35.23,5.493,0.073,2.002
35.24,5.477,0.072,1.991
35.25,5.428,0.071,1.963
35.26,5.306,0.069,1.951
35.27,5.265,0.067,1.869
35.28,5.314,0.069,1.793
35.29,5.33,0.068,1.749
35.3,5.29,0.068,1.72
35.31,5.201,0.07,1.654
35.32,5.144,0.071,1.632
35.33,5.046,0.069,1.598
35.34,5.014,0.064,1.52
35.35,4.916,0.064,1.468
35.36,4.795,0.065,1.462
35.37,4.77,0.066,1.45
35.38,4.738,0.07,1.445
35.39,4.722,0.07,1.44
35.4,4.657,0.071,1.437
35.41,4.6,0.071,1.414
35.42,4.6,0.07,1.395
35.43,4.713,0.07,1.248
35.44,4.77,0.069,1.236
35.45,4.811,0.068,1.317
35.46,4.892,0.069,1.371
35.47,4.941,0.07,1.397
35.48,5.022,0.069,1.441
35.49,5.217,0.067,1.514
35.5,5.525,0.066,1.583
35.51,5.671,0.072,1.713
35.52,5.842,0.079,1.83
35.53,5.98,0.081,1.856
35.54,6.394,0.087,2.01
35.55,6.84,0.09,2.151
35.56,6.995,0.095,2.284
35.57,7.165,0.098,2.269
35.58,7.271,0.1,2.32
35.59,7.474,0.105,2.366
35.6,7.53,0.106,2.379
35.61,7.474,0.111,2.407
35.62,7.433,0.113,2.42
35.63,7.36,0.113,2.436
35.64,7.384,0.116,2.448
35.65,7.401,0.121,2.421
35.66,7.295,0.123,2.462
35.67,7.246,0.131,2.453
35.68,7.189,0.134,2.383
35.69,7.246,0.136,2.356
35.7,7.319,0.134,2.382
35.71,7.336,0.13,2.438
35.72,7.181,0.127,2.451
35.73,7.133,0.126,2.422
35.74,7.149,0.125,2.332
35.75,7.1,0.124,2.344
35.76,7.051,0.124,2.334
35.77,7.027,0.123,2.334
35.78,6.938,0.122,2.354
35.79,6.873,0.121,2.38
35.8,6.865,0.113,2.267
35.81,6.727,0.109,2.288
35.82,6.629,0.108,2.266
35.83,6.589,0.106,2.25
35.84,6.54,0.104,2.158
35.85,6.54,0.103,2.179
35.86,6.434,0.102,2.245
35.87,6.313,0.101,2.261
35.88,6.264,0.099,2.215
35.89,6.24,0.097,2.165
35.9,6.191,0.096,2.091
35.91,6.094,0.095,2.104
35.92,6.069,0.092,2.094
35.93,6.045,0.092,2.099
35.94,6.02,0.09,2.092
35.95,5.988,0.087,2.094
35.96,5.931,0.087,2.087
35.97,5.923,0.089,2.078
35.98,5.923,0.091,2.1
35.99,5.882,0.092,2.127
36,5.915,0.085,2.05
36.01,5.964,0.089,2.023
36.02,5.947,0.093,2.041
36.03,5.956,0.094,2.067
36.04,6.02,0.094,2.067
36.05,6.085,0.093,2.018
36.06,6.11,0.091,1.995
36.07,6.118,0.095,2.003
36.08,6.15,0.097,2.006
36.09,6.126,0.1,1.791
36.1,6.203,0.102,1.885
36.11,6.28,0.102,1.979
36.12,6.24,0.102,2.05
36.13,6.142,0.103,1.935
36.14,6.094,0.105,1.917
36.15,6.085,0.103,1.867
36.16,5.996,0.103,1.862
36.17,5.915,0.102,1.917
36.18,5.85,0.098,1.99
36.19,5.769,0.095,2.002
36.2,5.606,0.09,1.978
36.21,5.525,0.09,1.95
36.22,5.452,0.0895,1.948
36.23,5.395,0.089,1.926
36.24,5.355,0.096,1.908
36.25,5.363,0.096,1.936
36.26,5.428,0.095,1.867
36.27,5.509,0.089,1.816
36.28,5.517,0.085,1.776
36.29,5.517,0.084,1.764
36.3,5.574,0.082,1.761
36.31,5.489,0.081,1.7765
36.32,5.403,0.076,1.792
36.33,5.598,0.075,1.955
36.34,5.647,0.075,1.995
36.35,5.696,0.075,2.018
36.36,5.818,0.077,2.004
36.37,5.834,0.081,2.087
36.38,5.818,0.081,2.1
36.39,5.85,0.084,2.081
36.4,5.915,0.086,2.027
36.41,6.012,0.086,1.968
36.42,6.037,0.083,1.996
36.43,6.012,0.083,2.061
36.44,6.004,0.083,2.057
36.45,5.996,0.085,2.101
36.46,6.012,0.087,2.119
36.47,6.069,0.089,2.115
36.48,6.094,0.091,2.056
36.49,5.988,0.093,2.062
36.5,5.915,0.097,2.122
36.51,5.809,0.096,2.113
36.52,5.679,0.094,2.085
36.53,5.671,0.092,2.095
36.54,5.72,0.092,2.04
36.55,5.688,0.091,2.032
36.56,5.663,0.089,2.014
36.57,5.558,0.085,2.027
36.58,5.525,0.084,2.021
36.59,5.525,0.086,1.951
36.6,5.606,0.089,1.912
36.61,5.598,0.089,1.861
36.62,5.533,0.091,1.894
36.63,5.517,0.091,1.935
36.64,5.533,0.096,1.896
36.65,5.655,0.1,1.79
36.66,5.679,0.1,1.752
36.67,5.704,0.1,1.696
36.68,5.615,0.102,1.711
36.69,5.46,0.105,1.732
36.7,5.436,0.105,1.777
36.71,5.517,0.105,1.743
36.72,5.582,0.107,1.74
36.73,5.671,0.112,1.825
36.74,5.655,0.113,1.821
36.75,5.623,0.116,1.777
36.76,5.647,0.115,1.733
36.77,5.663,0.114,1.715
36.78,5.663,0.112,1.685
36.79,5.712,0.11,1.693
36.8,5.842,0.1,1.743
36.81,5.964,0.104,1.859
36.82,6.443,0.113,1.931
36.83,6.824,0.118,2.061
36.84,7.928,0.127,2.165
36.85,9.544,0.129,2.163
36.86,10.429,0.134,1.739
36.87,11.825,0.147,0.882
36.88,12.401,0.15,0.565
36.89,13.457,0.152,0.179
36.9,14.082,0.169,0.071
36.91,14.309,0.184,0.068
36.92,14.918,0.198,0.064
36.93,15.032,0.235,0.057
36.94,15.113,0.271,0.054
36.95,14.999,0.291,0.025
36.96,15.056,0.332,0.02
36.97,15.162,0.35,0.021
36.98,15.153,0.347,0.023
36.99,15.162,0.337,0.016
37,14.748,0.324,0.01
37.01,14.772,0.316,0.001
37.02,15.186,0.309,0.007
37.03,15.9,0.311,0.011
37.04,16.436,0.315,0.023
37.05,17.792,0.319,0.051
37.06,19.091,0.323,0.068
37.07,19.643,0.327,0.034
37.08,19.375,0.338,0.016
37.09,18.79,0.361,0.012
37.1,17.889,0.377,0.007
37.11,17.118,0.379,0.006
37.12,14.967,0.371,0.007
37.13,13.828,0.337,0.0135
37.14,12.69,0.308,0.02
37.15,11.551,0.305,0.0265
37.16,10.412,0.314,0.033
37.17,9.852,0.32,0.049
37.18,8.764,0.312,0.124
37.19,7.806,0.305,0.307
37.2,7.222,0.295,0.466
37.21,7.141,0.284,0.502
37.22,7.238,0.277,0.511
37.23,7.62,0.256,0.518
37.24,7.969,0.232,0.596
37.25,8.854,0.221,0.603
37.26,9.755,0.184,0.41
37.27,10.599,0.163,0.257
37.28,10.948,0.149,0.083
37.29,11.387,0.127,0.018
37.3,11.492,0.114,0.008
37.31,11.452,0.092,0.009
37.32,11.354,0.085,0.01
37.33,11.176,0.072,0.009
37.34,11.086,0.057,0.009
37.35,10.429,0.054,0.027
37.36,10.193,0.059,0.021
37.37,10.218,0.063,0.018
37.38,10.445,0.074,0.014
37.39,10.542,0.079,0.007
37.4,10.843,0.079,0.006
37.41,11.078,0.077,0.007
37.42,11.622,0.079,0.007
37.43,12.182,0.08,0.008
37.44,12.483,0.083,0.009
37.45,13.124,0.082,0.007
37.46,13.481,0.081,0.007
37.47,14.301,0.088,0.007
37.48,15.356,0.089,0.004
37.49,16.509,0.08,0.007
37.5,16.98,0.082,0.008
37.51,17.629,0.084,0.009
37.52,18.092,0.085,0.009
37.53,18.287,0.083,0.01
37.54,18.287,0.082,0.009
37.55,18.287,0.081,0.008
37.56,18.425,0.09,0.009
37.57,18.449,0.096,0.009
37.58,18.303,0.11,0.009
37.59,18.011,0.129,0.008
37.6,17.849,0.139,0.005
37.61,17.589,0.165,0.002
37.62,17.256,0.192,0.001
37.63,17.11,0.2225,-0.001
37.64,16.712,0.253,-0.001
37.65,16.071,0.289,-0.001
37.66,15.592,0.296,-0.002
37.67,14.528,0.293,-0.002
37.68,13.075,0.284,-0.002
37.69,12.288,0.272,-0.004
37.7,10.778,0.266,-0.005
37.71,9.422,0.262,-0.006
37.72,8.541,0.261,0.01
37.73,7.66,0.254,0.026
37.74,6.711,0.249,0.093
37.75,6.378,0.234,0.132
37.76,6.029,0.219,0.186
37.77,5.98,0.203,0.203
37.78,5.956,0.2,0.218
37.79,5.882,0.19,0.242
37.8,5.964,0.184,0.254
37.81,5.988,0.17,0.271
37.82,5.988,0.145,0.286
37.83,6.012,0.126,0.32
37.84,6.061,0.1115,0.379
37.85,6.313,0.097,0.425
37.86,7.084,0.104,0.612
37.87,7.831,0.105,0.704
37.88,10.063,0.107,0.9
37.89,11.516,0.111,0.951
37.9,15.048,0.127,0.959
37.91,20.438,0.143,0.367
37.92,23.41,0.143,0.207
37.93,24.677,0.158,0.1245
37.94,25.943,0.1595,0.042
37.95,28.857,0.161,0.042
37.96,29.174,0.163,0.042
37.97,30.968,0.164,0.053
37.98,30.424,0.16,0.063
37.99,29.88,0.156,0.073
38,30.115,0.144,0.074
38.01,30.123,0.145,0.089
38.02,30.634,0.146,0.0875
38.03,31.146,0.1443,0.086
38.04,31.138,0.1427,0.089
38.05,31.682,0.141,0.094
38.06,32.226,0.133,0.099
38.07,32.523,0.111,0.1075
38.08,32.819,0.089,0.116
38.09,33.915,0.073,0.121
38.1,34.227,0.057,0.13
38.11,34.54,0.041,0.139
38.12,34.58,0.038,0.177
38.13,34.621,0.035,0.215
38.14,34.661,0.043,0.253
38.15,34.905,0.051,0.272
38.16,34.511,0.059,0.259
38.17,34.118,0.067,0.246
38.18,33.679,0.075,0.2473
38.19,33.241,0.083,0.2487
38.2,32.802,0.1033,0.25
38.21,33.022,0.1237,0.252
38.22,33.241,0.144,0.254
38.23,33.805,0.174,0.262
38.24,34.369,0.213,0.27
38.25,34.934,0.22,0.278
38.26,35.498,-7.777,0.286
38.27,36.062,-7.777,0.294
38.28,36.626,-7.777,0.302
38.29,37.064,-7.777,0.296
38.3,37.503,-7.777,0.29
38.31,37.941,-7.777,0.284
38.32,38.29,-7.777,0.3
38.33,39.224,-7.777,0.329
38.34,39.581,-7.777,0.31
