Depth,Qc,Fs,u
0.01,0.637,0.0047,0.0013
0.02,0.994,0.0069,0.0009
0.03,1.289,0.0076,0.0009
0.04,1.993,0.0107,0.0134
0.05,2.392,0.0134,0.0014
0.06,3.054,0.0185,0.0106
0.07,3.209,0.0242,-0.0002
0.08,3.334,0.0296,0.0005
0.09,3.479,0.0342,0.0021
0.1,3.453,0.0418,0.0013
0.11,3.251,0.0467,0.0007
0.12,3.137,0.0558,-0.0005
0.13,2.878,0.0616,0.0073
0.14,2.728,0.068,0.0235
0.15,2.511,0.0711,0.2228
0.16,2.407,0.0747,0.1746
0.17,2.304,0.0827,0.0302
0.18,2.236,0.0854,-0.017
0.19,2.065,0.0881,-0.054
0.2,1.983,0.0931,-0.056
0.21,1.75,0.0955,-0.0442
0.22,1.662,0.0933,-0.0397
0.23,1.594,0.093,-0.0365
0.24,1.398,0.0928,-0.0193
0.25,1.346,0.0917,-0.0106
0.26,1.294,0.0885,-0.002
0.27,1.253,0.0894,-0.0137
0.28,1.32,0.0853,-0.0132
0.29,1.211,0.0851,-0.0272
0.3,1.18,0.0833,-0.0225
0.31,1.097,0.0803,-0.0229
0.32,1.108,0.0788,-0.0249
0.33,1.066,0.0762,-0.004
0.34,1.02,0.0741,-0.011
0.35,0.921,0.0713,-0.0102
0.36,0.906,0.0697,-0.0108
0.37,0.906,0.069,0.0041
0.38,0.911,0.0692,0.0098
0.39,0.927,0.0694,0.0121
0.4,0.994,0.0702,0.0175
0.41,1.03,0.0695,0.0191
0.42,1.123,0.0691,0.018
0.43,1.149,0.0688,0.0089
0.44,1.144,0.0714,-0.0016
0.45,1.139,0.0726,-0.0045
0.46,1.134,0.0769,-0.01
0.47,1.087,0.0797,-0.0211
0.48,1.051,0.0791,-0.0245
0.49,1.015,0.0764,-0.0308
0.5,1.015,0.0736,-0.0362
0.51,1.015,0.0709,-0.0413
0.52,1.025,0.0809,-0.0417
0.53,1.444,0.0796,-0.0384
0.54,1.6,0.0763,-0.0376
0.55,1.615,0.0744,-0.04
0.56,1.629,0.0712,-0.023
0.57,1.642,0.0702,-0.0061
0.58,1.656,0.0727,0.0109
0.59,1.667,0.0748,0.0211
0.6,1.594,0.0703,0.0318
0.61,1.672,0.0721,0.0432
0.62,1.724,0.0757,0.0432
0.63,1.817,0.0788,0.0328
0.64,1.776,0.0822,0.0217
0.65,1.713,0.0852,0.0096
0.66,1.646,0.0822,0.0046
0.67,1.672,0.0836,-0.0041
0.68,1.6,0.0894,-0.0081
0.69,1.543,0.089,-0.0087
0.7,1.506,0.0889,-0.0099
0.71,1.47,0.0881,-0.0101
0.72,1.439,0.0872,-0.0107
0.73,1.418,0.0845,-0.0109
0.74,1.367,0.0827,-0.0083
0.75,1.367,0.0806,-0.0014
0.76,1.356,0.0768,-0.0016
0.77,1.351,0.075,-0.0012
0.78,1.325,0.0717,0.0026
0.79,1.304,0.0695,0.0039
0.8,1.242,0.0662,0.0057
0.81,1.206,0.065,0.0067
0.82,1.165,0.0635,0.0071
0.83,1.082,0.06,0.0065
0.84,1.03,0.0575,0.0066
0.85,0.947,0.0515,0.0079
0.86,0.901,0.0487,0.0083
0.87,0.828,0.0456,0.0092
0.88,0.792,0.0397,0.0093
0.89,0.756,0.0372,0.01
0.9,0.694,0.0327,0.0127
0.91,0.668,0.0305,0.014
0.92,0.632,0.0264,0.0168
0.93,0.616,0.0245,0.0181
0.94,0.606,0.0212,0.0196
0.95,0.6,0.0201,0.0222
0.96,0.595,0.0191,0.0234
0.97,0.611,0.0181,0.0268
0.98,0.621,0.0177,0.0285
0.99,0.642,0.0174,0.0321
1,0.652,0.0175,0.0337
1.01,0.652,0.0186,0.0363
1.02,0.647,0.0222,0.0376
1.03,0.637,0.0228,0.0381
1.04,0.611,0.0217,0.0397
1.05,0.6,0.0209,0.0406
1.06,0.59,0.0204,0.0416
1.07,0.59,0.0203,0.0408
1.08,0.585,0.0208,0.0404
1.09,0.559,0.0217,0.0432
1.1,0.554,0.0218,0.0454
1.11,0.569,0.0212,0.0496
1.12,0.595,0.0212,0.0518
1.13,0.621,0.0224,0.0539
1.14,0.699,0.0231,0.059
1.15,0.73,0.0239,0.0612
1.16,0.761,0.0264,0.0683
1.17,0.766,0.028,0.0713
1.18,0.771,0.0322,0.0728
1.19,0.776,0.0342,0.0712
1.2,0.761,0.0357,0.0716
1.21,0.756,0.0374,0.0722
1.22,0.756,0.0378,0.0721
1.23,0.761,0.0393,0.0713
1.24,0.761,0.041,0.0694
1.25,0.74,0.0422,0.0687
1.26,0.725,0.0415,0.0703
1.27,0.725,0.0405,0.0728
1.28,0.756,0.0392,0.0791
1.29,0.787,0.039,0.0817
1.3,0.833,0.0388,0.0822
1.31,0.844,0.039,0.0849
1.32,0.859,0.04,0.0946
1.33,0.88,0.0408,0.1003
1.34,0.906,0.042,0.1039
1.35,0.937,0.044,0.1067
1.36,0.952,0.0447,0.1095
1.37,0.978,0.0457,0.1143
1.38,0.989,0.0461,0.117
1.39,1.02,0.047,0.1221
1.4,1.035,0.0493,0.1245
1.41,1.04,0.0499,0.1261
1.42,1.046,0.0505,0.1303
1.43,1.046,0.0505,0.1336
1.44,1.035,0.051,0.1388
1.45,1.025,0.0508,0.1415
1.46,1.015,0.0507,0.1436
1.47,0.994,0.0505,0.1466
1.48,0.984,0.0501,0.1474
1.49,0.963,0.0487,0.1482
1.5,0.958,0.048,0.1482
1.51,0.937,0.047,0.1519
1.52,0.921,0.0466,0.1537
1.53,0.911,0.0462,0.1547
1.54,0.875,0.0457,0.1595
1.55,0.859,0.0449,0.1625
1.56,0.823,0.0425,0.168
1.57,0.813,0.0412,0.1695
1.58,0.797,0.0392,0.1711
1.59,0.782,0.0369,0.171
1.6,0.771,0.0347,0.1719
1.61,0.735,0.0324,0.1762
1.62,0.725,0.0335,0.1813
1.63,0.704,0.0311,0.188
1.64,0.699,0.0306,0.19
1.65,0.683,0.0286,0.1934
1.66,0.702,0.028,0.1891
1.67,0.721,0.0269,0.1849
1.68,0.74,0.0263,0.1806
1.69,0.73,0.0263,0.1855
1.7,0.714,0.0259,0.1709
1.71,0.704,0.0237,0.1684
1.72,0.673,0.0228,0.1632
1.73,0.668,0.0212,0.1604
1.74,0.663,0.0201,0.1665
1.75,0.657,0.0187,0.1531
1.76,0.642,0.0147,0.1648
1.77,0.637,0.014,0.172
1.78,0.626,0.0134,0.1793
1.79,0.626,0.0137,0.1831
1.8,0.626,0.0149,0.2012
1.81,0.663,0.0159,0.2153
1.82,0.745,0.0185,0.2319
1.83,0.973,0.0199,0.2504
1.84,1.072,0.0233,0.2631
1.85,1.087,0.0248,0.2443
1.86,1.061,0.0282,0.1947
1.87,0.999,0.0296,0.1573
1.88,0.963,0.03,0.1513
1.89,0.885,0.0319,0.1478
1.9,0.854,0.0349,0.1443
1.91,0.87,0.0369,0.1558
1.92,0.916,0.0409,0.1692
1.93,1.154,0.0418,0.2046
1.94,1.273,0.0421,0.2299
1.95,1.465,0.0424,0.2736
1.96,1.512,0.0424,0.3078
1.97,1.589,0.0436,0.2899
1.98,1.574,0.0449,0.2832
1.99,1.537,0.0475,0.2694
2,1.522,0.0488,0.2596
2.01,1.506,0.0526,0.2608
2.02,1.449,0.0544,0.2514
2.03,1.429,0.0572,0.25
2.04,1.398,0.0575,0.2723
2.05,1.377,0.0574,0.2835
2.06,1.356,0.0573,0.3112
2.07,1.356,0.0563,0.3225
2.08,1.372,0.0559,0.346
2.09,1.377,0.0543,0.3554
2.1,1.392,0.0536,0.3927
2.11,1.408,0.0519,0.4057
2.12,1.429,0.0514,0.4226
2.13,1.439,0.0505,0.43
2.14,1.449,0.049,0.4468
2.15,1.449,0.0485,0.4552
2.16,1.455,0.049,0.4716
2.17,1.465,0.0497,0.4717
2.18,1.491,0.0515,0.4571
2.19,1.506,0.0521,0.4477
2.2,1.506,0.0534,0.442
2.21,1.501,0.0542,0.4422
2.22,1.491,0.0554,0.4325
2.23,1.444,0.0553,0.4222
2.24,1.418,0.0544,0.4141
2.25,1.361,0.0538,0.3944
2.26,1.336,0.0528,0.3905
2.27,1.299,0.0525,0.37
2.28,1.279,0.0511,0.3518
2.29,1.248,0.0502,0.3818
2.3,1.253,0.048,0.4039
2.31,1.279,0.0471,0.4419
2.32,1.273,0.0459,0.455
2.33,1.248,0.0424,0.4354
2.34,1.216,0.04,0.4215
2.35,1.154,0.0361,0.4341
2.36,1.139,0.0345,0.4309
2.37,1.113,0.0332,0.39
2.38,1.103,0.0329,0.3637
2.39,1.082,0.0316,0.3652
2.4,1.056,0.0306,0.3826
2.41,1.04,0.0284,0.3889
2.42,1.035,0.0277,0.3882
2.43,1.03,0.0269,0.3809
2.44,1.025,0.0266,0.3609
2.45,1.02,0.0258,0.3523
2.46,1.02,0.0255,0.3378
2.47,1.015,0.0249,0.3363
2.48,1.025,0.0247,0.3368
2.49,1.025,0.0242,0.3399
2.5,1.035,0.024,0.3425
2.51,1.04,0.0235,0.3414
2.52,1.046,0.0231,0.3368
2.53,1.046,0.0226,0.3276
2.54,1.051,0.0223,0.3098
2.55,1.051,0.0223,0.3088
2.56,1.046,0.0224,0.3174
2.57,1.04,0.0226,0.3241
2.58,1.04,0.0264,0.3362
2.59,1.046,0.0303,0.3416
2.6,1.051,0.0341,0.3493
2.61,1.056,0.038,0.3529
2.62,1.061,0.0418,0.354
2.63,1.077,0.0421,0.3523
2.64,1.087,0.0421,0.3496
2.65,1.146,0.0418,0.3012
2.66,1.205,0.0407,0.2527
2.67,1.264,0.0399,0.2043
2.68,1.323,0.0384,0.1558
2.69,1.382,0.0378,0.1074
2.7,1.361,0.0362,0.1177
2.71,1.325,0.0355,0.1387
2.72,1.315,0.0344,0.1513
2.73,1.304,0.0318,0.1794
2.74,1.304,0.0306,0.1924
2.75,1.31,0.0287,0.2174
2.76,1.31,0.028,0.2295
2.77,1.299,0.0275,0.2549
2.78,1.294,0.027,0.2692
2.79,1.294,0.0269,0.2832
2.8,1.284,0.0269,0.3075
2.81,1.284,0.027,0.3203
2.82,1.289,0.0276,0.3486
2.83,1.294,0.028,0.3602
2.84,1.304,0.0287,0.3715
2.85,1.32,0.0295,0.3905
2.86,1.32,0.0297,0.3994
2.87,1.304,0.0305,0.4126
2.88,1.304,0.0311,0.4058
2.89,1.315,0.0325,0.393
2.9,1.325,0.0332,0.3918
2.91,1.341,0.0341,0.3922
2.92,1.361,0.0346,0.3752
2.93,1.361,0.035,0.3512
2.94,1.351,0.035,0.3142
2.95,1.336,0.0349,0.3078
2.96,1.299,0.0352,0.3027
2.97,1.304,0.0357,0.3125
2.98,1.32,0.0367,0.3239
2.99,1.325,0.0371,0.3357
3,1.336,0.0371,0.3551
3.01,1.336,0.0369,0.3608
3.02,1.341,0.0367,0.3475
3.03,1.341,0.0363,0.3325
3.04,1.346,0.0361,0.3244
3.05,1.341,0.0364,0.3199
3.06,1.33,0.0364,0.3221
3.07,1.315,0.0364,0.3355
3.08,1.304,0.0363,0.3403
3.09,1.299,0.0364,0.3425
3.1,1.294,0.0366,0.3457
3.11,1.289,0.0367,0.3462
3.12,1.289,0.0372,0.3483
3.13,1.289,0.0373,0.3494
3.14,1.299,0.0373,0.3464
3.15,1.304,0.0374,0.3418
3.16,1.304,0.0375,0.3344
3.17,1.31,0.0376,0.3245
3.18,1.31,0.0376,0.3191
3.19,1.304,0.0373,0.3065
3.2,1.304,0.0371,0.3024
3.21,1.304,0.0364,0.3009
3.22,1.299,0.0361,0.2997
3.23,1.304,0.0353,0.2989
3.24,1.304,0.0351,0.2984
3.25,1.31,0.0342,0.299
3.26,1.31,0.0337,0.3031
3.27,1.304,0.0329,0.3045
3.28,1.299,0.0323,0.305
3.29,1.299,0.032,0.3058
3.3,1.294,0.0315,0.3091
3.31,1.294,0.0315,0.3144
3.32,1.304,0.0317,0.3289
3.33,1.31,0.0319,0.336
3.34,1.32,0.032,0.3429
3.35,1.325,0.0321,0.347
3.36,1.33,0.032,0.3508
3.37,1.341,0.0319,0.3425
3.38,1.346,0.0316,0.3419
3.39,1.351,0.0307,0.3338
3.4,1.346,0.0304,0.3324
3.41,1.33,0.0279,0.3297
3.42,1.33,0.0264,0.3278
3.43,1.341,0.0255,0.3389
3.44,1.346,0.0243,0.3536
3.45,1.351,0.0238,0.3713
3.46,1.392,0.0256,0.4041
3.47,1.46,0.0258,0.4178
3.48,1.972,0.0278,0.48
3.49,2.148,0.0337,0.5436
3.5,2.324,0.0367,0.5729
3.51,2.304,0.044,0.4253
3.52,2.096,0.0475,0.3185
3.53,2.05,0.0516,0.4136
3.54,2.096,0.0584,0.4978
3.55,2.143,0.0616,0.5392
3.56,2.257,0.0674,0.6068
3.57,2.309,0.0687,0.6325
3.58,2.371,0.0699,0.6776
3.59,2.355,0.0723,0.6979
3.6,2.35,0.0748,0.7506
3.61,2.345,0.0731,0.7362
3.62,2.35,0.0727,0.6903
3.63,2.329,0.0727,0.6383
3.64,2.309,0.0733,0.6241
3.65,2.252,0.0735,0.6217
3.66,2.27,0.0731,0.554
3.67,2.288,0.0734,0.4862
3.68,2.272,0.0739,0.4346
3.69,2.21,0.072,0.4245
3.7,2.081,0.0704,0.4245
3.71,2.014,0.0677,0.4479
3.72,1.962,0.0621,0.4642
3.73,1.889,0.0595,0.4428
3.74,1.843,0.0561,0.4433
3.75,1.807,0.0488,0.465
3.76,1.75,0.0443,0.5049
3.77,1.729,0.0405,0.534
3.78,1.719,0.0358,0.5567
3.79,1.698,0.0334,0.587
3.8,1.688,0.0312,0.6009
3.81,1.672,0.0283,0.6193
3.82,1.651,0.028,0.6327
3.83,1.646,0.0282,0.6313
3.84,1.646,0.028,0.5617
3.85,1.631,0.0286,0.5923
3.86,1.636,0.0297,0.614
3.87,1.646,0.033,0.5951
3.88,1.662,0.0338,0.5971
3.89,1.672,0.0337,0.5843
3.9,1.672,0.0326,0.5494
3.91,1.672,0.0326,0.453
3.92,1.656,0.0321,0.4356
3.93,1.656,0.031,0.4012
3.94,1.641,0.0307,0.4178
3.95,1.625,0.0303,0.4419
3.96,1.615,0.0293,0.4579
3.97,1.563,0.0282,0.4723
3.98,1.537,0.0267,0.4769
3.99,1.512,0.0248,0.4813
4,1.517,0.0247,0.4754
4.01,1.517,0.0247,0.4736
4.02,1.517,0.0241,0.4716
4.03,1.496,0.0243,0.4601
4.04,1.486,0.0242,0.4664
4.05,1.475,0.0225,0.4728
4.06,1.47,0.0216,0.4866
4.07,1.48,0.021,0.4916
4.08,1.475,0.019,0.4946
4.09,1.46,0.0177,0.4865
4.1,1.439,0.0162,0.4767
4.11,1.403,0.0137,0.4587
4.12,1.341,0.0136,0.4422
4.13,1.315,0.0136,0.4374
4.14,1.289,0.0127,0.4436
4.15,1.253,0.0136,0.4623
4.16,1.273,0.0154,0.4831
4.17,1.351,0.0178,0.5122
4.18,1.672,0.0234,0.6017
4.19,1.858,0.0265,0.6262
4.2,1.998,0.0319,0.4542
4.21,2.112,0.0351,0.405
4.22,2.164,0.0382,0.4198
4.23,2.216,0.0411,0.4534
4.24,2.267,0.0475,0.4862
4.25,2.35,0.0509,0.5469
4.26,2.386,0.054,0.5732
4.27,2.428,0.0594,0.6018
4.28,2.423,0.0617,0.6048
4.29,2.412,0.0641,0.6125
4.3,2.397,0.0621,0.618
4.31,2.376,0.061,0.6356
4.32,2.36,0.06,0.6488
4.33,2.35,0.0599,0.6701
4.34,2.386,0.0599,0.6682
4.35,2.407,0.06,0.6499
4.36,2.423,0.0583,0.7336
4.37,2.505,0.0577,0.8367
4.38,2.547,0.0574,0.8717
4.39,2.588,0.057,0.8261
4.4,2.65,0.0561,0.906
4.41,2.671,0.0553,0.9727
4.42,2.702,0.0566,1.0324
4.43,2.744,0.0598,0.9369
4.44,2.723,0.0615,0.8945
4.45,2.676,0.0617,0.9036
4.46,2.578,0.0628,0.8131
4.47,2.542,0.0624,0.7478
4.48,2.542,0.0618,0.7268
4.49,2.521,0.0611,0.7125
4.5,2.521,0.0612,0.7169
4.51,2.552,0.0607,0.6979
4.52,2.599,0.0611,0.6723
4.53,2.609,0.0622,0.764
4.54,2.609,0.0632,0.8294
4.55,2.593,0.0638,0.8711
4.56,2.593,0.0638,0.8624
4.57,2.583,0.0637,0.8582
4.58,2.599,0.0682,0.8285
4.59,2.599,0.0728,0.8192
4.6,2.609,0.0773,0.8157
4.61,2.635,0.0749,0.8312
4.62,2.63,0.0725,0.8378
4.63,2.645,0.0719,0.832
4.64,2.661,0.0714,0.8282
4.65,2.64,0.0707,0.8293
4.66,2.62,0.0696,0.8305
4.67,2.599,0.0694,0.8316
4.68,2.687,0.0698,0.8333
4.69,2.707,0.07,0.8538
4.7,2.718,0.0701,0.8545
4.71,2.712,0.07,0.8531
4.72,2.697,0.0694,0.8494
4.73,2.681,0.0688,0.8343
4.74,2.666,0.0684,0.8399
4.75,2.645,0.0678,0.8242
4.76,2.588,0.0676,0.8217
4.77,2.547,0.067,0.8216
4.78,2.505,0.0646,0.8277
4.79,2.443,0.0637,0.812
4.8,2.438,0.0631,0.7935
4.81,2.443,0.0616,0.7917
4.82,2.48,0.0611,0.7924
4.83,2.505,0.0606,0.8302
4.84,2.536,0.0599,0.8615
4.85,2.645,0.0583,0.8807
4.86,2.738,0.0576,0.9074
4.87,2.847,0.0547,0.9229
4.88,3.033,0.0554,0.8128
4.89,3.075,0.0554,0.8056
4.9,3.09,0.0568,0.8473
4.91,3.111,0.0588,0.919
4.92,3.127,0.061,0.9753
4.93,3.106,0.0632,1.0262
4.94,3.116,0.0667,0.9233
4.95,3.147,0.0685,0.9593
4.96,3.178,0.0721,0.9995
4.97,3.215,0.0797,0.9772
4.98,3.209,0.0792,0.9629
4.99,3.189,0.0766,0.9297
5,3.142,0.0772,0.9231
5.01,3.085,0.0777,0.91
5.02,3.101,0.0772,0.8962
5.03,3.142,0.0791,0.8931
5.04,3.261,0.08,0.939
5.05,3.328,0.0812,0.9395
5.06,3.391,0.0822,0.9682
5.07,3.406,0.0827,1.1586
5.08,3.406,0.0838,1.079
5.09,3.375,0.0853,0.9251
5.1,3.334,0.0856,0.8093
5.11,3.292,0.0856,0.7917
5.12,3.24,0.0852,0.7761
5.13,3.132,0.086,0.7001
5.14,3.09,0.0851,0.6771
5.15,3.039,0.0844,0.6661
5.16,2.987,0.0804,0.6566
5.17,3.013,0.0778,0.6776
5.18,3.044,0.076,0.6735
5.19,3.049,0.0745,0.7081
5.2,3.033,0.073,0.8176
5.21,3.013,0.0723,0.8954
5.22,3.018,0.0723,0.9475
5.23,3.049,0.0737,0.9795
5.24,3.137,0.0743,0.835
5.25,3.297,0.075,0.8646
5.26,3.339,0.0767,0.723
5.27,3.323,0.0813,0.6814
5.28,3.235,0.0817,0.5002
5.29,3.147,0.0816,0.4396
5.3,2.997,0.0822,0.4074
5.31,2.935,0.0817,0.393
5.32,2.811,0.0827,0.3833
5.33,2.754,0.0831,0.3836
5.34,2.681,0.0794,0.3693
5.35,2.661,0.0779,0.3565
5.36,2.645,0.0767,0.3472
5.37,2.656,0.0722,0.4158
5.38,2.676,0.0698,0.4236
5.39,2.702,0.0661,0.4845
5.4,2.723,0.0648,0.5192
5.41,2.78,0.0603,0.5688
5.42,2.806,0.0574,0.5785
5.43,2.832,0.0553,0.5794
5.44,2.842,0.0558,0.5999
5.45,2.837,0.0563,0.6234
5.46,2.816,0.0553,0.6525
5.47,2.816,0.0553,0.6709
5.48,2.832,0.055,0.7395
5.49,2.847,0.0544,0.741
5.5,2.873,0.0542,0.7344
5.51,2.868,0.0543,0.741
5.52,2.868,0.055,0.7673
5.53,2.847,0.055,0.7901
5.54,2.847,0.0544,0.7768
5.55,2.832,0.0524,0.7271
5.56,2.837,0.0513,0.6912
5.57,2.837,0.0513,0.679
5.58,2.832,0.052,0.6909
5.59,2.837,0.0509,0.713
5.6,2.847,0.0498,0.7342
5.61,2.857,0.0487,0.7277
5.62,2.857,0.0476,0.7296
5.63,2.847,0.0495,0.7075
5.64,2.852,0.0564,0.6475
5.65,2.821,0.0563,0.6515
5.66,2.99,0.0535,0.5804
5.67,3.16,0.0501,0.5093
5.68,3.329,0.0504,0.4382
5.69,3.499,0.055,0.3671
5.7,3.582,0.0569,0.4994
5.71,3.592,0.0617,0.7029
5.72,3.536,0.0645,0.8636
5.73,3.468,0.0674,0.859
5.74,3.38,0.0724,0.7858
5.75,3.354,0.0749,0.7219
5.76,3.323,0.0772,0.7463
5.77,3.318,0.0782,0.6996
5.78,3.292,0.0778,0.6759
5.79,3.266,0.0759,0.6722
5.8,3.251,0.075,0.6749
5.81,3.184,0.0729,0.6585
5.82,3.163,0.0711,0.6884
5.83,3.199,0.0699,0.682
5.84,3.22,0.0693,0.7049
5.85,3.225,0.0674,0.8295
5.86,3.22,0.0659,0.8397
5.87,3.199,0.0644,0.7275
5.88,3.173,0.0641,0.7571
5.89,3.152,0.0645,0.7386
5.9,3.147,0.0652,0.7552
5.91,3.127,0.0653,0.76
5.92,3.106,0.0658,0.805
5.93,3.096,0.067,0.8129
5.94,3.08,0.0677,0.8111
5.95,3.039,0.0667,0.8203
5.96,3.028,0.0663,0.7993
5.97,2.987,0.0649,0.7132
5.98,2.966,0.0642,0.7134
5.99,2.951,0.0635,0.6757
6,2.945,0.0636,0.691
6.01,2.94,0.0633,0.6983
6.02,2.925,0.0616,0.6895
6.03,2.909,0.0612,0.7005
6.04,2.873,0.0602,0.6841
6.05,2.863,0.0595,0.6761
6.06,2.832,0.059,0.6427
6.07,2.811,0.0587,0.6459
6.08,2.785,0.0586,0.6605
6.09,2.749,0.0593,0.6804
6.1,2.738,0.0597,0.6908
6.11,2.78,0.0607,0.6872
6.12,2.795,0.0619,0.6832
6.13,2.816,0.0626,0.6731
6.14,2.821,0.0633,0.6626
6.15,2.826,0.0642,0.6575
6.16,2.837,0.0656,0.5777
6.17,2.852,0.0667,0.5678
6.18,2.868,0.0687,0.5693
6.19,2.883,0.0688,0.5746
6.2,2.899,0.0687,0.575
6.21,2.925,0.07,0.5719
6.22,2.94,0.069,0.5595
6.23,2.971,0.0668,0.553
6.24,2.976,0.0642,0.5606
6.25,2.925,0.064,0.6155
6.26,2.909,0.0652,0.5955
6.27,2.894,0.0662,0.5688
6.28,2.837,0.0655,0.6182
6.29,2.806,0.0635,0.6558
6.3,2.795,0.061,0.6559
6.31,2.806,0.0569,0.6126
6.32,2.816,0.0547,0.5773
6.33,2.806,0.0499,0.5195
6.34,2.764,0.0479,0.5407
6.35,2.697,0.0458,0.5829
6.36,2.671,0.042,0.5936
6.37,2.656,0.0406,0.6077
6.38,2.64,0.0392,0.6605
6.39,2.65,0.0379,0.6886
6.4,2.712,0.0367,0.7292
6.41,2.754,0.0358,0.7459
6.42,2.806,0.0365,0.762
6.43,2.888,0.0367,0.7959
6.44,2.925,0.0358,0.8169
6.45,2.976,0.0361,0.8542
6.46,3.008,0.0368,0.8887
6.47,3.075,0.0371,0.9247
6.48,3.272,0.0388,1.076
6.49,3.401,0.0419,1.1807
6.5,3.525,0.0451,1.2577
6.51,3.665,0.0532,1.3668
6.52,3.686,0.0584,1.4674
6.53,3.722,0.0657,1.2545
6.54,3.706,0.0675,1.1192
6.55,3.68,0.0703,0.9241
6.56,3.644,0.0736,0.8833
6.57,3.613,0.0733,0.8269
6.58,3.639,0.077,0.8149
6.59,3.67,0.079,0.8985
6.6,3.727,0.0873,0.9934
6.61,3.805,0.0957,0.9465
6.62,3.836,0.0959,1.001
6.63,3.789,0.095,1.0135
6.64,3.779,0.0935,0.9862
6.65,3.825,0.093,0.936
6.66,3.836,0.0938,0.9102
6.67,3.825,0.0972,0.9122
6.68,3.815,0.0997,0.9141
6.69,3.836,0.1008,0.9608
6.7,3.841,0.0982,0.9579
6.71,3.831,0.0953,0.941
6.72,3.82,0.0951,0.9532
6.73,3.82,0.0949,0.967
6.74,3.825,0.0951,0.9438
6.75,3.836,0.0936,0.9373
6.76,3.851,0.0931,0.9528
6.77,3.867,0.0929,0.955
6.78,3.908,0.0926,0.973
6.79,3.924,0.0926,0.9701
6.8,3.955,0.0921,0.9822
6.81,3.976,0.0913,0.9923
6.82,4.001,0.0915,0.9888
6.83,4.001,0.0914,0.9935
6.84,3.986,0.0911,1.0116
6.85,4.001,0.091,1.001
6.86,4.012,0.0909,1.0318
6.87,4.007,0.0911,1.0249
6.88,4.043,0.0914,1.0222
6.89,4.053,0.0916,1.0361
6.9,4.084,0.0917,1.0248
6.91,4.069,0.0921,1.0322
6.92,4.074,0.0924,1.0484
6.93,4.131,0.0931,1.0363
6.94,4.152,0.0932,1.0532
6.95,4.172,0.0937,1.0515
6.96,4.177,0.0935,1.0528
6.97,4.167,0.0936,1.0554
6.98,4.157,0.0938,1.0668
6.99,4.193,0.0943,1.0476
7,4.214,0.0943,1.0643
7.01,4.219,0.0943,1.0659
7.02,4.208,0.0947,1.0542
7.03,4.214,0.0948,1.0568
7.04,4.234,0.0949,1.0393
7.05,4.25,0.095,1.0483
7.06,4.234,0.0952,1.0719
7.07,4.245,0.0952,1.0608
7.08,4.25,0.0957,1.0506
7.09,4.24,0.0954,1.052
7.1,4.224,0.0953,1.0346
7.11,4.219,0.0951,1.0167
7.12,4.224,0.0951,0.9921
7.13,4.208,0.0944,0.9675
7.14,4.193,0.0943,0.9716
7.15,4.167,0.0948,0.9641
7.16,4.141,0.0948,0.9298
7.17,4.084,0.0947,0.8853
7.18,4.053,0.0941,0.8634
7.19,3.986,0.0937,0.7868
7.2,3.955,0.0935,0.7664
7.21,3.888,0.0927,0.7618
7.22,3.856,0.0917,0.7537
7.23,3.8,0.0912,0.7582
7.24,3.768,0.0907,0.7874
7.25,3.753,0.0908,0.8028
7.26,3.753,0.09,0.814
7.27,3.737,0.0894,0.8623
7.28,3.732,0.0881,0.8858
7.29,3.763,0.0877,0.9083
7.3,3.789,0.0862,0.9194
7.31,3.805,0.0862,0.9441
7.32,3.81,0.0859,0.9695
7.33,3.831,0.0858,1.0153
7.34,3.841,0.0865,1.0215
7.35,3.862,0.0866,1.0548
7.36,3.872,0.0862,1.0703
7.37,3.898,0.0864,1.0831
7.38,3.903,0.0865,1.1096
7.39,3.924,0.0865,1.1243
7.4,3.929,0.0875,1.123
7.41,3.939,0.0867,1.1396
7.42,3.934,0.0861,1.147
7.43,3.939,0.0864,1.1518
7.44,3.97,0.0858,1.1802
7.45,4.007,0.0856,1.1256
7.46,4.001,0.086,1.0795
7.47,3.996,0.0861,1.176
7.48,4.001,0.0859,1.1339
7.49,4.012,0.0859,1.1359
7.5,3.976,0.0863,1.1349
7.51,3.965,0.0855,1.0798
7.52,3.944,0.0845,1.0223
7.53,3.934,0.0822,1.0207
7.54,3.929,0.0835,1.0549
7.55,3.919,0.0828,1.0147
7.56,3.893,0.0818,0.9608
7.57,3.862,0.081,0.9755
7.58,3.831,0.0799,1.0003
7.59,3.815,0.0797,0.9913
7.6,3.774,0.0777,0.9012
7.61,3.743,0.0746,0.9534
7.62,3.665,0.0736,1.0004
7.63,3.649,0.0745,1.0016
7.64,3.634,0.0757,0.9811
7.65,3.639,0.0769,0.9372
7.66,3.836,0.078,1.0464
7.67,3.996,0.0785,1.0025
7.68,4.022,0.0792,0.8892
7.69,4.007,0.0778,0.8098
7.7,3.986,0.0773,0.7659
7.71,3.934,0.0758,0.7274
7.72,3.872,0.0743,0.7351
7.73,3.753,0.073,0.7709
7.74,3.722,0.072,0.8423
7.75,3.696,0.0685,0.8952
7.76,3.732,0.0684,0.9062
7.77,3.737,0.0676,0.938
7.78,3.748,0.0645,0.926
7.79,3.748,0.0639,0.9072
7.8,3.732,0.0618,0.935
7.81,3.737,0.0611,0.8927
7.82,3.712,0.0607,0.8027
7.83,3.686,0.0601,0.8095
7.84,3.66,0.0591,0.8575
7.85,3.701,0.0587,0.8774
7.86,3.732,0.0594,0.8507
7.87,3.784,0.0606,0.8493
7.88,3.794,0.0621,0.851
7.89,3.8,0.0618,0.8495
7.9,3.805,0.0612,0.8444
7.91,3.81,0.0617,0.8374
7.92,3.82,0.0637,0.8344
7.93,3.841,0.0649,0.8245
7.94,3.846,0.0669,0.8115
7.95,3.903,0.0683,0.7918
7.96,3.965,0.0709,0.791
7.97,4.027,0.0755,0.7641
7.98,4.095,0.0771,0.6876
7.99,4.1,0.08,0.6229
8,4.095,0.0815,0.5772
8.01,4.105,0.0836,0.4709
8.02,4.095,0.0857,0.4104
8.03,4.069,0.0865,0.4249
8.04,4.032,0.0859,0.4627
8.05,4.027,0.0861,0.4935
8.06,4.022,0.0864,0.5495
8.07,4.012,0.0854,0.5508
8.08,3.976,0.0838,0.5519
8.09,3.867,0.0831,0.5786
8.1,3.815,0.0816,0.5958
8.11,3.784,0.081,0.6012
8.12,3.768,0.0812,0.6553
8.13,3.862,0.0814,0.6796
8.14,3.991,0.0842,0.716
8.15,4.224,0.0908,0.7724
8.16,4.302,0.0928,0.7017
8.17,4.384,0.0937,0.5485
8.18,4.379,0.0918,0.4928
8.19,4.405,0.0918,0.4983
8.2,4.462,0.0917,0.405
8.21,4.462,0.0909,0.352
8.22,4.405,0.0903,0.3372
8.23,4.374,0.0918,0.3891
8.24,4.348,0.0912,0.4751
8.25,4.317,0.0906,0.5853
8.26,4.307,0.0901,0.6263
8.27,4.322,0.0895,0.6226
8.28,4.384,0.0914,0.6297
8.29,4.426,0.0939,0.6302
8.3,4.514,0.0955,0.6585
8.31,4.567,0.0979,0.5887
8.32,4.62,0.0971,0.519
8.33,4.673,0.0959,0.4493
8.34,4.726,0.0922,0.3795
8.35,4.664,0.091,0.3931
8.36,4.519,0.0916,0.4381
8.37,4.472,0.0908,0.4463
8.38,4.493,0.0902,0.5886
8.39,4.504,0.0918,0.6537
8.4,4.504,0.0921,0.6952
8.41,4.488,0.0929,0.6697
8.42,4.452,0.0902,0.7
8.43,4.441,0.0869,0.7462
8.44,4.447,0.0844,0.8178
8.45,4.436,0.0825,0.8437
8.46,4.462,0.081,0.8512
8.47,4.478,0.0817,0.8853
8.48,4.472,0.0812,0.9162
8.49,4.535,0.0814,0.9373
8.5,4.54,0.0814,0.9271
8.51,4.545,0.0827,0.9203
8.52,4.571,0.084,0.9403
8.53,4.576,0.0833,0.9437
8.54,4.555,0.0822,0.9963
8.55,4.535,0.0801,1.024
8.56,4.529,0.0789,1.0471
8.57,4.555,0.0792,1.0491
8.58,4.592,0.0825,1.0555
8.59,4.617,0.0931,1.0798
8.6,4.648,0.1036,1.086
8.61,4.685,0.1142,1.0823
8.62,4.726,0.1247,1.0528
8.63,4.752,0.1435,1.0427
8.64,4.804,0.1497,1.0181
8.65,4.99,0.1578,0.9407
8.66,5.156,0.1624,0.7213
8.67,5.322,0.1659,0.502
8.68,5.487,0.1624,0.2826
8.69,5.653,0.1525,0.0632
8.7,5.44,0.1465,0.108
8.71,5.347,0.1359,0.1348
8.72,5.099,0.1315,0.1635
8.73,4.944,0.1288,0.2187
8.74,4.783,0.1283,0.346
8.75,4.762,0.1276,0.3995
8.76,4.788,0.1235,0.4826
8.77,4.814,0.1205,0.5171
8.78,4.892,0.1192,0.5714
8.79,4.928,0.1196,0.5281
8.8,4.928,0.1171,0.5432
8.81,4.949,0.115,0.5842
8.82,4.944,0.116,0.6104
8.83,4.933,0.1166,0.6658
8.84,4.944,0.1139,0.6805
8.85,4.933,0.1147,0.7291
8.86,4.918,0.1153,0.7683
8.87,4.99,0.119,0.8326
8.88,5.052,0.12,0.7772
8.89,5.099,0.1182,0.8058
8.9,5.094,0.1163,0.6985
8.91,5.078,0.1139,0.6964
8.92,5.068,0.1127,0.7315
8.93,5.088,0.1109,0.7637
8.94,5.104,0.1094,0.8182
8.95,5.088,0.1079,0.8469
8.96,5.063,0.106,0.9013
8.97,5.057,0.1036,0.9435
8.98,5.052,0.1029,0.9949
8.99,5.047,0.104,1.0213
9,5.032,0.1042,1.0737
9.01,5.026,0.1022,1.0925
9.02,5.037,0.0979,1.1127
9.03,5.057,0.0971,1.1511
9.04,5.12,0.0969,1.194
9.05,5.156,0.0973,1.1976
9.06,5.192,0.0981,1.1504
9.07,5.187,0.0987,1.1795
9.08,5.182,0.1031,1.1608
9.09,5.208,0.1033,1.107
9.1,5.197,0.1053,1.0629
9.11,5.192,0.1064,1.0793
9.12,5.218,0.1079,1.1048
9.13,5.285,0.1075,1.148
9.14,5.332,0.1076,1.1594
9.15,5.42,0.1112,1.1278
9.16,5.43,0.1136,1.0473
9.17,5.347,0.1177,0.8547
9.18,5.296,0.1152,0.8355
9.19,5.197,0.1143,0.8349
9.2,5.145,0.1153,0.8282
9.21,5.083,0.117,0.8303
9.22,4.902,0.1161,0.761
9.23,4.804,0.1125,0.7312
9.24,4.669,0.108,0.8267
9.25,4.638,0.1087,0.8627
9.26,4.654,0.1117,0.8423
9.27,4.648,0.1141,0.826
9.28,4.586,0.1197,0.8525
9.29,4.576,0.1209,0.7799
9.3,4.555,0.1156,0.6339
9.31,4.514,0.1098,0.4016
9.32,4.405,0.099,0.3347
9.33,4.12,0.0908,0.2779
9.34,3.986,0.0775,0.2604
9.35,3.675,0.0708,0.2777
9.36,3.525,0.066,0.3096
9.37,3.272,0.0602,0.3781
9.38,3.184,0.0586,0.4125
9.39,3.08,0.0566,0.579
9.4,3.22,0.056,0.684
9.41,3.344,0.057,0.7279
9.42,3.499,0.058,0.7552
9.43,3.856,0.0614,0.7976
9.44,3.95,0.0682,0.817
9.45,4.146,0.0688,0.8678
9.46,4.26,0.0693,0.8959
9.47,4.493,0.0714,0.9735
9.48,4.623,0.0817,1.0243
9.49,4.923,0.0882,1.0747
9.5,5.063,0.0994,1.0703
9.51,5.254,0.1036,1.026
9.52,5.327,0.1045,1.0178
9.53,5.461,0.1057,0.9129
9.54,5.508,0.1058,0.8702
9.55,5.565,0.1112,0.9034
9.56,5.596,0.1144,0.9429
9.57,5.673,0.1331,1.0002
9.58,5.71,0.1517,1.039
9.59,5.761,0.1704,1.0411
9.6,5.818,0.189,0.9288
9.61,5.818,0.2003,0.8673
9.62,5.798,0.2026,0.8171
9.63,5.746,0.2099,0.798
9.64,5.908,0.2098,0.6619
9.65,6.069,0.2133,0.5259
9.66,6.231,0.2095,0.3898
9.67,6.393,0.1997,0.2537
9.68,6.186,0.1961,0.4671
9.69,6.124,0.1925,0.5659
9.7,6.17,0.1899,0.709
9.71,6.232,0.1842,0.7624
9.72,6.403,0.1812,0.8537
9.73,6.522,0.1895,0.9176
9.74,6.786,0.1957,0.9278
9.75,6.911,0.1999,0.893
9.76,6.973,0.2018,0.8219
9.77,6.942,0.2082,0.8381
9.78,6.952,0.2146,0.7131
9.79,6.993,0.2298,0.6209
9.8,7.05,0.2353,0.5119
9.81,7.024,0.242,0.5479
9.82,7.03,0.2451,0.5849
9.83,7.107,0.2551,0.5409
9.84,7.309,0.2613,0.4481
9.85,7.433,0.277,0.3876
9.86,7.64,0.2858,0.3308
9.87,7.692,0.2985,0.3503
9.88,7.749,0.3013,0.2117
9.89,7.728,0.3062,0.0813
9.9,7.594,0.3023,0.0145
9.91,7.568,0.2616,-0.0012
9.92,7.496,0.2578,-0.0128
9.93,7.464,0.2517,-0.0145
9.94,7.33,0.2361,-0.0168
9.95,7.221,0.2324,-0.0152
9.96,6.962,0.2362,0.0119
9.97,6.584,0.2358,0.0556
9.98,5.839,0.2347,0.1234
9.99,5.534,0.2321,0.182
10,5.249,0.2312,0.4665
10.01,5.233,0.2225,0.5146
10.02,5.368,0.2123,0.5074
10.03,5.347,0.1736,0.5196
10.04,5.358,0.1418,0.6093
10.05,5.321,0.1261,0.6572
10.06,5.296,0.1243,0.6853
10.07,5.264,0.1242,0.6933
10.08,5.145,0.1286,0.7552
10.09,5.073,0.1322,0.7868
10.1,5.032,0.1302,0.7903
10.11,5.052,0.1314,0.7784
10.12,5.047,0.1334,0.826
10.13,5.088,0.1342,0.8768
10.14,5.233,0.1332,0.9842
10.15,5.337,0.1329,1.0381
10.16,5.58,0.1309,1.101
10.17,5.642,0.1282,1.0668
10.18,5.508,0.1247,1.0542
10.19,5.337,0.1237,1.0868
10.2,5.135,0.1223,0.8328
10.21,5.057,0.1216,0.8436
10.22,4.98,0.1172,0.9213
10.23,4.866,0.115,1.0896
10.24,4.881,0.1158,1.1184
10.25,4.969,0.1164,1.137
10.26,4.985,0.1248,1.1429
10.27,4.98,0.1296,1.118
10.28,4.938,0.1257,1.1371
10.29,4.944,0.1214,1.147
10.3,4.98,0.1163,1.1038
10.31,5.166,0.1165,1.0832
10.32,5.264,0.1186,1.0694
10.33,5.358,0.12,1.099
10.34,5.311,0.1222,0.9987
10.35,5.296,0.1234,1.032
10.36,5.275,0.1228,0.9993
10.37,5.135,0.1235,1.0717
10.38,5.073,0.1219,1.1106
10.39,4.923,0.1207,1.0641
10.4,4.845,0.1243,1.0509
10.41,4.711,0.1241,1.0702
10.42,4.685,0.1181,1.0631
10.43,4.628,0.1153,1.0808
10.44,4.504,0.1101,1.127
10.45,4.447,0.109,1.0954
10.46,4.405,0.1082,0.9774
10.47,4.39,0.1087,0.8772
10.48,4.462,0.1099,0.8386
10.49,4.509,0.1109,0.8103
10.5,4.483,0.1139,0.8285
10.51,4.462,0.1132,0.878
10.52,4.462,0.1113,0.8862
10.53,4.504,0.111,0.9027
10.54,4.529,0.1093,0.8945
10.55,4.628,0.1095,0.8765
10.56,4.586,0.1135,0.8915
10.57,4.524,0.1175,0.947
10.58,4.586,0.1215,0.9017
10.59,4.597,0.1184,0.8927
10.6,4.581,0.1165,0.9151
10.61,4.597,0.117,0.928
10.62,4.617,0.1194,0.8877
10.63,4.791,0.1259,0.9473
10.64,4.966,0.1319,1.0069
10.65,5.14,0.1348,1.0665
10.66,5.171,0.1321,0.9849
10.67,5.171,0.1244,0.8878
10.68,5.104,0.1226,0.8834
10.69,5.109,0.1203,0.7698
10.7,5.151,0.1191,0.677
10.71,5.088,0.122,0.777
10.72,5.042,0.1265,0.8899
10.73,5.13,0.1278,0.935
10.74,5.208,0.1285,0.9575
10.75,5.435,0.1267,0.9324
10.76,5.482,0.124,0.9164
10.77,5.42,0.1183,0.9465
10.78,5.384,0.1153,0.9765
10.79,5.358,0.1149,0.9778
10.8,5.296,0.1178,1.038
10.81,5.254,0.1187,1.0721
10.82,5.285,0.1185,1.0994
10.83,5.316,0.121,1.0707
10.84,5.327,0.1245,1.152
10.85,5.347,0.1321,1.1616
10.86,5.373,0.1335,1.165
10.87,5.378,0.1452,1.1915
10.88,5.42,0.1327,1.2186
10.89,5.446,0.1294,1.2193
10.9,5.43,0.1292,1.2246
10.91,5.384,0.1291,1.1951
10.92,5.296,0.1295,1.161
10.93,5.296,0.1298,1.1805
10.94,5.544,0.1297,1.2701
10.95,5.896,0.1293,1.2118
10.96,5.87,0.1289,1.1506
10.97,5.777,0.1281,1.1101
10.98,5.699,0.1254,1.1328
10.99,5.539,0.1248,0.9009
11,5.44,0.1257,0.9268
11.01,5.249,0.1256,1.0855
11.02,5.218,0.1249,1.1029
11.03,5.151,0.1285,1.0991
11.04,5.13,0.1339,1.111
11.05,5.099,0.139,1.1173
11.06,5.088,0.126,1.129
11.07,5.073,0.129,1.1759
11.08,5.068,0.1319,1.2006
11.09,5.063,0.1286,1.2318
11.1,5.057,0.124,1.2469
11.11,5.042,0.1242,1.2575
11.12,5.063,0.1232,1.2722
11.13,5.037,0.1278,1.3022
11.14,5.032,0.1262,1.3712
11.15,5.026,0.1225,1.4402
11.16,5.057,0.1205,1.4402
11.17,5.042,0.118,1.4345
11.18,5.032,0.1176,1.4328
11.19,5.016,0.1172,1.4158
11.2,5,0.1164,1.4114
11.21,4.99,0.1191,1.4206
11.22,4.985,0.1218,1.4126
11.23,4.964,0.1182,1.4123
11.24,4.98,0.1173,1.4003
11.25,4.99,0.1162,1.3951
11.26,4.954,0.1154,1.4359
11.27,4.944,0.1146,1.442
11.28,4.967,0.1141,1.447
11.29,4.99,0.1132,1.4521
11.3,4.995,0.1128,1.4978
11.31,5.011,0.1125,1.5126
11.32,5.068,0.1126,1.5041
11.33,5.104,0.1126,1.5182
11.34,5.135,0.1131,1.558
11.35,5.145,0.1141,1.5595
11.36,5.223,0.1144,1.5904
11.37,5.275,0.1145,1.595
11.38,5.337,0.1149,1.6119
11.39,5.368,0.1166,1.6196
11.4,5.466,0.1176,1.6168
11.41,5.503,0.1189,1.6451
11.42,5.591,0.1194,1.6884
11.43,5.637,0.1211,1.7011
11.44,5.72,0.1228,1.6879
11.45,5.767,0.1264,1.6771
11.46,5.855,0.13,1.6761
11.47,5.901,0.1302,1.675
11.48,5.979,0.131,1.6816
11.49,6.036,0.1308,1.6706
11.5,6.113,0.1322,1.6676
11.51,6.129,0.132,1.6859
11.52,6.176,0.1311,1.6767
11.53,6.222,0.1309,1.6676
11.54,6.227,0.1317,1.6468
11.55,6.222,0.1323,1.563
11.56,6.082,0.1329,1.5772
11.57,6.062,0.134,1.5493
11.58,6.041,0.1351,1.535
11.59,6.041,0.1362,1.5093
11.6,6,0.139,1.5004
11.61,5.968,0.1387,1.494
11.62,5.87,0.1396,1.4998
11.63,5.944,0.1427,1.215
11.64,6.018,0.1432,0.9302
11.65,6.091,0.1409,0.6454
11.66,6.165,0.1385,0.3606
11.67,5.994,0.1349,0.3908
11.68,5.886,0.1335,0.4266
11.69,5.694,0.1308,0.5266
11.7,5.544,0.1269,0.6868
11.71,5.43,0.1213,0.8061
11.72,5.428,0.1116,0.8589
11.73,5.425,0.1076,0.9116
11.74,5.368,0.1,0.9246
11.75,5.342,0.0979,0.8878
11.76,5.218,0.093,0.9716
11.77,5.223,0.0962,1.0152
11.78,5.27,0.0981,1.005
11.79,5.337,0.1052,0.834
11.8,5.306,0.109,0.6625
11.81,5.513,0.1188,0.3831
11.82,5.725,0.1224,0.2311
11.83,5.937,0.1254,0.1953
11.84,5.912,0.1308,0.2568
11.85,5.948,0.1348,0.2426
11.86,6.181,0.1507,0.2928
11.87,6.362,0.1574,0.2177
11.88,6.196,0.1666,0.2819
11.89,6.025,0.1717,0.2685
11.9,6.01,0.1772,0.1773
11.91,6.181,0.1783,0.0396
11.92,6.32,0.1797,0.011
11.93,6.212,0.1804,0.0295
11.94,6.093,0.1801,0.0491
11.95,6.207,0.1825,0.0535
11.96,6.367,0.1869,0.0612
11.97,6.372,0.1888,0.086
11.98,6.201,0.1962,0.1034
11.99,6.072,0.1955,0.1132
12,5.953,0.1927,0.1225
12.01,5.834,0.1944,0.1398
12.02,5.839,0.1975,0.0983
12.03,6.139,0.2048,0.0636
12.04,6.383,0.2084,0.0702
12.05,6.657,0.2152,0.1209
12.06,6.724,0.2147,0.1262
12.07,6.729,0.2097,0.1284
12.08,6.678,0.2092,0.1716
12.09,6.672,0.2106,0.2335
12.1,6.564,0.2153,0.1981
12.11,6.496,0.2202,0.167
12.12,6.289,0.2258,0.246
12.13,6.186,0.2281,0.3197
12.14,6.015,0.2251,0.3315
12.15,6.01,0.2202,0.3007
12.16,5.994,0.2167,0.2967
12.17,6.005,0.2147,0.2163
12.18,6.015,0.2142,0.1204
12.19,5.86,0.209,0.0879
12.2,5.679,0.2065,0.0683
12.21,5.409,0.2055,0.0407
12.22,5.347,0.1986,0.0233
12.23,5.404,0.1955,0.0154
12.24,5.746,0.1954,0.0305
12.25,5.974,0.1951,0.0448
12.26,6.15,0.1966,0.0622
12.27,5.943,0.182,0.0706
12.28,5.44,0.1635,0.1045
12.29,5.285,0.1547,0.1251
12.3,5.171,0.1495,0.1207
12.31,5.166,0.1487,0.1319
12.32,5.342,0.1509,0.166
12.33,5.264,0.1527,0.1933
12.34,5.182,0.1562,0.2839
12.35,5.321,0.1596,0.3574
12.36,5.73,0.1695,0.4332
12.37,6.129,0.1763,0.521
12.38,6.429,0.1927,0.5428
12.39,6.471,0.1896,0.3678
12.4,6.538,0.1904,0.2347
12.41,6.538,0.1998,0.2691
12.42,6.502,0.2053,0.2427
12.43,6.605,0.2131,0.0387
12.44,6.61,0.2155,0.0561
12.45,6.496,0.2156,0.1695
12.46,6.512,0.2192,0.2003
12.47,6.486,0.2284,0.2139
12.48,6.496,0.2311,0.2229
12.49,6.528,0.2341,0.2236
12.5,6.574,0.2444,0.209
12.51,6.61,0.2485,0.1571
12.52,6.6,0.2548,0.0949
12.53,6.6,0.2595,0.0781
12.54,6.626,0.2735,0.0671
12.55,6.678,0.3055,0.0773
12.56,6.766,0.3026,0.073
12.57,6.968,0.3185,0.0576
12.58,7.123,0.305,0.0372
12.59,7.439,0.3082,0.014
12.6,7.63,0.312,0.0072
12.61,7.858,0.3193,-0.0006
12.62,8.774,0.3225,-0.0211
12.63,8.867,0.3291,-0.0468
12.64,8.997,0.3331,-0.0586
12.65,8.365,0.3386,-0.0609
12.66,8.06,0.3463,-0.0609
12.67,7.785,0.3456,-0.0608
12.68,7.294,0.3433,-0.0585
12.69,7.112,0.3348,-0.0578
12.7,6.838,0.3319,-0.0522
12.71,6.833,0.3283,-0.0499
12.72,6.838,0.3186,-0.048
12.73,6.704,0.3133,-0.0439
12.74,6.59,0.3081,-0.0421
12.75,6.564,0.2996,-0.0404
12.76,6.626,0.2986,-0.0375
12.77,6.75,0.3007,-0.035
12.78,6.828,0.3011,-0.0348
12.79,6.89,0.3,-0.0356
12.8,6.911,0.296,-0.0331
12.81,6.931,0.2874,-0.0297
12.82,6.978,0.2856,-0.0248
12.83,7.03,0.2843,-0.0234
12.84,6.999,0.2829,-0.0206
12.85,6.931,0.2804,-0.0186
12.86,6.833,0.2716,-0.0161
12.87,6.698,0.2654,-0.0138
12.88,6.512,0.2607,-0.01
12.89,6.45,0.262,-0.0077
12.9,6.496,0.2649,-0.0007
12.91,6.584,0.2718,0.004
12.92,6.735,0.2828,0.01
12.93,6.942,0.288,0.0218
12.94,7.035,0.2952,0.0253
12.95,7.133,0.2942,0.0264
12.96,7.216,0.2917,0.0267
12.97,7.247,0.2962,0.0257
12.98,7.288,0.3032,0.0267
12.99,7.428,0.3109,0.033
13,7.521,0.3283,0.038
13.01,7.703,0.3371,0.0556
13.02,7.853,0.3576,0.0612
13.03,8.044,0.3639,0.0637
13.04,8.52,0.3676,0.0636
13.05,8.733,0.3616,0.0626
13.06,8.94,0.3538,0.0613
13.07,9.535,0.3573,0.0599
13.08,9.98,0.3756,0.0594
13.09,10.275,0.3601,0.0667
13.1,9.644,0.3478,0.0484
13.11,8.774,0.3394,0.0482
13.12,7.573,0.3311,0.0501
13.13,7.257,0.3211,0.0279
13.14,6.905,0.3041,0.0587
13.15,6.326,0.2932,0.1425
13.16,6.238,0.2818,0.1826
13.17,6.196,0.2482,0.2142
13.18,6.15,0.2315,0.2727
13.19,6.269,0.2139,0.2914
13.2,6.471,0.1908,0.3249
13.21,6.652,0.1789,0.3959
13.22,6.496,0.1536,0.4506
13.23,6.388,0.1527,0.4496
13.24,6.264,0.1502,0.4899
13.25,6.025,0.1512,0.5279
13.26,5.694,0.1533,0.5543
13.27,5.591,0.1611,0.5615
13.28,5.332,0.1626,0.6025
13.29,5.254,0.1647,0.6152
13.3,5.239,0.159,0.6226
13.31,5.27,0.1508,0.6666
13.32,5.244,0.1421,0.7162
13.33,5.228,0.1299,0.762
13.34,5.316,0.1272,0.8601
13.35,5.363,0.1264,0.9018
13.36,5.378,0.1272,0.9511
13.37,5.43,0.1296,1.0147
13.38,5.435,0.1288,1.0403
13.39,5.435,0.1236,1.0608
13.4,5.394,0.1212,1.088
13.41,5.358,0.1191,1.1061
13.42,5.28,0.118,1.1243
13.43,5.223,0.1173,1.1399
13.44,5.161,0.1171,1.1798
13.45,5.208,0.1164,1.1699
13.46,5.296,0.1156,1.1715
13.47,5.316,0.1155,1.1916
13.48,5.352,0.1175,1.209
13.49,5.373,0.1195,1.2033
13.5,5.358,0.1216,1.2061
13.51,5.327,0.1263,1.2193
13.52,5.337,0.1272,1.2248
13.53,5.352,0.1356,1.2355
13.54,5.347,0.1441,1.2351
13.55,5.264,0.1424,1.2435
13.56,5.239,0.1389,1.2426
13.57,5.208,0.138,1.2353
13.58,5.12,0.1369,1.2232
13.59,5.057,0.1349,1.2153
13.6,4.972,0.1344,1.295
13.61,4.887,0.1334,1.3746
13.62,4.887,0.1319,1.3952
13.63,4.845,0.1286,1.4468
13.64,4.85,0.1278,1.4743
13.65,4.866,0.1265,1.5029
13.66,4.949,0.1239,1.5664
13.67,5.026,0.1228,1.5999
13.68,5.166,0.1215,1.6596
13.69,5.254,0.119,1.6869
13.7,5.44,0.1181,1.738
13.71,5.513,0.1169,1.7622
13.72,5.575,0.1161,1.7875
13.73,5.689,0.1158,1.8343
13.74,5.741,0.1155,1.8587
13.75,5.787,0.1166,1.8854
13.76,5.896,0.1186,1.9352
13.77,5.937,0.1219,1.9635
13.78,6.025,0.1239,2.0142
13.79,6.072,0.1254,2.0349
13.8,6.129,0.1281,2.056
13.81,6.212,0.1293,2.0912
13.82,6.248,0.1314,2.1105
13.83,6.274,0.132,2.1338
13.84,6.326,0.1323,2.1677
13.85,6.326,0.1338,2.1833
13.86,6.331,0.1347,2.2
13.87,6.357,0.1353,2.2203
13.88,6.346,0.136,2.2252
13.89,6.305,0.1367,2.2337
13.9,6.3,0.1375,2.2395
13.91,6.3,0.138,2.2426
13.92,6.295,0.1373,2.2622
13.93,6.3,0.138,2.2814
13.94,6.398,0.1372,2.3127
13.95,6.429,0.1353,2.338
13.96,6.471,0.1356,2.3621
13.97,6.652,0.1361,2.4386
13.98,6.74,0.1373,2.469
13.99,6.812,0.1379,2.4827
14,6.766,0.1379,2.5506
14.01,6.812,0.1371,2.5554
14.02,6.916,0.1365,2.5346
14.03,7.009,0.1364,2.6014
14.04,7.066,0.1396,2.66
14.05,7.294,0.1409,2.7569
14.06,7.392,0.1422,2.7923
14.07,7.449,0.1439,2.8285
14.08,7.62,0.1447,2.9137
14.09,7.811,0.1506,2.949
14.1,8.008,0.1521,2.9667
14.11,8.251,0.1537,3.0591
14.12,8.344,0.1536,3.1073
14.13,8.5,0.1569,3.1454
14.14,8.774,0.1584,3.1933
14.15,8.831,0.1591,3.2238
14.16,8.997,0.1602,3.3286
14.17,9.074,0.1648,3.389
14.18,9.116,0.1673,3.4322
14.19,9.173,0.1681,3.4715
14.2,9.188,0.169,3.5151
14.21,9.256,0.1704,3.5477
14.22,9.214,0.1705,3.5588
14.23,9.235,0.1704,3.5493
14.24,9.385,0.1719,3.5406
14.25,9.406,0.1752,3.5226
14.26,9.385,0.1739,3.5158
14.27,9.364,0.1705,3.4535
14.28,9.292,0.1737,3.3527
14.29,9.245,0.174,3.3028
14.3,9.188,0.1734,3.3161
14.31,9.116,0.174,3.3499
14.32,9.023,0.1732,3.1091
14.33,8.966,0.1727,2.9289
14.34,8.847,0.1738,2.9664
14.35,8.743,0.1709,2.999
14.36,8.676,0.1714,2.9059
14.37,8.577,0.1732,2.8355
14.38,8.438,0.1701,2.8886
14.39,8.236,0.1659,2.8396
14.4,8.2,0.1651,2.8083
14.41,8.153,0.1654,2.7808
14.42,8.018,0.1604,2.7296
14.43,7.925,0.1602,2.7248
14.44,7.848,0.1564,2.6763
14.45,7.863,0.148,2.6134
14.46,7.842,0.149,2.5223
14.47,7.91,0.1523,2.305
14.48,8.158,0.1621,2.3073
14.49,8.712,0.1639,2.2082
14.5,8.712,0.1657,2.033
14.51,8.686,0.1673,1.7989
14.52,8.598,0.2147,1.4856
14.53,8.531,0.2622,1.2976
14.54,8.422,0.3096,1.2275
14.55,8.122,0.318,1.2506
14.56,8.06,0.3546,1.2666
14.57,7.956,0.368,1.3298
14.58,7.91,0.3802,1.3486
14.59,8.421,0.3792,0.9213
14.6,8.931,0.3724,0.4939
14.61,9.442,0.3489,0.0666
14.62,9.421,0.3368,0.0323
14.63,9.504,0.3183,0.0716
14.64,9.478,0.3157,0.1209
14.65,9.344,0.3124,0.1824
14.66,9.209,0.3014,0.3164
14.67,9.152,0.2957,0.3887
14.68,9.028,0.3029,0.4168
14.69,9.069,0.3142,0.3607
14.7,9.271,0.3255,0.2719
14.71,9.344,0.3368,0.3211
14.72,9.478,0.3526,0.339
14.73,9.514,0.3639,0.3669
14.74,9.494,0.3997,0.3143
14.75,9.499,0.3968,0.318
14.76,9.841,0.3947,0.2445
14.77,10.182,0.4091,0.1711
14.78,10.524,0.4228,0.0976
14.79,10.275,0.434,0.0846
14.8,10.053,0.4453,0.075
14.81,10.726,0.4413,0.106
14.82,10.431,0.4387,0.0698
14.83,10.249,0.4343,0.0457
14.84,10.151,0.4329,0.029
14.85,10.239,0.4405,0.0202
14.86,10.588,0.448,0.0219
14.87,10.938,0.4556,0.0236
14.88,10.834,0.4498,0.0207
14.89,10.741,0.4526,0.0233
14.9,10.544,0.4585,0.0117
14.91,10.368,0.4646,0.0207
14.92,10.475,0.4661,0.0162
14.93,10.582,0.4615,0.0118
14.94,10.689,0.4567,0.0073
14.95,10.436,0.4381,-0.0037
14.96,10.239,0.4294,-0.0001
14.97,10.053,0.4247,0.0014
14.98,9.789,0.4173,0.0094
14.99,9.685,0.415,0.0114
15,9.499,0.4158,0.0179
15.01,9.39,0.415,0.0275
15.02,9.452,0.4165,0.0235
15.03,9.592,0.4155,0.0212
15.04,9.623,0.4144,0.021
15.05,9.582,0.4101,0.025
15.06,9.571,0.4091,0.0298
15.07,9.597,0.4111,0.0337
15.08,9.639,0.4111,0.0343
15.09,9.773,0.4121,0.0487
15.1,9.768,0.4111,0.0484
15.11,9.752,0.4089,0.0479
15.12,9.721,0.4057,0.0431
15.13,9.654,0.402,0.037
15.14,9.587,0.3989,0.0266
15.15,9.54,0.3992,0.0348
15.16,9.52,0.4011,0.0402
15.17,9.473,0.4029,0.0411
15.18,9.442,0.399,0.0423
15.19,9.085,0.3961,0.0603
15.2,9.121,0.3966,0.0554
15.21,9.059,0.3958,0.0391
15.22,8.919,0.3935,0.0264
15.23,8.883,0.3946,0.0371
15.24,8.805,0.402,0.0376
15.25,8.795,0.4076,0.0245
15.26,8.769,0.4123,0.0218
15.27,8.878,0.4175,0.0289
15.28,8.898,0.4191,0.0308
15.29,8.733,0.4178,0.0296
15.3,8.671,0.4113,0.0292
15.31,8.277,0.3988,0.0079
15.32,8.153,0.3947,0.0144
15.33,7.816,0.3872,0.0117
15.34,7.661,0.3846,0.0136
15.35,7.542,0.382,0.0119
15.36,7.501,0.3768,0.0128
15.37,7.542,0.3764,0.0134
15.38,7.863,0.3748,0.0075
15.39,7.992,0.3704,0.0033
15.4,8.096,0.367,0.0055
15.41,8.096,0.3613,0.0018
15.42,8.127,0.3574,0.0002
15.43,8.189,0.3463,-0.0015
15.44,8.174,0.3389,-0.0011
15.45,8.148,0.3312,-0.0006
15.46,8.08,0.3053,-0.0024
15.47,8.075,0.2918,-0.0038
15.48,8.096,0.2841,0.0002
15.49,8.143,0.2699,0.0031
15.5,8.313,0.2661,0.0127
15.51,8.412,0.271,0.0197
15.52,8.495,0.337,0.0298
15.53,8.769,0.4029,0.05
15.54,8.805,0.4689,0.0606
15.55,8.857,0.4814,0.0772
15.56,9.1,0.4929,0.1353
15.57,9.287,0.4978,0.1706
15.58,9.618,0.4881,0.2696
15.59,10.41,0.4758,0.1928
15.6,11.202,0.4691,0.1159
15.61,11.994,0.4597,0.0391
15.62,11.616,0.4343,0.0575
15.63,11.202,0.4186,0.0929
15.64,10.762,0.3995,0.2147
15.65,10.746,0.3917,0.2593
15.66,10.632,0.3775,0.3888
15.67,10.576,0.3732,0.4699
15.68,10.503,0.3676,0.5428
15.69,10.456,0.3651,0.659
15.7,10.456,0.3614,0.7042
15.71,10.508,0.3497,0.7843
15.72,10.55,0.3476,0.825
15.73,10.565,0.3473,0.9034
15.74,10.581,0.3432,0.9466
15.75,10.638,0.3449,0.9747
15.76,10.689,0.3549,1.0052
15.77,10.674,0.3599,1.0078
15.78,10.56,0.36,0.9769
15.79,10.425,0.3495,0.9833
15.8,10.296,0.3457,1.0057
15.81,10.301,0.343,0.9728
15.82,10.343,0.3468,0.9624
15.83,10.581,0.363,1.0109
15.84,10.674,0.3719,1.1065
15.85,10.788,0.3826,1.1582
15.86,11.041,0.4009,0.8228
15.87,11.052,0.4079,0.5333
15.88,11.083,0.4228,0.3512
15.89,11,0.4316,0.2638
15.9,10.762,0.4413,0.1516
15.91,10.648,0.4511,0.1064
15.92,10.539,0.4573,0.0912
15.93,10.446,0.4671,0.101
15.94,10.57,0.4719,0.1286
15.95,10.928,0.4903,0.166
15.96,11.186,0.5016,0.157
15.97,11.414,0.5269,0.1832
15.98,12.025,0.5406,0.2303
15.99,12.325,0.5558,0.2578
16,12.915,0.5846,0.2106
16.01,13.153,0.5952,0.1435
16.02,13.614,0.621,0.0869
16.03,13.702,0.6469,0.0671
16.04,13.821,0.6413,0.0406
16.05,13.883,0.6474,0.0285
16.06,13.894,0.6678,0.0218
16.07,13.904,0.6923,0.0251
16.08,13.966,0.7168,0.0242
16.09,14.38,0.7111,0.0213
16.1,14.794,0.7144,0.0184
16.11,14.779,0.7675,0.0047
16.12,14.665,0.7502,0.0023
16.13,14.292,0.747,0.0032
16.14,14.602,0.7638,0.0129
16.15,14.913,0.8139,0.0227
16.16,14.939,0.7911,0.0105
16.17,14.872,0.79,0.0118
16.18,15.824,0.7969,0.0346
16.19,15.447,0.8523,0.0158
16.2,15.074,0.813,0.0055
16.21,14.541,0.8003,0.0056
16.22,15.41,0.821,0.0387
16.23,14.442,0.7994,0.0153
16.24,14.09,0.7813,0.0131
16.25,14.8,0.7699,0.0335
16.26,14.442,0.8113,0.025
16.27,13.863,0.7247,0.0124
16.28,12.967,0.7142,0.016
16.29,12.393,0.7038,0.0178
16.3,11.818,0.6592,0.0196
16.31,11.616,0.5811,0.0149
16.32,11.197,0.5402,0.0203
16.33,10.886,0.5036,0.0229
16.34,10.229,0.4546,0.0182
16.35,9.654,0.4334,0.0261
16.36,9.152,0.4196,0.0311
16.37,8.049,0.3886,0.1069
16.38,8.319,0.3669,0.2209
16.39,8.324,0.3238,0.2647
16.4,8.386,0.3064,0.2946
16.41,8.603,0.2996,0.3726
16.42,8.733,0.2817,0.4014
16.43,8.831,0.2675,0.424
16.44,8.759,0.2355,0.4385
16.45,8.64,0.2178,0.4539
16.46,8.458,0.2098,0.5301
16.47,8.396,0.2056,0.5549
16.48,8.262,0.2017,0.5955
16.49,7.936,0.1988,0.7014
16.5,7.853,0.1903,0.7462
16.51,7.956,0.1877,0.8402
16.52,7.972,0.1933,0.8905
16.53,7.899,0.2308,0.9782
16.54,7.848,0.2246,1.0356
16.55,7.868,0.2051,1.0594
16.56,7.806,0.2,1.0918
16.57,7.806,0.2076,1.1481
16.58,7.848,0.2108,1.1713
16.59,8.055,0.2064,1.2063
16.6,7.961,0.1995,1.94
16.61,8.013,0.1987,1.9741
16.62,8.22,0.2008,2.0343
16.63,8.293,0.2088,2.0368
16.64,8.225,0.212,2.0784
16.65,8.215,0.2192,2.0901
16.66,8.225,0.2184,2.1061
16.67,8.231,0.2169,2.1207
16.68,8.163,0.214,2.1421
16.69,8.049,0.2121,2.1603
16.7,7.967,0.2127,2.1767
16.71,8.008,0.2129,2.1643
16.72,8.168,0.207,2.1869
16.73,8.282,0.206,2.1986
16.74,8.313,0.1998,2.2061
16.75,8.148,0.196,2.252
16.76,8.065,0.1913,2.2269
16.77,8.003,0.1886,2.1784
16.78,8.029,0.1888,2.1995
16.79,8.091,0.1918,2.2411
16.8,8.055,0.1919,2.2721
16.81,8.018,0.1984,2.3055
16.82,8.044,0.1976,2.3113
16.83,8.174,0.1929,2.338
16.84,8.236,0.1911,2.3569
16.85,8.267,0.1947,2.3839
16.86,8.313,0.1906,2.4549
16.87,8.376,0.192,2.477
16.88,8.432,0.193,2.5212
16.89,8.489,0.1912,2.5485
16.9,8.583,0.1928,2.5666
16.91,8.552,0.196,2.5594
16.92,8.495,0.1933,2.5193
16.93,8.531,0.1929,2.4585
16.94,8.339,0.1917,2.4324
16.95,8.06,0.1919,1.854
16.96,8.158,0.193,1.6675
16.97,8.034,0.1944,1.8621
16.98,8.034,0.1957,1.9468
16.99,8.215,0.2031,2.1035
17,8.51,0.2265,2.0729
17.01,8.572,0.2351,2.0946
17.02,8.505,0.2136,2.1861
17.03,8.464,0.1967,2.2264
17.04,8.453,0.1872,2.2587
17.05,8.505,0.185,2.2978
17.06,8.557,0.1872,2.3426
17.07,8.671,0.1907,2.4084
17.08,8.722,0.1884,2.4421
17.09,8.867,0.1907,2.4114
17.1,8.676,0.1883,2.4218
17.11,8.231,0.1859,2.3545
17.12,8.256,0.1842,2.3425
17.13,8.267,0.1809,2.3972
17.14,8.189,0.1794,2.4274
17.15,8.137,0.1768,2.4928
17.16,8.08,0.1769,2.5318
17.17,7.992,0.1922,2.5664
17.18,7.946,0.1989,2.5692
17.19,7.899,0.1903,2.5717
17.2,7.853,0.1829,2.579
17.21,7.858,0.1694,2.5839
17.22,7.904,0.1661,2.5816
17.23,7.884,0.1646,2.594
17.24,7.848,0.1646,2.6211
17.25,7.858,0.1648,2.609
17.26,7.811,0.1688,2.6214
17.27,7.801,0.1709,2.6408
17.28,7.868,0.1719,2.6427
17.29,7.868,0.1736,2.6627
17.3,7.879,0.178,2.6915
17.31,8.08,0.1797,2.7532
17.32,8.22,0.1825,2.7849
17.33,8.417,0.1825,2.8862
17.34,8.541,0.1979,2.9339
17.35,8.898,0.1949,3.0129
17.36,9.142,0.1851,3.0728
17.37,9.84,0.1982,3.1571
17.38,10.224,0.2029,3.1898
17.39,11,0.2077,3.1866
17.4,11.212,0.2118,3.083
17.41,10.079,0.2106,1.7471
17.42,9.918,0.2122,1.8513
17.43,10.177,0.2081,2.0272
17.44,10.4,0.2104,2.1502
17.45,11.14,0.2312,2.3514
17.46,11.44,0.2365,2.4237
17.47,11.533,0.246,2.3518
17.48,11.212,0.2615,2.3259
17.49,10.192,0.2636,1.9481
17.5,9.825,0.2553,1.7485
17.51,9.499,0.2634,1.5601
17.52,8.779,0.2715,1.5321
17.53,8.614,0.2796,1.5712
17.54,8.205,0.2794,1.738
17.55,8.101,0.2896,1.782
17.56,8.065,0.2982,1.8263
17.57,8.044,0.2987,1.8549
17.58,8.068,0.2904,2.1168
17.59,8.117,0.2265,2.6405
17.6,8.339,0.1961,2.719
17.61,8.36,0.1927,2.7437
17.62,8.417,0.1935,2.7534
17.63,8.464,0.1978,2.7759
17.64,8.505,0.2047,2.7932
17.65,8.821,0.2045,2.8632
17.66,9.038,0.2005,2.9284
17.67,9.514,0.2034,3.0859
17.68,9.721,0.2036,3.1566
17.69,10.001,0.205,3.2186
17.7,10.037,0.2146,3.25
17.71,10.063,0.2168,3.2837
17.72,10.104,0.2159,3.2926
17.73,10.213,0.214,3.3198
17.74,10.234,0.2104,3.3426
17.75,10.42,0.1976,3.3632
17.76,10.565,0.1973,3.3629
17.77,10.777,0.2078,3.3749
17.78,10.876,0.2112,3.296
17.79,10.865,0.2086,3.0477
17.8,10.41,0.2031,2.6538
17.81,10.26,0.2003,2.4095
17.82,10.27,0.2054,1.9106
17.83,10.27,0.2104,1.8261
17.84,9.877,0.2215,2.0435
17.85,9.737,0.2255,2.2179
17.86,9.706,0.2396,2.4841
17.87,9.877,0.2539,2.4996
17.88,10.011,0.2727,2.5281
17.89,10.141,0.2781,2.6023
17.9,10.167,0.2764,2.6574
17.91,10.322,0.2599,2.7671
17.92,10.493,0.239,2.8218
17.93,10.783,0.231,2.9714
17.94,10.922,0.2267,3.048
17.95,11.192,0.2241,3.0458
17.96,11.109,0.2152,3.0531
17.97,10.71,0.206,2.7591
17.98,10.632,0.1941,2.7382
17.99,10.115,0.191,2.8179
18,9.866,0.1835,2.8448
18.01,9.463,0.1814,2.8001
18.02,9.395,0.1807,2.7503
18.03,9.038,0.1829,1.5824
18.04,8.986,0.1914,1.7646
18.05,9.111,0.1924,2.0496
18.06,9.261,0.1958,2.1767
18.07,9.556,0.1989,2.3886
18.08,9.608,0.2061,2.4232
18.09,9.561,0.2254,2.4173
18.1,9.183,0.235,2.3835
18.11,9.023,0.2237,2.3539
18.12,8.748,0.198,2.2207
18.13,8.546,0.195,2.2231
18.14,8.489,0.1912,2.2421
18.15,8.396,0.192,2.3258
18.16,8.391,0.2038,2.4964
18.17,8.577,0.2076,2.567
18.18,8.696,0.2165,2.6058
18.19,8.857,0.218,2.6933
18.2,8.904,0.2115,2.7233
18.21,8.929,0.2064,2.7597
18.22,8.919,0.1943,2.7895
18.23,8.914,0.1823,2.8282
18.24,8.909,0.1777,2.8491
18.25,8.862,0.1784,2.9073
18.26,8.847,0.186,2.935
18.27,8.867,0.1874,2.9883
18.28,8.888,0.1892,3.0232
18.29,8.935,0.1887,3.0887
18.3,8.95,0.1886,3.1196
18.31,9.054,0.1901,3.1832
18.32,9.121,0.1903,3.216
18.33,9.292,0.1902,3.2884
18.34,9.395,0.1846,3.329
18.35,9.602,0.1834,3.4143
18.36,9.711,0.1826,3.4541
18.37,9.944,0.1786,3.5149
18.38,10.022,0.1758,3.5327
18.39,10.016,0.1779,3.5672
18.4,10.001,0.1839,3.5811
18.41,9.784,0.1861,3.536
18.42,9.633,0.191,3.5384
18.43,9.545,0.1939,3.3914
18.44,9.675,0.1993,3.2817
18.45,9.768,0.2037,3.2243
18.46,9.83,0.2122,3.2666
18.47,9.934,0.2153,3.3233
18.48,10.001,0.2182,3.3611
18.49,10.218,0.2613,3.4502
18.5,10.353,0.3044,3.5064
18.51,10.984,0.299,3.6325
18.52,11.575,0.2802,3.6994
18.53,12.46,0.287,3.849
18.54,12.843,0.293,3.8807
18.55,12.656,0.2938,3.2766
18.56,12.464,0.2925,1.8666
18.57,12.273,0.2892,0.4565
18.58,11.471,0.286,0.75
18.59,10.71,0.287,1.4271
18.6,10.519,0.2862,1.6638
18.61,10.425,0.298,1.7182
18.62,10.343,0.319,1.7443
18.63,10.312,0.3181,1.752
18.64,10.208,0.2789,1.7751
18.65,10.192,0.2559,1.7702
18.66,9.877,0.2101,1.7823
18.67,9.763,0.2025,1.7308
18.68,9.395,0.198,1.3621
18.69,8.753,0.2002,1.0834
18.7,8.495,0.2016,1.1124
18.71,8.417,0.2025,1.1875
18.72,8.308,0.2024,1.3514
18.73,8.117,0.2,1.5109
18.74,8.122,0.2047,1.53
18.75,8.262,0.2307,1.5773
18.76,8.334,0.2329,1.6048
18.77,8.495,0.2128,1.6965
18.78,8.733,0.2056,1.7544
18.79,9.271,0.1799,1.8934
18.8,9.639,0.1741,1.9814
18.81,10.622,0.1819,2.1179
18.82,11.471,0.197,2.3128
18.83,11.58,0.2122,2.2938
18.84,10.793,0.211,2.1299
18.85,10.058,0.2059,1.5635
18.86,9.059,0.1997,0.496
18.87,8.748,0.1972,0.5118
18.88,8.386,0.1897,0.6489
18.89,8.236,0.189,0.7448
18.9,8.044,0.1935,0.8561
18.91,7.775,0.1971,0.9553
18.92,7.775,0.222,0.9675
18.93,7.832,0.2309,1.0269
18.94,7.884,0.2285,1.0321
18.95,7.972,0.2206,1.0708
18.96,8.013,0.2009,1.1129
18.97,7.936,0.1921,1.1856
18.98,7.894,0.1991,1.1942
18.99,7.832,0.198,1.2352
19,7.785,0.1952,1.2628
19.01,7.677,0.1924,1.31
19.02,7.506,0.1874,1.3552
19.03,7.449,0.1812,1.3723
19.04,7.252,0.1791,1.4663
19.05,7.361,0.1726,1.5196
19.06,7.361,0.1695,1.5371
19.07,7.34,0.1628,1.5513
19.08,7.283,0.1585,1.5901
19.09,7.288,0.1535,1.6099
19.1,7.325,0.1519,1.6018
19.11,7.314,0.1498,1.5961
19.12,7.216,0.147,1.5894
19.13,7.211,0.1441,1.5808
19.14,7.226,0.1417,1.5682
19.15,7.242,0.1405,1.4669
19.16,7.195,0.1403,1.4752
19.17,7.2,0.1426,1.4674
19.18,7.392,0.1443,1.5118
19.19,7.584,0.1528,1.542
19.2,7.744,0.1585,1.4362
19.21,7.728,0.1611,1.4726
19.22,7.697,0.1609,1.4951
19.23,7.64,0.1606,1.3555
19.24,7.335,0.1588,1.301
19.25,7.19,0.1594,1.3251
19.26,7.004,0.1557,1.4067
19.27,6.942,0.1698,1.4555
19.28,6.942,0.1671,1.4927
19.29,6.988,0.1642,1.5748
19.3,7.045,0.1683,1.6244
19.31,7.092,0.1791,1.6831
19.32,7.097,0.1822,1.6917
19.33,7.169,0.1865,1.5874
19.34,7.392,0.1836,1.5484
19.35,7.848,0.18,1.3616
19.36,7.801,0.175,1.1392
19.37,7.718,0.1725,1.1369
19.38,7.402,0.1701,1.0901
19.39,7.175,0.1617,1.0875
19.4,6.579,0.1503,1.0916
19.41,6.429,0.1504,1.0668
19.42,6.295,0.1517,1.2403
19.43,6.352,0.1669,1.3317
19.44,6.61,0.1907,1.43
19.45,6.807,0.2301,1.5134
19.46,7.563,0.2343,1.5103
19.47,7.941,0.2511,1.5282
19.48,8.743,0.4276,1.1337
19.49,9.074,0.4353,1.1165
19.5,9.432,0.4565,1.0366
19.51,9.561,0.4897,0.7895
19.52,10.431,0.543,0.7229
19.53,10.425,0.5221,0.0828
19.54,10.177,0.5199,0.1241
19.55,12.134,0.5219,-0.0042
19.56,11.533,0.5112,-0.034
19.57,11.311,0.5006,-0.028
19.58,10.881,0.4676,-0.0046
19.59,10.969,0.4552,0.1424
19.6,11.041,0.4886,0.1325
19.61,10.576,0.4646,0.2242
19.62,10.322,0.4471,0.291
19.63,10.485,0.4445,0.4034
19.64,10.648,0.4547,0.5159
19.65,10.363,0.4474,0.2829
19.66,10.218,0.4446,0.2395
19.67,9.954,0.443,0.4694
19.68,10.788,0.4414,0.2679
19.69,10.431,0.426,0.1383
19.7,9.897,0.4314,0.1318
19.71,10.332,0.4368,0.3275
19.72,10.048,0.408,0.3563
19.73,9.737,0.4004,0.4986
19.74,10.073,0.4141,0.7227
19.75,10.41,0.4277,0.9468
19.76,10.322,0.4201,0.8564
19.77,10.586,0.4152,0.9005
19.78,10.85,0.4194,0.9446
19.79,10.808,0.4813,0.6235
19.8,10.462,0.4777,0.5037
19.81,10.669,0.472,0.394
19.82,10.876,0.5229,0.2842
19.83,10.374,0.5029,0.153
19.84,10.13,0.5343,0.2026
19.85,11.507,0.5068,0.0241
19.86,11.197,0.5994,0.0483
19.87,11.036,0.5473,0.0555
19.88,11.523,0.5227,0.2032
19.89,11.228,0.5263,0.1525
19.9,11.078,0.6212,0.1661
19.91,11.864,0.5696,0.2214
19.92,11.642,0.5498,0.1026
19.93,10.348,0.5484,0.3372
19.94,12.268,0.647,0.0691
19.95,11.844,-7.777,0.0277
19.96,11.73,-7.777,0.0979
19.97,11.476,-7.777,0.4232
19.98,12.931,-7.777,0.1134
19.99,13.091,-7.777,0.0075
20,13.283,-7.777,-0.0005
20.01,11.647,-7.777,0.1878
