Depth,qc,fs_corrected,u
0.01,0.19,0.0138,0.0
0.02,0.4,0.0153,0.0019
0.03,0.94,0.0192,0.0013
0.04,1.09,0.0214,0.0032
0.05,1.23,0.0251,0.0059
0.06,1.26,0.0291,0.0038
0.07,1.39,0.0376,0.0035
0.08,1.58,0.0388,0.0044
0.09,1.78,0.04,0.0053
0.1,2.3,0.0488,0.0046
0.11,2.45,0.0546,0.005
0.12,2.38,0.0629,0.0037
0.13,2.77,0.0668,0.0037
0.14,2.92,0.0714,0.0069
0.15,3.0,0.0759,0.0031
0.16,3.02,0.0819,0.0053
0.17,3.01,0.0839,0.0031
0.18,2.94,0.0859,0.0036
0.19,2.82,0.0876,0.0027
0.2,2.67,0.0896,-0.0003
0.21,2.79,0.0902,0.0015
0.22,2.85,0.0942,0.0003
0.23,2.8,0.0966,0.0
0.24,2.71,0.0969,-0.0002
0.25,2.63,0.0954,-0.0011
0.26,2.58,0.0952,-0.0014
0.27,2.55,0.0948,-0.0005
0.28,2.5,0.0946,-0.0025
0.29,2.31,0.0925,-0.0036
0.3,2.2,0.0915,-0.0035
0.31,2.08,0.0912,-0.0037
0.32,1.92,0.0904,-0.0023
0.33,1.82,0.0908,-0.005
0.34,1.73,0.09,-0.0057
0.35,1.58,0.0881,-0.0034
0.36,1.54,0.0847,-0.0058
0.37,1.49,0.0834,-0.0079
0.38,1.45,0.0823,-0.0057
0.39,1.41,0.0808,-0.0023
0.4,1.39,0.0805,-0.003
0.41,1.37,0.0795,-0.0025
0.42,1.36,0.0775,-0.003
0.43,1.36,0.0766,-0.0026
0.44,1.35,0.0761,-0.0028
0.45,1.33,0.0745,-0.0043
0.46,1.31,0.0715,-0.0074
0.47,1.28,0.0702,-0.0067
0.48,1.26,0.0682,-0.0062
0.49,1.19,0.065,-0.0113
0.5,1.15,0.0633,-0.0143
0.51,1.11,0.0618,-0.0158
0.52,1.02,0.0583,-0.0126
0.53,0.99,0.0573,-0.0127
0.54,0.97,0.0557,-0.0119
0.55,0.98,0.0534,-0.0115
0.56,0.98,0.0526,-0.0124
0.57,0.98,0.0522,-0.0155
0.58,0.99,0.0522,-0.0159
0.59,0.98,0.0522,-0.0167
0.6,0.97,0.0532,-0.0179
0.61,0.99,0.0539,-0.0185
0.62,0.98,0.0544,-0.0149
0.63,1.0,0.0557,-0.014
0.64,1.0,0.0569,-0.0139
0.65,1.0,0.0565,-0.0139
0.66,1.01,0.0562,-0.0136
0.67,1.02,0.0563,-0.0145
0.68,1.01,0.0565,-0.0156
0.69,1.02,0.0557,-0.0171
0.7,1.03,0.0548,-0.0176
0.71,1.03,0.0542,-0.0176
0.72,1.03,0.0523,-0.0176
0.73,0.96,0.0501,-0.0249
0.74,0.93,0.0492,-0.0262
0.75,0.9,0.0492,-0.0285
0.76,0.85,0.0465,-0.0303
0.77,0.81,0.0457,-0.0312
0.78,0.79,0.0449,-0.0326
0.79,0.77,0.0429,-0.0352
0.8,0.75,0.0429,-0.0375
0.81,0.68,0.0414,-0.0417
0.82,0.65,0.0377,-0.0423
0.83,0.66,0.0359,-0.043
0.84,0.63,0.0341,-0.0425
0.85,0.57,0.0324,-0.0419
0.86,0.53,0.03,-0.0433
0.87,0.51,0.0275,-0.0441
0.88,0.51,0.0246,-0.0441
0.89,0.47,0.0234,-0.0452
0.9,0.44,0.0219,-0.0458
0.91,0.42,0.0198,-0.0468
0.92,0.37,0.0179,-0.0476
0.93,0.37,0.0161,-0.0476
0.94,0.35,0.0148,-0.0474
0.95,0.31,0.0131,-0.0473
0.96,0.3,0.0128,-0.0463
0.97,0.29,0.0126,-0.0457
0.98,0.28,0.0124,-0.0452
0.99,0.27,0.0121,-0.0449
1.0,0.27,0.0116,-0.0444
1.01,0.25,0.0112,-0.0439
1.02,0.23,0.0108,-0.044
1.03,0.22,0.0105,-0.0436
1.04,0.21,0.0102,-0.0433
1.05,0.2,0.0099,-0.0431
1.06,0.19,0.0094,-0.0429
1.07,0.19,0.009,-0.0428
1.08,0.18,0.0085,-0.0424
1.09,0.17,0.0083,-0.0424
1.1,0.17,0.008,-0.0423
1.11,0.16,0.0077,-0.0422
1.12,0.15,0.0076,-0.042
1.13,0.15,0.0075,-0.0417
1.14,0.15,0.0074,-0.0416
1.15,0.15,0.0074,-0.0414
1.16,0.15,0.0072,-0.0411
1.17,0.14,0.0069,-0.0409
1.18,0.14,0.0069,-0.0406
1.19,0.13,0.0065,-0.0402
1.2,0.13,0.0065,-0.04
1.21,0.13,0.0066,-0.0398
1.22,0.14,0.0066,-0.0398
1.23,0.14,0.0067,-0.0396
1.24,0.13,0.0066,-0.0395
1.25,0.13,0.0064,-0.0395
1.26,0.13,0.0065,-0.0394
1.27,0.12,0.0067,-0.0393
1.28,0.12,0.0069,-0.0391
1.29,0.12,0.0068,-0.0391
1.3,0.13,0.007,-0.0388
1.31,0.13,0.0072,-0.0388
1.32,0.13,0.0075,-0.0388
1.33,0.13,0.0075,-0.0387
1.34,0.13,0.0075,-0.0386
1.35,0.13,0.0075,-0.0384
1.36,0.13,0.0076,-0.0382
1.37,0.14,0.0075,-0.0381
1.38,0.15,0.0073,-0.0381
1.39,0.13,0.0072,-0.0383
1.4,0.13,0.0067,-0.0384
1.41,0.12,0.0062,-0.0384
1.42,0.12,0.0059,-0.0384
1.43,0.11,0.0057,-0.0384
1.44,0.11,0.0052,-0.0383
1.45,0.1,0.005,-0.0381
1.46,0.09,0.0049,-0.0382
1.47,0.09,0.0046,-0.038
1.48,0.09,0.0044,-0.038
1.49,0.08,0.0042,-0.0378
1.5,0.08,0.0041,-0.0378
1.51,0.07,0.0041,-0.0376
1.52,0.07,0.004,-0.0374
1.53,0.07,0.0039,-0.0372
1.54,0.07,0.0039,-0.037
1.55,0.07,0.0038,-0.0368
1.56,0.07,0.0038,-0.0367
1.57,0.07,0.0037,-0.0363
1.58,0.07,0.0037,-0.0363
1.59,0.07,0.0037,-0.036
1.6,0.08,0.0043,-0.0358
1.61,0.08,0.0044,-0.0357
1.62,0.08,0.0046,-0.0353
1.63,0.08,0.0047,-0.0352
1.64,0.08,0.005,-0.0351
1.65,0.08,0.0052,-0.0347
1.66,0.08,0.0055,-0.0345
1.67,0.09,0.0056,-0.0343
1.68,0.1,0.0061,-0.0339
1.69,0.1,0.0062,-0.0339
1.7,0.1,0.0067,-0.0337
1.71,0.1,0.0068,-0.0337
1.72,0.1,0.0067,-0.0337
1.73,0.09,0.0069,-0.0201
1.74,0.1,0.0074,-0.0199
1.75,0.11,0.0077,-0.0194
1.76,0.14,0.0071,-0.0194
1.77,0.16,0.0069,-0.0193
1.78,0.17,0.007,-0.0193
1.79,0.06,0.0066,-0.0183
1.8,0.15,0.0062,-0.0185
1.81,0.14,0.0063,-0.0102
1.82,0.15,0.0056,-0.0033
1.83,0.14,0.006,-0.0037
1.84,0.13,0.006,-0.0047
1.85,0.1,0.0052,-0.0056
1.86,0.09,0.0056,-0.007
1.87,0.13,0.0054,-0.0052
1.88,0.1,0.0052,-0.0079
1.89,0.1,0.005,-0.0063
1.9,0.13,0.0049,-0.0059
1.91,0.16,0.0049,-0.0069
1.92,0.14,0.005,-0.0076
1.93,0.09,0.0047,-0.008
1.94,0.09,0.0047,-0.0078
1.95,0.09,0.0049,-0.0069
1.96,0.14,0.0049,-0.006
1.97,0.12,0.0046,-0.0076
1.98,0.08,0.0043,-0.007
1.99,0.08,0.0043,-0.0063
2.0,0.07,0.0042,-0.0058
2.01,0.07,0.0043,-0.0056
2.02,0.07,0.0041,-0.0053
2.03,0.07,0.0041,-0.0052
2.04,0.06,0.0039,-0.0049
2.05,0.06,0.0039,-0.004
2.06,0.06,0.004,-0.0036
2.07,0.06,0.0039,-0.0036
2.08,0.05,0.004,-0.0029
2.09,0.05,0.0039,-0.0023
2.1,0.06,0.0039,-0.0019
2.11,0.07,0.004,-0.001
2.12,0.07,0.004,-0.001
2.13,0.07,0.0041,-0.0006
2.14,0.06,0.0041,0.0002
2.15,0.07,0.0039,0.0005
2.16,0.07,0.0038,0.0009
2.17,0.07,0.0038,0.0011
2.18,0.06,0.0038,0.0015
2.19,0.06,0.0037,0.0019
2.2,0.06,0.0037,0.0022
2.21,0.06,0.0037,0.0025
2.22,0.06,0.0037,0.0029
2.23,0.06,0.0037,0.0031
2.24,0.06,0.0036,0.0036
2.25,0.06,0.0037,0.004
2.26,0.06,0.0037,0.0043
2.27,0.06,0.0037,0.0052
2.28,0.06,0.0037,0.0057
2.29,0.06,0.0037,0.0062
2.3,0.06,0.0037,0.0068
2.31,0.06,0.0037,0.0071
2.32,0.07,0.0038,0.0076
2.33,0.07,0.0038,0.0081
2.34,0.07,0.0037,0.0092
2.35,0.07,0.0037,0.0096
2.36,0.07,0.0037,0.0099
2.37,0.06,0.0036,0.0102
2.38,0.06,0.0036,0.0105
2.39,0.06,0.0035,0.0113
2.4,0.06,0.0035,0.0118
2.41,0.06,0.0034,0.0122
2.42,0.06,0.0033,0.0127
2.43,0.06,0.0033,0.0131
2.44,0.06,0.0033,0.0142
2.45,0.05,0.0033,0.0147
2.46,0.05,0.0033,0.0151
2.47,0.05,0.0033,0.0156
2.48,0.05,0.0034,0.0161
2.49,0.05,0.0033,0.0174
2.5,0.05,0.0034,0.0179
2.51,0.05,0.0034,0.0186
2.52,0.05,0.0034,0.0192
2.53,0.05,0.0035,0.0198
2.54,0.05,0.0035,0.0202
2.55,0.05,0.0035,0.0207
2.56,0.06,0.0035,0.0212
2.57,0.06,0.0035,0.0224
2.58,0.06,0.0035,0.0229
2.59,0.06,0.0035,0.0236
2.6,0.06,0.0039,0.0243
2.61,0.06,0.0039,0.0249
2.62,0.06,0.0039,0.0255
2.63,0.06,0.0039,0.026
2.64,0.06,0.004,0.0268
2.65,0.07,0.0039,0.0274
2.66,0.06,0.004,0.0279
2.67,0.06,0.004,0.0288
2.68,0.06,0.004,0.0296
2.69,0.06,0.004,0.0302
2.7,0.07,0.004,0.0309
2.71,0.07,0.0041,0.0309
2.72,0.07,0.0041,0.0309
2.73,0.06,0.004,0.0627
2.74,0.06,0.0038,0.0638
2.75,0.05,0.0036,0.0657
2.76,0.05,0.0035,0.0663
2.77,0.04,0.0035,0.0668
2.78,0.04,0.0034,0.068
2.79,0.05,0.0034,0.068
2.8,0.05,0.0033,0.068
2.81,0.04,0.0033,0.0697
2.82,0.05,0.0032,0.0702
2.83,0.05,0.0032,0.0703
2.84,0.04,0.0032,0.0716
2.85,0.04,0.0031,0.0716
2.86,0.04,0.0031,0.0727
2.87,0.04,0.0031,0.0738
2.88,0.06,0.0031,0.0756
2.89,0.04,0.003,0.0759
2.9,0.04,0.0031,0.0772
2.91,0.05,0.003,0.0782
2.92,0.05,0.0031,0.0792
2.93,0.06,0.0033,0.0777
2.94,0.06,0.0033,0.0787
2.95,0.07,0.0034,0.0783
2.96,0.05,0.0035,0.0804
2.97,0.06,0.0035,0.0826
2.98,0.05,0.0036,0.0844
2.99,0.05,0.0038,0.0856
3.0,0.05,0.0038,0.0861
3.01,0.07,0.0039,0.09
3.02,0.08,0.0039,0.0779
3.03,0.06,0.0041,0.0808
3.04,0.06,0.0041,0.0828
3.05,0.06,0.0041,0.0838
3.06,0.07,0.0041,0.0851
3.07,0.07,0.004,0.0859
3.08,0.06,0.004,0.0879
3.09,0.06,0.004,0.0883
3.1,0.07,0.004,0.0879
3.11,0.06,0.0039,0.0901
3.12,0.07,0.0038,0.0909
3.13,0.08,0.0038,0.0893
3.14,0.09,0.0038,0.0851
3.15,0.06,0.0038,0.0849
3.16,0.06,0.0039,0.0845
3.17,0.06,0.0038,0.087
3.18,0.06,0.0038,0.087
3.19,0.06,0.0038,0.0878
3.2,0.06,0.0039,0.0889
3.21,0.06,0.0039,0.0897
3.22,0.06,0.0039,0.091
3.23,0.06,0.004,0.0919
3.24,0.06,0.004,0.0922
3.25,0.06,0.0041,0.0913
3.26,0.07,0.0041,0.092
3.27,0.06,0.004,0.0929
3.28,0.06,0.004,0.0938
3.29,0.06,0.004,0.0928
3.3,0.06,0.004,0.0889
3.31,0.06,0.004,0.0867
3.32,0.06,0.0039,0.0841
3.33,0.06,0.0039,0.0827
3.34,0.06,0.0039,0.0818
3.35,0.06,0.0039,0.0825
3.36,0.06,0.0039,0.0838
3.37,0.06,0.0038,0.0854
3.38,0.05,0.0038,0.0874
3.39,0.05,0.0039,0.085
3.4,0.05,0.0037,0.0853
3.41,0.05,0.0038,0.0863
3.42,0.06,0.0039,0.0886
3.43,0.06,0.0041,0.091
3.44,0.07,0.0041,0.0923
3.45,0.06,0.004,0.0889
3.46,0.06,0.004,0.0906
3.47,0.07,0.0038,0.0916
3.48,0.06,0.0037,0.0927
3.49,0.07,0.0037,0.0933
3.5,0.06,0.0037,0.0943
3.51,0.07,0.0035,0.0947
3.52,0.1,0.0034,0.0882
3.53,0.07,0.0034,0.0851
3.54,0.07,0.0035,0.0876
3.55,0.08,0.0032,0.0878
3.56,0.07,0.0032,0.0855
3.57,0.07,0.0032,0.0855
3.58,0.06,0.0032,0.0886
3.59,0.06,0.0032,0.0909
3.6,0.06,0.0035,0.0925
3.61,0.05,0.0035,0.0951
3.62,0.05,0.0033,0.0951
3.63,0.05,0.0032,0.0962
3.64,0.05,0.0032,0.0979
3.65,0.05,0.0032,0.0987
3.66,0.06,0.0032,0.0987
3.67,0.05,0.0032,0.0992
3.68,0.05,0.0032,0.1002
3.69,0.05,0.0031,0.1021
3.7,0.05,0.0031,0.1027
3.71,0.05,0.0031,0.1027
3.72,0.05,0.003,0.1027
3.73,0.06,0.003,0.1055
3.74,0.07,0.0029,0.106
3.75,0.07,0.0028,0.101
3.76,0.08,0.0028,0.0995
3.77,0.07,0.0028,0.093
3.78,0.07,0.0028,0.0983
3.79,0.07,0.0029,0.1043
3.8,0.07,0.0029,0.1065
3.81,0.07,0.0029,0.1105
3.82,0.06,0.0029,0.112
3.83,0.07,0.0028,0.1129
3.84,0.08,0.0028,0.1135
3.85,0.07,0.0028,0.1114
3.86,0.07,0.0028,0.1115
3.87,0.08,0.0028,0.1118
3.88,0.08,0.0028,0.1135
3.89,0.08,0.0028,0.114
3.9,0.08,0.0028,0.1148
3.91,0.07,0.0028,0.1153
3.92,0.08,0.0028,0.1171
3.93,0.08,0.0027,0.1179
3.94,0.07,0.0027,0.1197
3.95,0.08,0.0027,0.1209
3.96,0.09,0.0026,0.1212
3.97,0.09,0.0026,0.1215
3.98,0.1,0.0025,0.1189
3.99,0.1,0.0025,0.1201
4.0,0.1,0.0025,0.1203
4.01,0.1,0.0027,0.1191
4.02,0.09,0.0026,0.1179
4.03,0.09,0.0027,0.1251
4.04,0.09,0.0026,0.1279
4.05,0.09,0.0027,0.1279
4.06,0.09,0.0026,0.1339
4.07,0.09,0.0026,0.1356
4.08,0.09,0.0026,0.1365
4.09,0.09,0.0026,0.1325
4.1,0.1,0.0026,0.1251
4.11,0.1,0.0026,0.1223
4.12,0.11,0.0026,0.0992
4.13,0.1,0.0026,0.1094
4.14,0.09,0.0025,0.1204
4.15,0.09,0.0025,0.1233
4.16,0.09,0.0025,0.1268
4.17,0.09,0.0025,0.1302
4.18,0.09,0.0025,0.1338
4.19,0.09,0.0025,0.1358
4.2,0.09,0.0024,0.138
4.21,0.1,0.0025,0.1406
4.22,0.1,0.0026,0.1427
4.23,0.1,0.0026,0.1444
4.24,0.1,0.0026,0.1453
4.25,0.11,0.0026,0.144
4.26,0.11,0.0027,0.1442
4.27,0.11,0.0027,0.1449
4.28,0.11,0.0028,0.1461
4.29,0.12,0.0028,0.1461
4.3,0.14,0.0028,0.1461
4.31,0.14,0.0029,0.1491
4.32,0.15,0.0029,0.1503
4.33,0.16,0.0029,0.1376
4.34,0.15,0.003,0.1437
4.35,0.15,0.003,0.1473
4.36,0.14,0.003,0.1474
4.37,0.15,0.0031,0.1457
4.38,0.14,0.0031,0.1486
4.39,0.14,0.0032,0.1499
4.4,0.14,0.0032,0.1531
4.41,0.15,0.0033,0.1536
4.42,0.15,0.0033,0.1519
4.43,0.16,0.0032,0.1495
4.44,0.16,0.0032,0.154
4.45,0.18,0.0032,0.1363
4.46,0.16,0.0033,0.1444
4.47,0.16,0.0034,0.1587
4.48,0.16,0.0032,0.1587
4.49,0.17,0.0032,0.1598
4.5,0.16,0.0032,0.1602
4.51,0.16,0.0033,0.1602
4.52,0.17,0.0033,0.1622
4.53,0.17,0.0032,0.1654
4.54,0.17,0.0032,0.1688
4.55,0.17,0.0033,0.1714
4.56,0.17,0.0035,0.169
4.57,0.17,0.0036,0.1684
4.58,0.19,0.0036,0.1646
4.59,0.22,0.0036,0.1652
4.6,0.23,0.0039,0.1689
4.61,0.23,0.0036,0.1617
4.62,0.23,0.0033,0.1579
4.63,0.23,0.0034,0.1593
4.64,0.25,0.0036,0.166
4.65,0.28,0.0037,0.1696
4.66,0.32,0.0037,0.1545
4.67,0.34,0.0037,0.1363
4.68,0.35,0.0041,0.1236
4.69,0.33,0.0045,0.1232
4.7,0.3,0.0051,0.1239
4.71,0.3,0.0054,0.1239
4.72,0.3,0.0052,0.1239
4.73,0.34,0.005,0.108
4.74,0.34,0.0042,0.1186
4.75,0.33,0.0038,0.1205
4.76,0.3,0.0039,0.1297
4.77,0.35,0.0039,0.1504
4.78,0.4,0.0035,0.1514
4.79,0.4,0.0033,0.1514
4.8,0.47,0.0032,0.147
4.81,0.66,0.0029,0.0998
4.82,0.76,0.0027,0.0842
4.83,0.83,0.0031,0.0759
4.84,0.85,0.0034,0.077
4.85,0.86,0.0034,0.0836
4.86,0.85,0.0038,0.0868
4.87,0.77,0.0037,0.0941
4.88,0.72,0.0036,0.0989
4.89,0.68,0.0036,0.1022
4.9,0.63,0.0034,0.1051
4.91,0.57,0.0031,0.1087
4.92,0.5,0.003,0.1124
4.93,0.4,0.003,0.1228
4.94,0.34,0.003,0.1305
4.95,0.3,0.0031,0.1435
4.96,0.29,0.0029,0.1552
4.97,0.31,0.0024,0.1624
4.98,0.32,0.0024,0.1581
4.99,0.31,0.0024,0.1547
5.0,0.31,0.0025,0.1606
5.01,0.31,0.0027,0.164
5.02,0.3,0.003,0.1645
5.03,0.29,0.0031,0.1631
5.04,0.28,0.0031,0.154
5.05,0.27,0.0029,0.1547
5.06,0.26,0.0029,0.1619
5.07,0.26,0.0029,0.1635
5.08,0.25,0.0034,0.1732
5.09,0.25,0.0034,0.1825
5.1,0.26,0.0036,0.1805
5.11,0.3,0.0035,0.1661
5.12,0.35,0.0042,0.1424
5.13,0.41,0.005,0.1258
5.14,0.45,0.0058,0.1079
5.15,0.46,0.0066,0.0881
5.16,0.45,0.0072,0.0931
5.17,0.45,0.0074,0.0931
5.18,0.44,0.0075,0.1104
5.19,0.44,0.0073,0.116
5.2,0.43,0.0073,0.1207
5.21,0.42,0.0069,0.1062
5.22,0.42,0.0068,0.1062
5.23,0.39,0.0063,0.1059
5.24,0.38,0.0064,0.1158
5.25,0.39,0.0061,0.1197
5.26,0.39,0.0054,0.1225
5.27,0.4,0.0048,0.1248
5.28,0.41,0.0042,0.1258
5.29,0.43,0.0041,0.1258
5.3,0.4,0.0039,0.1351
5.31,0.4,0.004,0.1428
5.32,0.37,0.0039,0.1506
5.33,0.37,0.0037,0.1506
5.34,0.35,0.004,0.1557
5.35,0.37,0.0049,0.1597
5.36,0.37,0.0047,0.1531
5.37,0.37,0.005,0.1601
5.38,0.38,0.0057,0.1668
5.39,0.41,0.0059,0.1695
5.4,0.43,0.0068,0.1473
5.41,0.45,0.0078,0.1403
5.42,0.42,0.0089,0.1362
5.43,0.38,0.0108,0.1421
5.44,0.35,0.013,0.1525
5.45,0.32,0.0152,0.1694
5.46,0.34,0.0174,0.2004
5.47,0.5,0.0224,0.2383
5.48,1.56,0.0252,0.1282
5.49,2.4,0.0318,0.0545
5.5,3.18,0.0318,0.0256
5.51,3.87,0.0365,0.0171
5.52,4.43,0.0388,0.0144
5.53,5.24,0.0409,0.0209
5.54,5.53,0.0429,0.0273
5.55,5.78,0.0448,0.0312
5.56,6.0,0.0463,0.0339
5.57,6.16,0.0486,0.0359
5.58,6.29,0.0486,0.0375
5.59,6.36,0.0486,0.0388
5.6,6.33,0.0406,0.0411
5.61,6.23,0.0407,0.0419
5.62,5.89,0.0406,0.0436
5.63,5.89,0.0401,0.0436
5.64,5.4,0.0393,0.0453
5.65,5.11,0.0384,0.0459
5.66,4.81,0.0363,0.0468
5.67,4.49,0.0354,0.0476
5.68,4.22,0.0342,0.0483
5.69,3.98,0.0329,0.0492
5.7,3.57,0.0314,0.0506
5.71,3.57,0.0287,0.0506
5.72,3.57,0.028,0.0506
5.73,2.97,0.0272,0.0459
5.74,2.79,0.0264,0.0473
5.75,2.62,0.0256,0.0485
5.76,2.47,0.0245,0.05
5.77,2.33,0.023,0.0519
5.78,2.2,0.0198,0.0534
5.79,1.97,0.0185,0.0555
5.8,1.85,0.0166,0.0563
5.81,1.74,0.015,0.0577
5.82,1.64,0.0131,0.0604
5.83,1.58,0.0116,0.063
5.84,1.51,0.0094,0.0621
5.85,1.5,0.0091,0.0566
5.86,1.46,0.0093,0.0485
5.87,1.45,0.0099,0.0412
5.88,1.44,0.0115,0.0323
5.89,1.44,0.0125,0.0244
5.9,1.44,0.0126,0.024
5.91,1.45,0.0126,0.0325
5.92,1.45,0.012,0.0351
5.93,1.42,0.0117,0.0372
5.94,1.38,0.0122,0.0399
5.95,1.3,0.0124,0.043
5.96,1.19,0.0147,0.0471
5.97,1.02,0.016,0.0559
5.98,0.98,0.0151,0.0608
5.99,0.96,0.012,0.066
6.0,0.97,0.0107,0.0701
6.01,0.99,0.0098,0.0719
6.02,0.97,0.0097,0.074
6.03,0.92,0.0111,0.0788
6.04,0.89,0.0157,0.0838
6.05,0.86,0.0161,0.0896
6.06,0.85,0.0161,0.0968
6.07,0.89,0.0164,0.103
6.08,0.96,0.0164,0.108
6.09,1.26,0.0176,0.0865
6.1,1.36,0.0188,0.0649
6.11,1.4,0.0188,0.0634
6.12,1.37,0.0219,0.0718
6.13,1.32,0.0236,0.0781
6.14,1.3,0.0251,0.0828
6.15,1.32,0.0274,0.0869
6.16,1.43,0.0274,0.0911
6.17,2.22,0.0287,0.0833
6.18,2.94,0.0314,0.0707
6.19,2.94,0.0326,0.0707
6.2,4.28,0.0332,0.0207
6.21,4.57,0.0335,0.0179
6.22,4.67,0.0344,0.0244
6.23,4.6,0.035,0.028
6.24,4.6,0.0361,0.028
6.25,4.36,0.0367,0.0325
6.26,4.24,0.037,0.0342
6.27,4.13,0.037,0.0357
6.28,3.95,0.0366,0.0384
6.29,3.95,0.0358,0.0384
6.3,3.87,0.0352,0.0398
6.31,3.74,0.0343,0.0422
6.32,3.68,0.033,0.0433
6.33,3.62,0.0317,0.0443
6.34,3.6,0.0311,0.0455
6.35,3.64,0.0306,0.047
6.36,3.7,0.0312,0.0481
6.37,3.82,0.0336,0.0497
6.38,3.9,0.0336,0.0509
6.39,3.99,0.0373,0.0522
6.4,4.15,0.0388,0.0534
6.41,4.39,0.0404,0.0529
6.42,5.08,0.0426,0.0481
6.43,5.42,0.0449,0.0485
6.44,5.77,0.0473,0.0501
6.45,6.15,0.0519,0.0496
6.46,6.5,0.0543,0.0474
6.47,6.81,0.0571,0.0463
6.48,7.43,0.0598,0.0496
6.49,7.77,0.0624,0.0516
6.5,8.45,0.0672,0.0527
6.51,8.45,0.0688,0.0527
6.52,9.09,0.0698,0.0538
6.53,9.31,0.0702,0.054
6.54,9.51,0.0713,0.0549
6.55,9.72,0.0743,0.0552
6.56,9.89,0.0758,0.0552
6.57,10.04,0.0772,0.0554
6.58,10.31,0.0772,0.0556
6.59,10.41,0.0772,0.0557
6.6,10.5,0.0629,0.0561
6.61,10.6,0.0651,0.0563
6.62,10.69,0.0685,0.0563
6.63,10.82,0.0699,0.0567
6.64,10.88,0.0699,0.0568
6.65,10.92,0.0729,0.0569
6.66,10.97,0.0745,0.057
6.67,11.03,0.0761,0.057
6.68,11.16,0.0793,0.0572
6.69,11.25,0.0793,0.0575
6.7,11.36,0.082,0.0575
6.71,11.36,0.083,0.0575
6.72,11.36,0.0858,0.0575
6.73,11.63,0.0874,0.0485
6.74,11.79,0.0874,0.0501
6.75,12.1,0.0897,0.0523
6.76,12.23,0.091,0.0533
6.77,12.23,0.0934,0.0533
6.78,12.52,0.0949,0.0548
6.79,12.67,0.0949,0.055
6.8,12.79,0.0985,0.0554
6.81,12.98,0.0998,0.0558
6.82,12.98,0.102,0.0558
6.83,13.17,0.1032,0.0562
6.84,13.27,0.1032,0.0563
6.85,13.39,0.106,0.0567
6.86,13.43,0.1073,0.0571
6.87,13.43,0.1094,0.0571
6.88,13.5,0.1097,0.0575
6.89,13.54,0.1094,0.0577
6.9,13.61,0.1087,0.0586
6.91,13.64,0.1076,0.059
6.92,13.64,0.1062,0.059
6.93,13.63,0.1057,0.0595
6.94,13.57,0.1049,0.0595
6.95,13.33,0.1049,0.0599
6.96,13.19,0.103,0.0601
6.97,13.19,0.1022,0.0601
6.98,12.98,0.1009,0.0605
6.99,12.93,0.0984,0.0607
7.0,13.06,0.0978,0.0609
7.01,13.18,0.0976,0.061
7.02,13.29,0.0974,0.0611
7.03,13.35,0.098,0.0612
7.04,13.38,0.0984,0.061
7.05,13.39,0.0987,0.0597
7.06,13.39,0.0988,0.0595
7.07,13.42,0.099,0.0597
7.08,13.42,0.0997,0.0597
7.09,13.5,0.102,0.0602
7.1,13.54,0.102,0.0598
7.11,13.59,0.1029,0.0597
7.12,13.68,0.1044,0.0608
7.13,13.74,0.1051,0.061
7.14,13.79,0.1053,0.0613
7.15,13.85,0.1055,0.0618
7.16,13.98,0.1054,0.0627
7.17,14.05,0.106,0.0627
7.18,14.12,0.1066,0.0631
7.19,14.19,0.1071,0.0633
7.2,14.22,0.1085,0.0635
7.21,14.24,0.1085,0.0634
7.22,14.27,0.109,0.0637
7.23,14.27,0.1099,0.0637
7.24,14.31,0.1103,0.064
7.25,14.4,0.111,0.0641
7.26,14.42,0.1113,0.0643
7.27,14.43,0.1115,0.0642
7.28,14.47,0.1116,0.0646
7.29,14.5,0.1121,0.0648
7.3,14.52,0.1121,0.0652
7.31,14.52,0.112,0.0652
7.32,14.51,0.1116,0.0651
7.33,14.5,0.1113,0.0654
7.34,14.5,0.111,0.0654
7.35,14.47,0.1104,0.0656
7.36,14.4,0.1101,0.0657
7.37,14.38,0.1096,0.0659
7.38,14.36,0.1093,0.066
7.39,14.34,0.1091,0.066
7.4,14.34,0.1091,0.0661
7.41,14.32,0.1099,0.0662
7.42,14.36,0.1102,0.0664
7.43,14.38,0.1103,0.0666
7.44,14.43,0.1108,0.0666
7.45,14.49,0.1113,0.0667
7.46,14.53,0.1119,0.0666
7.47,14.57,0.113,0.0666
7.48,14.67,0.1154,0.0663
7.49,14.71,0.116,0.0665
7.5,14.72,0.1163,0.0664
7.51,14.7,0.1161,0.0663
7.52,14.65,0.1157,0.0663
7.53,14.59,0.114,0.0664
7.54,14.32,0.1128,0.0666
7.55,14.13,0.1116,0.0666
7.56,13.93,0.1105,0.0665
7.57,13.68,0.1094,0.0666
7.58,13.42,0.1094,0.0665
7.59,13.15,0.1094,0.0662
7.6,12.88,0.0821,0.0662
7.61,12.45,0.0821,0.0667
7.62,12.31,0.0822,0.0667
7.63,12.19,0.0821,0.067
7.64,12.04,0.0818,0.0671
7.65,11.84,0.0813,0.0672
7.66,11.38,0.0807,0.067
7.67,11.12,0.0802,0.0667
7.68,10.81,0.0793,0.0667
7.69,10.51,0.0784,0.0664
7.7,10.23,0.076,0.0665
7.71,10.23,0.0741,0.0665
7.72,10.23,0.0728,0.0665
7.73,9.31,0.0722,0.0553
7.74,9.25,0.0715,0.0568
7.75,9.18,0.0707,0.0578
7.76,8.93,0.0696,0.0594
7.77,8.75,0.0672,0.06
7.78,8.52,0.0659,0.0604
7.79,8.3,0.0644,0.0608
7.8,8.08,0.0627,0.061
7.81,7.89,0.0608,0.0613
7.82,7.7,0.0591,0.0617
7.83,7.4,0.0575,0.0623
7.84,7.26,0.0562,0.0627
7.85,7.13,0.0536,0.063
7.86,7.0,0.0523,0.0632
7.87,6.88,0.0512,0.0635
7.88,6.76,0.0494,0.0637
7.89,6.67,0.0494,0.0641
7.9,6.53,0.0487,0.0647
7.91,6.49,0.0475,0.0651
7.92,6.45,0.047,0.0654
7.93,6.41,0.0467,0.0657
7.94,6.38,0.0464,0.0659
7.95,6.34,0.0461,0.0662
7.96,6.3,0.046,0.0664
7.97,6.29,0.046,0.0668
7.98,6.29,0.0465,0.0673
7.99,6.29,0.0468,0.0674
8.0,6.28,0.0471,0.0677
8.01,6.29,0.0472,0.068
8.02,6.29,0.0474,0.068
8.03,6.3,0.0475,0.0682
8.04,6.36,0.0476,0.0686
8.05,6.39,0.0475,0.0687
8.06,6.42,0.0478,0.0689
8.07,6.44,0.048,0.069
8.08,6.46,0.0483,0.0692
8.09,6.47,0.0492,0.0692
8.1,6.48,0.0497,0.0693
8.11,6.49,0.0497,0.0695
8.12,6.5,0.0502,0.0696
8.13,6.52,0.0506,0.0698
8.14,6.54,0.0512,0.0699
8.15,6.59,0.0521,0.0701
8.16,6.65,0.0525,0.0704
8.17,6.75,0.053,0.0705
8.18,6.84,0.0533,0.0707
8.19,7.01,0.0538,0.071
8.2,7.06,0.0546,0.071
8.21,7.09,0.0551,0.0711
8.22,7.14,0.0554,0.0713
8.23,7.15,0.0556,0.0713
8.24,7.15,0.0557,0.0713
8.25,7.17,0.0554,0.0714
8.26,7.19,0.0551,0.0714
8.27,7.22,0.0548,0.0715
8.28,7.27,0.055,0.0716
8.29,7.29,0.0552,0.0717
8.3,7.29,0.0553,0.0715
8.31,7.29,0.0554,0.0716
8.32,7.26,0.0552,0.0716
8.33,7.23,0.0547,0.0717
8.34,7.23,0.0545,0.0718
8.35,7.26,0.0541,0.072
8.36,7.3,0.0539,0.0723
8.37,7.36,0.0539,0.0724
8.38,7.41,0.054,0.0722
8.39,7.43,0.0542,0.072
8.4,7.47,0.0544,0.0716
8.41,7.51,0.0546,0.0692
8.42,7.53,0.055,0.0677
8.43,7.51,0.0555,0.068
8.44,7.46,0.057,0.0691
8.45,7.44,0.0572,0.0695
8.46,7.45,0.0573,0.0703
8.47,7.47,0.0574,0.0711
8.48,7.55,0.0575,0.072
8.49,7.58,0.0577,0.0723
8.5,7.58,0.0579,0.0725
8.51,7.58,0.0582,0.0728
8.52,7.58,0.0585,0.0731
8.53,7.57,0.0586,0.0733
8.54,7.57,0.0588,0.0735
8.55,7.55,0.0589,0.0735
8.56,7.5,0.059,0.0736
8.57,7.44,0.0591,0.074
8.58,7.42,0.0591,0.0742
8.59,7.42,0.0591,0.0744
8.6,7.42,0.0461,0.0746
8.61,7.43,0.047,0.0747
8.62,7.44,0.0487,0.0749
8.63,7.43,0.0494,0.0751
8.64,7.42,0.05,0.0751
8.65,7.39,0.0506,0.0752
8.66,7.37,0.0518,0.0752
8.67,7.35,0.0526,0.0752
8.68,7.32,0.0533,0.0752
8.69,7.26,0.054,0.0754
8.7,7.22,0.0545,0.0754
8.71,7.22,0.0546,0.0754
8.72,7.22,0.055,0.0754
8.73,6.99,0.055,0.0719
8.74,7.05,0.0552,0.0729
8.75,7.13,0.0553,0.0742
8.76,7.17,0.0552,0.0744
8.77,7.15,0.055,0.0743
8.78,7.12,0.0546,0.0746
8.79,6.95,0.054,0.0749
8.8,6.81,0.0532,0.0749
8.81,6.64,0.0522,0.075
8.82,6.47,0.051,0.075
8.83,6.27,0.048,0.0751
8.84,6.09,0.0464,0.0752
8.85,5.76,0.0449,0.0755
8.86,5.76,0.0433,0.0755
8.87,5.62,0.0419,0.0756
8.88,5.5,0.04,0.0759
8.89,5.35,0.0394,0.0765
8.9,5.33,0.0394,0.0769
8.91,5.34,0.0387,0.0772
8.92,5.37,0.0388,0.0775
8.93,5.41,0.0392,0.0778
8.94,5.48,0.0395,0.078
8.95,5.58,0.0402,0.0777
8.96,5.79,0.0409,0.0768
8.97,5.93,0.0416,0.0774
8.98,6.09,0.0443,0.0776
8.99,6.28,0.0459,0.0772
9.0,6.49,0.0472,0.0772
9.01,6.98,0.0492,0.0778
9.02,7.26,0.0522,0.0775
9.03,7.26,0.0548,0.0775
9.04,7.83,0.0575,0.0785
9.05,8.1,0.063,0.0786
9.06,8.39,0.0659,0.0787
9.07,8.65,0.0689,0.0786
9.08,8.88,0.0716,0.079
9.09,9.09,0.0741,0.0793
9.1,9.32,0.078,0.0792
9.11,9.77,0.079,0.0794
9.12,9.91,0.079,0.0793
9.13,9.97,0.0792,0.0792
9.14,9.93,0.078,0.079
9.15,9.75,0.0768,0.0789
9.16,9.52,0.075,0.079
9.17,9.21,0.0726,0.079
9.18,8.45,0.07,0.0788
9.19,8.02,0.0673,0.0789
9.2,7.59,0.0645,0.0787
9.21,7.18,0.0587,0.0789
9.22,6.78,0.0558,0.0788
9.23,6.18,0.053,0.0791
9.24,5.95,0.0505,0.0793
9.25,5.95,0.0484,0.0793
9.26,5.76,0.0465,0.0797
9.27,5.47,0.0428,0.0802
9.28,5.34,0.0413,0.0804
9.29,5.23,0.04,0.0806
9.3,5.16,0.039,0.0809
9.31,5.11,0.0383,0.081
9.32,5.1,0.0379,0.081
9.33,5.1,0.0369,0.0813
9.34,5.03,0.0369,0.0802
9.35,4.98,0.0363,0.078
9.36,4.93,0.0356,0.0759
9.37,4.88,0.0342,0.0761
9.38,4.83,0.0339,0.0776
9.39,4.79,0.0338,0.0787
9.4,4.76,0.0341,0.0792
9.41,4.75,0.0345,0.0792
9.42,4.75,0.0345,0.0796
9.43,4.75,0.0347,0.0799
9.44,4.72,0.035,0.0804
9.45,4.72,0.0353,0.0808
9.46,4.85,0.0357,0.0818
9.47,4.85,0.0365,0.0818
9.48,5.02,0.0375,0.0821
9.49,5.27,0.0386,0.0826
9.5,5.85,0.0394,0.0809
9.51,6.08,0.041,0.0773
9.52,6.19,0.043,0.0731
9.53,6.16,0.0441,0.0682
9.54,6.08,0.044,0.0589
9.55,5.94,0.0439,0.0572
9.56,5.78,0.047,0.0619
9.57,5.62,0.047,0.0661
9.58,5.41,0.047,0.0716
9.59,5.33,0.047,0.0734
9.6,5.24,0.0367,0.0746
9.61,5.1,0.0371,0.0753
9.62,4.93,0.0379,0.0764
9.63,4.81,0.0389,0.0778
9.64,4.91,0.0405,0.0812
9.65,5.18,0.0425,0.0827
9.66,5.53,0.0445,0.0829
9.67,5.87,0.0483,0.0827
9.68,6.13,0.0491,0.0777
9.69,6.09,0.0497,0.0738
9.7,6.09,0.0492,0.0738
9.71,6.09,0.0483,0.0738
9.72,6.09,0.0512,0.0738
9.73,6.04,0.0512,0.0661
9.74,6.19,0.0529,0.0703
9.75,6.33,0.0537,0.0726
9.76,6.27,0.0541,0.0734
9.77,6.05,0.0541,0.0745
9.78,5.92,0.0541,0.0757
9.79,5.82,0.0544,0.0773
9.8,5.9,0.0548,0.0818
9.81,6.08,0.0547,0.0835
9.82,6.29,0.0544,0.0849
9.83,6.49,0.0539,0.086
9.84,6.62,0.0526,0.0836
9.85,6.87,0.0505,0.0772
9.86,6.87,0.049,0.0772
9.87,6.97,0.0493,0.0739
9.88,6.92,0.0493,0.0746
9.89,6.81,0.0491,0.0758
9.9,6.65,0.0488,0.0768
9.91,6.5,0.0487,0.078
9.92,6.38,0.0491,0.0798
9.93,6.31,0.0491,0.0809
9.94,6.22,0.0491,0.0835
9.95,6.22,0.0494,0.0844
9.96,6.22,0.0497,0.0849
9.97,6.2,0.05,0.0854
9.98,6.18,0.0513,0.0864
9.99,6.29,0.0525,0.0876
10.0,6.48,0.0536,0.0882
10.01,6.48,0.0546,0.0882
10.02,6.97,0.0554,0.0884
10.03,7.26,0.0588,0.088
10.04,7.48,0.0611,0.0844
10.05,7.8,0.0632,0.0785
10.06,7.8,0.0654,0.0785
10.07,7.9,0.064,0.0824
10.08,7.96,0.064,0.0843
10.09,7.98,0.0654,0.0852
10.1,8.02,0.0654,0.0864
10.11,8.03,0.0681,0.0865
10.12,8.01,0.0689,0.087
10.13,7.95,0.0694,0.088
10.14,7.87,0.0697,0.0884
10.15,7.77,0.0692,0.089
10.16,7.51,0.0681,0.0901
10.17,7.44,0.067,0.0904
10.18,7.41,0.065,0.0909
10.19,7.47,0.0641,0.0914
10.2,7.73,0.0638,0.0916
10.21,8.23,0.0642,0.0914
10.22,8.29,0.065,0.0913
10.23,8.29,0.0656,0.0913
10.24,8.28,0.0654,0.0906
10.25,8.32,0.0636,0.0912
10.26,8.42,0.0632,0.0914
10.27,8.57,0.0635,0.0916
10.28,8.75,0.0644,0.0921
10.29,8.98,0.0662,0.0917
10.3,9.2,0.0706,0.0911
10.31,9.52,0.0728,0.0917
10.32,9.59,0.0744,0.0916
10.33,9.62,0.0757,0.0919
10.34,9.66,0.0767,0.0922
10.35,9.78,0.0779,0.0923
10.36,9.99,0.0806,0.0924
10.37,10.26,0.0806,0.0926
10.38,10.94,0.0822,0.0927
10.39,11.13,0.0853,0.0925
10.4,11.17,0.0863,0.0917
10.41,11.12,0.0867,0.0905
10.42,11.05,0.0869,0.0899
10.43,10.95,0.0872,0.0908
10.44,10.92,0.0878,0.0912
10.45,10.91,0.0885,0.0911
10.46,10.93,0.089,0.0916
10.47,10.95,0.0887,0.092
10.48,10.97,0.0883,0.0926
10.49,10.91,0.0878,0.0934
10.5,10.91,0.0871,0.0934
10.51,10.86,0.0863,0.0937
10.52,10.69,0.0853,0.0937
10.53,10.59,0.0845,0.0937
10.54,10.47,0.0837,0.0936
10.55,10.32,0.0829,0.0934
10.56,10.13,0.0804,0.0932
10.57,9.94,0.079,0.0934
10.58,9.74,0.079,0.0937
10.59,9.58,0.079,0.0939
10.6,9.38,0.0596,0.0945
10.61,9.35,0.0605,0.0948
10.62,9.32,0.0616,0.095
10.63,9.27,0.0627,0.0951
10.64,9.25,0.0632,0.0952
10.65,9.21,0.0644,0.0954
10.66,9.17,0.0652,0.0955
10.67,9.12,0.0652,0.0956
10.68,9.09,0.0658,0.0957
10.69,9.05,0.0658,0.0957
10.7,9.04,0.0659,0.0958
10.71,9.04,0.066,0.0958
10.72,9.04,0.0653,0.0958
10.73,8.81,0.0654,0.091
10.74,8.8,0.0663,0.0921
10.75,8.78,0.0676,0.093
10.76,8.72,0.0697,0.0936
10.77,8.67,0.0707,0.0939
10.78,8.68,0.0715,0.0945
10.79,8.76,0.072,0.0949
10.8,8.76,0.0719,0.0949
10.81,9.1,0.0714,0.0959
10.82,9.1,0.0717,0.0959
10.83,9.69,0.0728,0.0967
10.84,9.96,0.0745,0.0967
10.85,10.13,0.0763,0.0968
10.86,10.27,0.0781,0.097
10.87,10.42,0.0797,0.0972
10.88,10.61,0.0826,0.0973
10.89,11.01,0.0844,0.0975
10.9,11.2,0.0865,0.0975
10.91,11.45,0.0895,0.0979
10.92,11.76,0.0929,0.098
10.93,12.11,0.0961,0.0982
10.94,12.76,0.1012,0.0979
10.95,12.98,0.1033,0.0975
10.96,13.17,0.1047,0.0976
10.97,13.3,0.1063,0.0979
10.98,13.41,0.1103,0.0979
10.99,13.51,0.1121,0.0975
11.0,13.59,0.1131,0.0971
11.01,13.64,0.113,0.0968
11.02,13.53,0.112,0.0965
11.03,13.33,0.1098,0.0966
11.04,13.08,0.107,0.0969
11.05,12.86,0.1044,0.0975
11.06,12.73,0.1022,0.0978
11.07,12.69,0.101,0.0984
11.08,12.67,0.1002,0.0985
11.09,12.56,0.1002,0.0986
11.1,12.33,0.0994,0.0984
11.11,11.87,0.0981,0.099
11.12,11.71,0.0962,0.0993
11.13,11.68,0.095,0.0995
11.14,11.76,0.0944,0.0996
11.15,11.92,0.0946,0.0999
11.16,12.06,0.0948,0.0998
11.17,12.12,0.0951,0.1
11.18,12.1,0.095,0.0997
11.19,12.02,0.0944,0.0989
11.2,11.88,0.0935,0.0982
11.21,11.5,0.0917,0.0989
11.22,11.32,0.0911,0.0989
11.23,11.18,0.0906,0.0989
11.24,11.06,0.0905,0.0995
11.25,11.0,0.0903,0.0999
11.26,10.97,0.09,0.1004
11.27,10.94,0.0896,0.1008
11.28,10.77,0.0896,0.1015
11.29,10.69,0.0881,0.1017
11.3,10.65,0.0872,0.102
11.31,10.67,0.0861,0.1022
11.32,10.74,0.0856,0.1024
11.33,10.81,0.0856,0.1025
11.34,10.81,0.0849,0.1023
11.35,10.67,0.0833,0.102
11.36,10.45,0.0825,0.1019
11.37,10.25,0.0816,0.1021
11.38,10.06,0.0808,0.1021
11.39,9.89,0.0804,0.1021
11.4,9.88,0.0804,0.1021
11.41,9.88,0.0802,0.1021
11.42,9.91,0.08,0.1027
11.43,9.95,0.0798,0.1026
11.44,10.1,0.0797,0.1012
11.45,10.16,0.0801,0.1018
11.46,10.16,0.0809,0.1018
11.47,10.21,0.0818,0.1023
11.48,10.22,0.0837,0.1022
11.49,10.2,0.0839,0.1025
11.5,10.17,0.0842,0.1029
11.51,10.16,0.0847,0.1031
11.52,10.18,0.0853,0.1035
11.53,10.23,0.0858,0.1036
11.54,10.36,0.0866,0.1037
11.55,10.43,0.0864,0.1039
11.56,10.49,0.0858,0.104
11.57,10.57,0.0851,0.1038
11.58,10.59,0.0851,0.1026
11.59,10.57,0.0851,0.1023
11.6,10.49,0.0648,0.1032
11.61,10.34,0.0663,0.1031
11.62,10.26,0.0675,0.1033
11.63,10.15,0.0684,0.1034
11.64,10.03,0.0695,0.1035
11.65,9.91,0.0715,0.1035
11.66,9.84,0.0725,0.1039
11.67,9.89,0.0738,0.1045
11.68,9.98,0.0758,0.1048
11.69,10.06,0.0782,0.105
11.7,10.15,0.0802,0.1049
11.71,10.15,0.0817,0.1049
11.72,10.15,0.0842,0.1049
11.73,10.4,0.0856,0.0937
11.74,10.53,0.0864,0.0967
11.75,10.68,0.0868,0.0987
11.76,10.81,0.0871,0.1001
11.77,10.92,0.0876,0.1013
11.78,11.04,0.0877,0.1024
11.79,11.05,0.0878,0.1028
11.8,11.06,0.0883,0.1034
11.81,11.08,0.0889,0.1038
11.82,11.13,0.0907,0.1041
11.83,11.21,0.0921,0.1045
11.84,11.34,0.0921,0.1051
11.85,11.7,0.0941,0.1052
11.86,11.8,0.098,0.1052
11.87,11.94,0.0994,0.1053
11.88,12.11,0.1004,0.1041
11.89,12.3,0.1013,0.1009
11.9,12.6,0.1019,0.1032
11.91,12.69,0.1025,0.1037
11.92,12.74,0.1035,0.1035
11.93,12.71,0.1035,0.1039
11.94,12.64,0.1032,0.104
11.95,12.39,0.1026,0.1048
11.96,12.21,0.1019,0.1051
11.97,12.21,0.1009,0.1051
11.98,12.0,0.0998,0.1053
11.99,11.61,0.0984,0.1061
12.0,11.48,0.096,0.1066
12.01,11.39,0.095,0.1071
12.02,11.35,0.0943,0.1074
12.03,11.35,0.094,0.1077
12.04,11.35,0.0934,0.108
12.05,11.3,0.0935,0.1084
12.06,11.26,0.0936,0.1084
12.07,11.2,0.0938,0.1084
12.08,11.15,0.0937,0.1085
12.09,11.12,0.0932,0.1087
12.1,11.08,0.0917,0.1088
12.11,11.05,0.0907,0.1089
12.12,11.0,0.0907,0.1091
12.13,10.98,0.0899,0.1094
12.14,11.0,0.0897,0.1095
12.15,10.98,0.0907,0.1093
12.16,10.92,0.0922,0.1093
12.17,10.79,0.0936,0.109
12.18,10.31,0.0945,0.1087
12.19,10.01,0.0953,0.1085
12.2,9.66,0.0966,0.108
12.21,9.17,0.1015,0.1074
12.22,8.61,0.1042,0.1066
12.23,7.25,0.1032,0.1045
12.24,6.43,0.0998,0.103
12.25,6.43,0.0958,0.103
12.26,5.5,0.0909,0.1017
12.27,3.87,0.0846,0.0997
12.28,3.25,0.0783,0.0995
12.29,2.76,0.0679,0.0997
12.3,2.44,0.0631,0.1002
12.31,2.22,0.0583,0.1017
12.32,2.08,0.0475,0.1035
12.33,1.97,0.0416,0.1066
12.34,1.65,0.0416,0.1106
12.35,1.5,0.0353,0.1147
12.36,1.4,0.0276,0.1311
12.37,1.35,0.0203,0.1701
12.38,1.33,0.0198,0.2193
12.39,1.31,0.0193,0.2627
12.4,1.27,0.0199,0.2982
12.41,1.22,0.0204,0.3499
12.42,1.12,0.0203,0.4266
12.43,1.09,0.0187,0.4397
12.44,1.06,0.0168,0.453
12.45,1.04,0.0165,0.4582
12.46,1.04,0.0163,0.4574
12.47,1.04,0.0161,0.4574
12.48,1.04,0.016,0.4429
12.49,1.03,0.0164,0.4346
12.5,1.01,0.0165,0.4388
12.51,1.0,0.0165,0.4344
12.52,1.0,0.0169,0.4266
12.53,1.0,0.017,0.418
12.54,1.0,0.0173,0.4107
12.55,1.0,0.018,0.4049
12.56,0.99,0.0184,0.3945
12.57,0.96,0.0187,0.3941
12.58,0.94,0.0187,0.3936
12.59,0.94,0.0187,0.3953
12.6,0.93,0.0219,0.3961
12.61,0.93,0.0219,0.4002
12.62,0.94,0.0229,0.4075
12.63,0.96,0.0232,0.4166
12.64,0.96,0.0241,0.4166
12.65,0.97,0.0251,0.3976
12.66,0.97,0.0256,0.3846
12.67,0.98,0.0262,0.3739
12.68,0.98,0.0271,0.3642
12.69,0.98,0.0276,0.3471
12.7,0.99,0.0283,0.3346
12.71,0.99,0.0292,0.3346
12.72,0.99,0.0298,0.3346
12.73,1.0,0.0303,0.2886
12.74,1.0,0.0309,0.2886
12.75,1.03,0.0316,0.3202
12.76,1.04,0.0327,0.3031
12.77,1.04,0.0341,0.2858
12.78,1.05,0.0341,0.2706
12.79,1.05,0.0341,0.2611
12.8,1.04,0.0347,0.2525
12.81,1.04,0.0352,0.2612
12.82,1.05,0.0357,0.2507
12.83,1.06,0.0359,0.2581
12.84,1.05,0.0361,0.2593
12.85,1.05,0.0361,0.2478
12.86,1.06,0.0359,0.2478
12.87,1.06,0.0351,0.2548
12.88,1.06,0.0343,0.2408
12.89,1.05,0.0343,0.2451
12.9,1.05,0.0331,0.2735
12.91,1.05,0.0326,0.2735
12.92,1.05,0.0324,0.2743
12.93,1.04,0.0322,0.2651
12.94,1.03,0.0317,0.277
12.95,1.03,0.0314,0.2772
12.96,1.03,0.0314,0.2707
12.97,1.01,0.0314,0.2769
12.98,1.0,0.0313,0.2875
12.99,1.01,0.0316,0.3007
13.0,1.03,0.0316,0.3603
13.01,1.03,0.0321,0.3615
13.02,1.03,0.0325,0.3615
13.03,1.04,0.0326,0.3415
13.04,1.04,0.0321,0.341
13.05,1.04,0.0317,0.3306
13.06,1.04,0.0317,0.3258
13.07,1.04,0.0314,0.3147
13.08,1.03,0.0305,0.3136
13.09,1.03,0.0296,0.3083
13.1,1.02,0.0286,0.3178
13.11,1.03,0.0279,0.324
13.12,1.02,0.0278,0.3401
13.13,1.02,0.0276,0.3387
13.14,1.02,0.0274,0.3477
13.15,1.01,0.0273,0.3547
13.16,1.0,0.0273,0.3628
13.17,0.99,0.0274,0.3735
13.18,0.99,0.0276,0.3755
13.19,0.99,0.0278,0.3755
13.2,0.99,0.0278,0.3779
13.21,0.99,0.0278,0.4009
13.22,1.0,0.0282,0.4077
13.23,1.02,0.0286,0.384
13.24,1.04,0.0293,0.3649
13.25,1.04,0.0293,0.3382
13.26,1.05,0.0291,0.3415
13.27,1.05,0.0287,0.3208
13.28,1.05,0.0285,0.3108
13.29,1.04,0.0283,0.306
13.3,1.04,0.028,0.3103
13.31,1.03,0.0279,0.3076
13.32,1.03,0.0277,0.3242
13.33,1.03,0.0275,0.3292
13.34,1.03,0.0273,0.3393
13.35,1.03,0.0273,0.3596
13.36,1.04,0.0277,0.3639
13.37,1.06,0.0281,0.3533
13.38,1.06,0.0283,0.3533
13.39,1.08,0.0285,0.3497
13.4,1.1,0.0285,0.3405
13.41,1.1,0.0286,0.3472
13.42,1.1,0.0286,0.352
13.43,1.1,0.0284,0.3539
13.44,1.1,0.0284,0.3635
13.45,1.1,0.0291,0.3553
13.46,1.1,0.0295,0.3653
13.47,1.1,0.0298,0.3582
13.48,1.1,0.0302,0.3514
13.49,1.1,0.0305,0.3578
13.5,1.1,0.0305,0.3567
13.51,1.11,0.0302,0.3742
13.52,1.14,0.0302,0.3923
13.53,1.14,0.0301,0.3923
13.54,1.16,0.0301,0.3861
13.55,1.17,0.0298,0.3846
13.56,1.18,0.0294,0.3776
13.57,1.18,0.0289,0.364
13.58,1.17,0.0289,0.3687
13.59,1.17,0.0289,0.3735
13.6,1.17,0.0254,0.3917
13.61,1.16,0.0253,0.3988
13.62,1.15,0.0253,0.4077
13.63,1.14,0.0254,0.4107
13.64,1.14,0.0252,0.4101
13.65,1.14,0.025,0.4101
13.66,1.14,0.0249,0.4343
13.67,1.14,0.0252,0.446
13.68,1.15,0.0256,0.4431
13.69,1.15,0.0263,0.4424
13.7,1.16,0.0265,0.4337
13.71,1.16,0.0265,0.4337
13.72,1.16,0.026,0.4337
13.73,1.19,0.0259,0.4318
13.74,1.2,0.0252,0.4273
13.75,1.2,0.0246,0.4273
13.76,1.17,0.0239,0.4192
13.77,1.17,0.0239,0.4104
13.78,1.16,0.0235,0.4052
13.79,1.15,0.0234,0.3945
13.8,1.14,0.0229,0.4086
13.81,1.12,0.0225,0.4134
13.82,1.09,0.022,0.4534
13.83,1.08,0.0215,0.4738
13.84,1.07,0.021,0.4958
13.85,1.07,0.0202,0.5105
13.86,1.07,0.0196,0.5062
13.87,1.06,0.0193,0.5097
13.88,1.05,0.0191,0.5054
13.89,1.05,0.0192,0.4788
13.9,1.04,0.0191,0.4843
13.91,1.02,0.019,0.4949
13.92,1.01,0.019,0.513
13.93,1.0,0.0193,0.5251
13.94,1.0,0.0193,0.5365
13.95,1.0,0.0195,0.5307
13.96,0.99,0.0199,0.5278
13.97,1.0,0.0199,0.5333
13.98,1.0,0.0205,0.5142
13.99,1.01,0.0206,0.4904
14.0,1.01,0.0207,0.4645
14.01,1.01,0.0205,0.4568
14.02,1.01,0.0201,0.4581
14.03,1.01,0.0196,0.4532
14.04,1.01,0.0192,0.4472
14.05,1.02,0.0187,0.4456
14.06,1.01,0.0187,0.4557
14.07,1.01,0.0185,0.4612
14.08,1.0,0.0185,0.4756
14.09,1.0,0.0184,0.4816
14.1,1.0,0.019,0.4816
14.11,1.0,0.0191,0.4633
14.12,0.99,0.0191,0.4613
14.13,0.99,0.0191,0.453
14.14,0.99,0.0191,0.4449
14.15,0.99,0.0192,0.4461
14.16,0.99,0.0193,0.4358
14.17,0.99,0.0196,0.4337
14.18,0.99,0.0199,0.4268
14.19,0.99,0.0199,0.4303
14.2,0.98,0.0198,0.4344
14.21,0.98,0.0195,0.4316
14.22,0.99,0.0191,0.4278
14.23,0.99,0.019,0.4299
14.24,0.99,0.019,0.4266
14.25,0.99,0.0189,0.4266
14.26,0.98,0.0187,0.4343
14.27,0.98,0.0185,0.4428
14.28,0.98,0.0184,0.4545
14.29,0.99,0.0187,0.4495
14.3,0.99,0.0187,0.4487
14.31,0.98,0.0188,0.4458
14.32,0.97,0.019,0.4503
14.33,0.97,0.0188,0.4464
14.34,0.98,0.0185,0.4318
14.35,0.98,0.0185,0.4263
14.36,0.98,0.0183,0.4193
14.37,0.97,0.0179,0.4232
14.38,0.96,0.0177,0.4315
14.39,0.96,0.0173,0.4424
14.4,0.96,0.0172,0.4383
14.41,0.96,0.0172,0.4304
14.42,0.96,0.0172,0.4503
14.43,0.96,0.0174,0.4503
14.44,0.96,0.0179,0.4601
14.45,0.95,0.018,0.4998
14.46,0.96,0.018,0.5087
14.47,0.97,0.0182,0.4944
14.48,0.99,0.0189,0.5074
14.49,1.0,0.0193,0.494
14.5,1.03,0.0198,0.4794
14.51,1.04,0.0205,0.4837
14.52,1.03,0.0207,0.4663
14.53,1.03,0.0209,0.4402
14.54,1.03,0.0212,0.4453
14.55,1.03,0.0211,0.4548
14.56,1.03,0.0207,0.4614
14.57,1.03,0.0206,0.4811
14.58,1.03,0.0206,0.4802
14.59,1.03,0.0206,0.4802
14.6,1.04,0.0208,0.4778
14.61,1.05,0.0209,0.46
14.62,1.06,0.0211,0.4629
14.63,1.06,0.0212,0.4711
14.64,1.06,0.0212,0.4861
14.65,1.06,0.0212,0.4946
14.66,1.07,0.0209,0.4941
14.67,1.08,0.0212,0.5074
14.68,1.09,0.0216,0.5086
14.69,1.11,0.0221,0.5057
14.7,1.11,0.022,0.5118
14.71,1.11,0.0215,0.5118
14.72,1.11,0.0205,0.5118
14.73,1.11,0.0199,0.5243
14.74,1.11,0.0204,0.5229
14.75,1.12,0.0224,0.5242
14.76,1.12,0.0237,0.5442
14.77,1.13,0.0258,0.5453
14.78,1.14,0.0269,0.5442
14.79,1.18,0.0269,0.5397
14.8,1.24,0.0271,0.5583
14.81,1.29,0.0267,0.5739
14.82,1.34,0.0252,0.6174
14.83,1.35,0.0249,0.6037
14.84,1.31,0.025,0.5259
14.85,1.26,0.0261,0.4258
14.86,1.21,0.0269,0.3484
14.87,1.17,0.0266,0.3432
14.88,1.12,0.0249,0.3248
14.89,1.09,0.0207,0.3889
14.9,1.05,0.0188,0.4966
14.91,1.01,0.018,0.5828
14.92,1.01,0.018,0.5828
14.93,1.0,0.018,0.5874
14.94,1.0,0.0181,0.5746
14.95,0.98,0.0183,0.5428
14.96,0.97,0.0186,0.5358
14.97,0.97,0.0187,0.5309
14.98,0.97,0.0183,0.5401
14.99,0.98,0.0177,0.5432
15.0,0.98,0.018,0.5465
15.01,0.99,0.018,0.5416
15.02,1.0,0.018,0.5421
15.03,1.0,0.0181,0.5613
15.04,1.0,0.0181,0.5585
15.05,1.01,0.018,0.5592
15.06,1.01,0.0178,0.56
15.07,1.01,0.0177,0.5665
15.08,1.01,0.0175,0.5712
15.09,1.01,0.0174,0.5893
15.1,1.01,0.0175,0.5958
15.11,1.02,0.0176,0.5841
15.12,1.02,0.017,0.5757
15.13,1.01,0.017,0.5791
15.14,1.01,0.0164,0.579
15.15,1.01,0.0161,0.5917
15.16,1.0,0.016,0.5987
15.17,1.0,0.0162,0.6066
15.18,1.01,0.0156,0.6225
15.19,1.04,0.0148,0.6348
15.2,1.05,0.0147,0.6457
15.21,1.07,0.0145,0.6413
15.22,1.09,0.0145,0.6584
15.23,1.12,0.0143,0.6602
15.24,1.14,0.0149,0.6716
15.25,1.23,0.0149,0.6833
15.26,1.23,0.0151,0.6833
15.27,1.26,0.0149,0.6743
15.28,1.31,0.0147,0.6688
15.29,1.36,0.0144,0.6682
15.3,1.44,0.0144,0.7202
15.31,1.46,0.0147,0.7208
15.32,1.5,0.0154,0.7095
15.33,1.52,0.016,0.7157
15.34,1.54,0.0158,0.7162
15.35,1.57,0.016,0.7114
15.36,1.62,0.0162,0.6888
15.37,1.64,0.0164,0.7175
15.38,1.64,0.0162,0.7175
15.39,1.72,0.0162,0.7679
15.4,1.77,0.0149,0.7734
15.41,1.86,0.0144,0.7683
15.42,2.02,0.0145,0.7269
15.43,2.02,0.0155,0.7269
15.44,2.09,0.0169,0.6963
15.45,2.16,0.018,0.6935
15.46,2.24,0.0199,0.7129
15.47,2.25,0.0199,0.6885
15.48,2.26,0.0211,0.6528
15.49,2.22,0.0269,0.6496
15.5,2.18,0.0314,0.6729
15.51,2.11,0.0382,0.7258
15.52,2.05,0.0452,0.7924
15.53,2.09,0.0529,0.8792
15.54,2.21,0.0602,0.8413
15.55,2.38,0.0669,0.7566
15.56,2.56,0.0778,0.6649
15.57,2.7,0.0828,0.6535
15.58,2.84,0.0828,0.6689
15.59,3.51,0.0828,0.6575
15.6,3.51,0.0868,0.6575
15.61,4.17,0.0934,0.6154
15.62,5.82,0.0999,0.3399
15.63,6.75,0.1054,0.1428
15.64,7.54,0.1101,-0.0098
15.65,8.05,0.1129,-0.0393
15.66,8.41,0.1145,-0.0482
15.67,8.64,0.1167,-0.0453
15.68,8.77,0.1098,-0.0375
15.69,8.76,0.103,-0.025
15.7,8.68,0.0923,-0.0268
15.71,8.68,0.0813,-0.0268
15.72,8.68,0.0742,-0.0268
15.73,8.22,0.0698,-0.0513
15.74,8.18,0.0654,-0.0555
15.75,8.22,0.0644,-0.0588
15.76,8.3,0.0562,-0.059
15.77,8.48,0.054,-0.0556
15.78,8.65,0.0516,-0.0555
15.79,8.82,0.0408,-0.0567
15.8,8.96,0.0409,-0.0555
15.81,9.05,0.0409,-0.047
15.82,8.94,0.0428,-0.0413
15.83,8.83,0.0444,-0.0342
15.84,8.7,0.0469,-0.0257
15.85,8.55,0.0494,-0.0191
15.86,8.36,0.0533,-0.0158
15.87,7.96,0.0585,-0.0146
15.88,7.69,0.0652,-0.0126
15.89,7.19,0.0782,-0.0012
15.9,6.87,0.0801,0.0052
15.91,6.66,0.0778,0.0081
15.92,6.3,0.0717,0.0181
15.93,6.2,0.0649,0.0241
15.94,6.2,0.0578,0.0241
15.95,6.25,0.0507,0.0309
15.96,6.37,0.0454,0.0283
15.97,6.52,0.0422,0.0211
15.98,6.71,0.0384,0.0064
15.99,6.96,0.0365,-0.0041
16.0,7.28,0.0341,-0.0212
16.01,7.6,0.0329,-0.0318
16.02,8.36,0.0314,-0.0429
16.03,8.56,0.0317,-0.0452
16.04,8.69,0.035,-0.0457
16.05,8.75,0.0384,-0.0454
16.06,8.84,0.0431,-0.0437
16.07,8.89,0.048,-0.0417
16.08,8.86,0.0554,-0.039
16.09,8.51,0.0611,-0.0287
16.1,8.15,0.0647,-0.0233
16.11,7.73,0.0618,-0.0183
16.12,7.31,0.0621,-0.0133
16.13,6.9,0.064,-0.008
16.14,6.47,0.065,-0.0023
16.15,6.05,0.0698,0.0036
16.16,5.68,0.0734,0.009
16.17,5.03,0.0767,0.019
16.18,4.71,0.0861,0.0227
16.19,4.41,0.0861,0.0266
16.2,4.08,0.1014,0.0318
16.21,3.76,0.1101,0.043
16.22,3.44,0.1166,0.0567
16.23,3.12,0.1217,0.086
16.24,2.65,0.1371,0.2302
16.25,2.6,0.1476,0.325
16.26,2.71,0.154,0.4135
16.27,2.9,0.1593,0.4889
16.28,3.18,0.1633,0.4919
16.29,3.51,0.1698,0.3398
16.3,3.89,0.1681,0.1417
16.31,4.48,0.1642,-0.0252
16.32,4.48,0.1568,-0.0252
16.33,4.68,0.1479,-0.038
16.34,4.72,0.1403,-0.0376
16.35,4.76,0.1332,-0.0403
16.36,4.7,0.1256,-0.0438
16.37,4.5,0.1179,-0.0393
16.38,4.65,0.1095,-0.0344
16.39,4.92,0.1081,-0.0345
16.4,5.22,0.1152,-0.036
16.41,5.48,0.123,-0.0384
16.42,5.86,0.1299,-0.0422
16.43,6.05,0.1365,-0.0431
16.44,6.15,0.1402,-0.0439
16.45,6.15,0.1415,-0.0441
16.46,6.06,0.1405,-0.0416
16.47,5.93,0.1353,-0.038
16.48,5.82,0.1311,-0.0344
16.49,5.68,0.116,-0.0319
16.5,5.57,0.116,-0.0294
16.51,5.53,0.096,-0.0262
16.52,5.77,0.0872,-0.018
16.53,6.06,0.0803,-0.0166
16.54,6.44,0.0725,-0.0196
16.55,6.78,0.0645,-0.0212
16.56,7.18,0.0549,-0.014
16.57,7.67,0.0391,-0.0036
16.58,8.15,0.0391,-0.0013
16.59,8.53,0.0391,0.0046
16.6,8.88,0.0284,0.0052
16.61,8.96,0.0297,0.0024
16.62,9.09,0.0303,0.0029
16.63,9.09,0.0313,0.0029
16.64,9.15,0.0317,0.0109
16.65,9.27,0.0328,0.0286
16.66,9.36,0.0332,0.0427
16.67,9.49,0.0328,0.0495
16.68,9.58,0.032,0.0411
16.69,9.66,0.0312,0.0339
16.7,9.69,0.0328,0.0317
16.71,9.69,0.0406,0.0317
16.72,9.69,0.0456,0.0317
16.73,9.16,0.0495,0.0918
16.74,8.92,0.0465,0.0962
16.75,8.66,0.0475,0.1086
16.76,8.39,0.0493,0.1147
16.77,7.85,0.0494,0.1207
16.78,7.66,0.0494,0.1229
16.79,7.48,0.0512,0.1248
16.8,7.33,0.0553,0.1252
16.81,7.17,0.0608,0.1218
16.82,7.09,0.0659,0.1152
16.83,7.09,0.0761,0.103
16.84,7.01,0.0905,0.0621
16.85,6.94,0.0935,0.0096
16.86,6.71,0.0935,-0.0244
16.87,6.47,0.1004,-0.0219
16.88,6.15,0.107,-0.0145
16.89,5.67,0.108,-0.0067
16.9,5.22,0.1057,0.0012
16.91,4.63,0.1057,0.0181
16.92,4.45,0.1066,0.0273
16.93,4.33,0.1123,0.0372
16.94,4.15,0.1156,0.0437
16.95,3.93,0.1165,0.0558
16.96,3.79,0.1125,0.0722
16.97,3.55,0.1051,0.0838
16.98,3.65,0.1024,0.0697
16.99,3.65,0.1023,0.0697
17.0,3.49,0.1025,0.0581
17.01,3.36,0.0943,0.0557
17.02,3.16,0.0928,0.0519
17.03,2.95,0.0907,0.0376
17.04,2.95,0.0892,0.0376
17.05,2.86,0.0876,0.0499
17.06,2.88,0.0891,0.0703
17.07,2.93,0.0924,0.093
17.08,3.11,0.0924,0.1168
17.09,2.95,0.0966,0.1253
17.1,2.86,0.0978,0.1197
17.11,2.8,0.0992,0.1218
17.12,2.78,0.0971,0.1819
17.13,2.92,0.0971,0.2704
17.14,3.12,0.0967,0.1695
17.15,3.17,0.0954,0.2089
17.16,3.23,0.0942,0.1376
17.17,3.18,0.0946,0.0846
17.18,3.17,0.0908,0.0879
17.19,3.01,0.0826,0.0573
17.2,2.89,0.0787,0.066
17.21,2.89,0.0747,0.066
17.22,2.89,0.0723,0.0823
17.23,2.8,0.0663,0.0957
17.24,2.71,0.0626,0.0844
17.25,2.46,0.0644,0.1054
17.26,2.46,0.0699,0.1054
17.27,2.34,0.074,0.1996
17.28,2.26,0.0877,0.1776
17.29,2.1,0.0949,0.1873
17.3,1.94,0.1058,0.2361
17.31,1.85,0.1192,0.3019
17.32,1.87,0.1268,0.3857
17.33,2.1,0.1395,0.4766
17.34,2.5,0.1472,0.5891
17.35,3.12,0.1472,0.6606
17.36,4.69,0.1554,0.2486
17.37,5.05,0.1689,0.0721
17.38,5.18,0.1694,0.0209
17.39,5.34,0.1648,0.0018
17.4,5.46,0.1632,-0.0095
17.41,5.44,0.1613,-0.0282
17.42,5.42,0.1602,-0.0295
17.43,5.45,0.1595,-0.0249
17.44,5.62,0.1609,-0.0256
17.45,5.93,0.1614,-0.0355
17.46,6.52,0.1608,-0.0416
17.47,6.55,0.163,-0.0449
17.48,6.55,0.1661,-0.0449
17.49,6.57,0.1715,-0.0432
17.5,6.42,0.1755,-0.04
17.51,6.19,0.1765,-0.0404
17.52,5.89,0.1769,-0.0404
17.53,5.52,0.1738,-0.0393
17.54,5.12,0.178,-0.038
17.55,4.79,0.1819,-0.0371
17.56,4.46,0.1683,-0.0354
17.57,4.18,0.1581,-0.0328
17.58,3.81,0.1581,-0.0234
17.59,3.69,0.1581,-0.0187
17.6,3.62,0.1143,-0.0113
17.61,3.64,0.106,-0.0031
17.62,3.84,0.0936,0.005
17.63,4.19,0.092,0.0098
17.64,5.06,0.092,0.0134
17.65,5.67,0.0895,0.0026
17.66,6.11,0.0897,-0.0084
17.67,6.49,0.0961,-0.0167
17.68,6.81,0.099,-0.0203
17.69,7.27,0.1016,-0.022
17.7,7.32,0.1033,-0.0219
17.71,7.32,0.1047,-0.0219
17.72,7.32,0.1169,-0.0219
17.73,6.86,0.1264,-0.0023
17.74,6.66,0.131,-0.0093
17.75,6.34,0.1293,-0.0163
17.76,6.16,0.1274,-0.0194
17.77,6.16,0.1246,-0.0194
17.78,6.06,0.1187,-0.0188
17.79,5.86,0.0998,-0.0172
17.8,5.89,0.0889,0.0442
17.81,6.01,0.0804,0.0786
17.82,6.1,0.0734,0.082
17.83,6.12,0.069,0.0748
17.84,6.22,0.0645,0.0646
17.85,6.51,0.0556,0.0212
17.86,6.74,0.0512,0.0135
17.87,7.01,0.0473,0.0115
17.88,7.24,0.0445,0.0078
17.89,7.43,0.0436,0.0047
17.9,7.57,0.0472,0.0035
17.91,7.7,0.0494,0.0026
17.92,7.87,0.0494,0.0015
17.93,7.92,0.0503,0.0009
17.94,7.93,0.0607,-0.0013
17.95,7.93,0.0649,-0.0026
17.96,7.93,0.0695,-0.0046
17.97,7.93,0.0724,-0.005
17.98,7.81,0.0733,-0.0036
17.99,7.82,0.0731,-0.0026
18.0,7.87,0.0653,-0.0016
18.01,7.96,0.0619,-0.0006
18.02,8.09,0.06,0.0003
18.03,8.5,0.0585,-0.0008
18.04,8.69,0.0573,-0.0026
18.05,8.69,0.0579,-0.0026
18.06,8.93,0.0598,-0.0048
18.07,9.23,0.0633,-0.0081
18.08,9.3,0.0663,-0.0088
18.09,9.4,0.0671,-0.0093
18.1,9.5,0.0688,-0.0096
18.11,9.58,0.0698,-0.0091
18.12,9.57,0.0682,-0.0091
18.13,9.41,0.0702,-0.0103
18.14,9.34,0.0767,-0.011
18.15,9.31,0.0814,-0.0115
18.16,9.31,0.084,-0.0126
18.17,9.29,0.0849,-0.0126
18.18,9.24,0.0795,-0.0125
18.19,9.09,0.0781,-0.0128
18.2,8.94,0.0781,-0.0127
18.21,8.7,0.0681,-0.0144
18.22,8.65,0.0638,-0.0144
18.23,8.55,0.0603,-0.0143
18.24,8.43,0.0572,-0.0146
18.25,8.29,0.0555,-0.0148
18.26,8.01,0.0572,-0.0148
18.27,8.01,0.0626,-0.0151
18.28,8.03,0.0626,-0.0159
18.29,8.08,0.0741,-0.0177
18.3,8.1,0.0796,-0.0185
18.31,8.13,0.0827,-0.0179
18.32,8.06,0.083,-0.0172
18.33,8.06,0.0814,-0.0172
18.34,7.95,0.0766,-0.016
18.35,7.85,0.071,-0.0152
18.36,7.78,0.0578,-0.0146
18.37,7.75,0.0494,-0.0137
18.38,7.77,0.0463,-0.0132
18.39,7.85,0.0493,-0.0126
18.4,7.96,0.0539,-0.0142
18.41,7.96,,-0.0142
18.42,8.04,,-0.0178
18.43,8.12,,-0.0192
18.44,8.2,,-0.02
18.45,8.27,,-0.0202
18.46,8.31,,-0.0202
