File Name,File Key,Layer,Start Depth,End Depth,Depth,Measured Vs,Measured Vs,Thickness,Qc (Geometric Mean),Fs (Geometric Mean),u (Geometric Mean),andrus_2007_holocene Vs (Geometric Mean),andrus_2007_pleistocene Vs (Geometric Mean),andrus_2007_tertiary_age_cooper_marl Vs (Geometric Mean),robertson_2009 Vs (Geometric Mean),hegazy_2006 Vs (Geometric Mean),mcgann_2015 Vs (Geometric Mean),mcgann_2018 Vs (Geometric Mean),Ic_calculated (Geometric Mean),Depth_vs,Subset_Region,Subset_Geology,A07H,A07P,A07T,R09,H06,MC15,MC18
SCPT_124801_Raw01_result_layers_stats.csv,124801,1,0.03,1.02,0.525,124.7,1,0.99,4.289631766,0.007358259,0.000809438,93.38058307,113.6807098,290.7972322,86.90845475,61.69023919,56.66361834,114.2814169,1.660587724,1,6,4,0.289227419,0.092517125,-0.846715375,0.361055532,0.703785132,0.7887785,0.087246877
SCPT_124801_Raw01_result_layers_stats.csv,124801,2,1.03,2.85,1.94,152.6,2,1.82,2.734907901,0.004326417,0.0004,104.6167244,127.3594906,284.1906636,111.4378671,77.57227538,77.22071431,155.5697064,1.86100526,2,6,4,0.377516691,0.180806396,-0.621825245,0.314352929,0.676610032,0.681152378,-0.019273785
SCPT_124801_Raw01_result_layers_stats.csv,124801,3,2.86,4.67,3.765,230.5,4,1.81,4.340984045,0.014881827,0.005305935,136.8529363,166.6035746,363.1248101,151.0977918,119.6273756,110.8733006,218.4251769,1.780822118,4,6,4,0.521343971,0.324633677,-0.454495742,0.422323607,0.655869154,0.731862749,0.053807346
SCPT_124801_Raw01_result_layers_stats.csv,124801,4,4.68,5.67,5.175,195.6,5,0.99,1.867306419,0.074435528,0.094266414,149.679742,182.2188164,273.3037064,182.8820404,262.9449327,122.887966,290.6337804,2.700612829,5,6,4,0.267573799,0.070863505,-0.334511897,0.067230401,-0.295872871,0.464798663,-0.39599223
SCPT_124801_Raw01_result_layers_stats.csv,124801,5,5.68,6.67,6.175,235.1,6,0.99,3.079164152,0.013742289,0.0017983,146.9819756,178.934579,334.7373236,150.8688182,123.2717171,120.580187,244.9247636,2.007251801,6,6,4,0.469700991,0.272990697,-0.35333516,0.44360025,0.645619954,0.667695972,-0.04094012
SCPT_124801_Raw01_result_layers_stats.csv,124801,6,6.68,7.89,7.285,191.2,7.5,1.21,2.921057017,0.018614134,0.011168517,157.9719095,192.313629,333.0226963,160.4280312,147.6414346,128.489189,265.5524664,2.176143091,7.5,6,4,0.190902771,-0.005807523,-0.554890644,0.175474562,0.258533406,0.397475232,-0.328492434
SCPT_124801_Raw01_result_layers_stats.csv,124801,7,7.9,9.73,8.815,225.3,9,1.83,3.226396569,0.089941611,0.619173399,190.5485505,231.9721484,359.9287137,201.4931571,264.3943119,156.6043496,342.2002137,2.474410447,9,6,4,0.167525827,-0.029184467,-0.468473147,0.111677426,-0.160008747,0.363710289,-0.417963139
SCPT_124801_Raw01_result_layers_stats.csv,124801,8,9.74,10.73,10.235,246.8,10,0.99,2.660974869,0.088978794,0.61380868,190.4828115,231.8921184,339.9371282,195.766348,264.8014692,158.6977776,354.5037218,2.646491567,10,6,4,0.25901633,0.062306035,-0.320182391,0.231656446,-0.07040208,0.441576668,-0.362140553
SCPT_124801_Raw01_result_layers_stats.csv,124801,9,10.74,11.73,11.235,277.7,11,0.99,6.300870121,0.167005472,0.162969323,234.6849709,285.7034428,467.2339701,241.0337113,330.0236593,194.2842472,396.4505376,2.330767331,11,6,4,0.168297329,-0.028412965,-0.520288745,0.14160459,-0.172622952,0.357219116,-0.356009891
SCPT_124801_Raw01_result_layers_stats.csv,124801,10,11.74,12.92,12.33,258.7,12.5,1.18,10.01793198,0.044515978,,217.6878422,265.0112862,562.3102445,213.0673759,182.2633638,190.9842419,342.9600784,1.727080128,12.5,6,4,0.172606969,-0.024103325,-0.776384645,0.194060655,0.350216394,0.303478168,-0.281944962
SCPT_124801_Raw01_result_layers_stats.csv,124801,11,12.93,14.68,13.805,277.4,14,1.75,9.224061151,0.030418959,0.01015874,213.0183868,259.3267318,550.9777168,201.8767549,160.0061305,188.6756507,335.6322279,1.722546287,14,6,4,0.264082023,0.067371728,-0.686233859,0.317803121,0.550248378,0.385431101,-0.190555493
SCPT_124801_Raw01_result_layers_stats.csv,124801,12,14.69,15.68,15.185,235.8,15,0.99,4.975252208,0.068450958,0.037250444,221.5179491,269.674025,439.9852821,202.1788224,220.3844238,189.6300634,380.3589239,2.333182821,15,6,4,0.062480368,-0.134229927,-0.623757288,0.153831423,0.067610586,0.217908849,-0.478131355
SCPT_124801_Raw01_result_layers_stats.csv,124801,13,15.69,16.87,16.28,257.5,16.5,1.18,3.068593754,0.036349306,0.976673098,200.4239326,243.9943527,378.0658291,172.5763937,170.90622,171.1083921,355.2644051,2.474750443,16.5,6,4,0.250584934,0.05387464,-0.384048611,0.40017972,0.409904735,0.408722492,-0.321842595
SCPT_124801_Raw01_result_layers_stats.csv,124801,14,16.88,17.87,17.375,268.2,17.5,0.99,2.52566317,0.100625357,0.923308909,213.7141936,260.1738009,353.3289076,193.9027085,264.2123251,184.3601421,411.6945431,2.897308352,17.5,6,4,0.227093392,0.030383098,-0.275666402,0.32437644,0.014979929,0.374841832,-0.428548703
SCPT_124801_Raw01_result_layers_stats.csv,124801,15,17.88,19,18.44,233.4,18.5,1.12,3.219723469,0.027677672,1.208288178,203.4802987,247.7151462,393.9052991,167.7484562,152.1961,174.382577,354.0093823,2.39704083,18.5,6,4,0.137184532,-0.059525762,-0.523356803,0.330288147,0.427583899,0.291502116,-0.416569697
SCPT_124802_Raw01_result_layers_stats.csv,124802,1,0.03,1.14,0.585,105.4,1,1.11,0.933394685,0.017352715,0.039452069,82.13181491,99.98655728,166.2643131,82.84167968,94.76019036,51.50037643,132.5581577,2.706456065,1,6,4,0.249437181,0.052726886,-0.455816134,0.240831324,0.106413248,0.716173519,-0.229258839
SCPT_124802_Raw01_result_layers_stats.csv,124802,2,1.15,3.15,2.15,112.7,2,2,0.841640191,0.025773001,0.025379482,99.79086911,121.4845363,183.5731211,122.7704058,154.678834,77.77881623,199.6499364,2.895903701,2,6,4,0.121652734,-0.07505756,-0.487883647,-0.085586571,-0.316621508,0.370860312,-0.571836094
SCPT_124802_Raw01_result_layers_stats.csv,124802,3,3.16,4.42,3.79,148.3,4,1.26,1.434988414,0.008229134,0.02745965,111.097478,135.2491037,238.5280936,125.0641346,106.2173208,90.2963993,201.1841519,2.327550972,4,6,4,0.288829253,0.092118958,-0.475249847,0.170410567,0.333750058,0.496139664,-0.304983418
SCPT_124802_Raw01_result_layers_stats.csv,124802,4,4.43,5.62,5.025,182.6,5,1.19,2.178279373,0.005687691,,124.836705,151.9751192,287.3266817,129.2558092,95.10867913,100.645321,206.6943969,2.027723891,5,6,4,0.380291445,0.18358115,-0.453321864,0.34550451,0.65227774,0.595695305,-0.123943391
SCPT_124802_Raw01_result_layers_stats.csv,124802,5,5.63,6.85,6.24,172.9,6,1.22,2.327708102,0.015700911,0.010661539,142.3554648,173.3023049,301.1455798,147.0759692,129.1961748,117.4309538,249.3150905,2.183446169,6,6,4,0.19438619,-0.002324104,-0.554880409,0.161764142,0.291381409,0.386862859,-0.366004127
SCPT_124802_Raw01_result_layers_stats.csv,124802,6,6.86,8.47,7.665,167.1,7.5,1.61,1.07158336,0.021872505,0.271332577,136.209931,165.8207855,233.7967751,140.5297607,155.4459371,114.293639,272.6121126,2.745292884,7.5,6,4,0.20439513,0.007684836,-0.33585982,0.173173149,0.072294436,0.379821518,-0.489457516
SCPT_124802_Raw01_result_layers_stats.csv,124802,7,8.48,9.68,9.08,282.7,9,1.2,4.746574338,0.021356801,0.004020146,178.2439097,216.9925858,410.3079698,172.4439108,141.6790004,148.1925966,286.8923658,1.919645551,9,6,4,0.461233373,0.264523079,-0.372521759,0.494314236,0.690822327,0.645873509,-0.014720849
SCPT_124802_Raw01_result_layers_stats.csv,124802,8,9.69,10.82,10.255,231,10.5,1.13,6.767421711,0.035094974,0.0004,201.8619325,245.7449614,475.2311143,196.5931892,173.3016456,168.1248823,316.4439711,1.863762006,10.5,6,4,0.134833749,-0.061876545,-0.721383532,0.161281146,0.287384018,0.31771066,-0.314728489
SCPT_124802_Raw01_result_layers_stats.csv,124802,9,10.83,11.82,11.325,228.6,11.5,0.99,5.229054396,0.248765977,0.54656383,243.4069206,296.3214686,440.7075241,250.4919633,395.7292831,195.9317376,417.7965685,2.54221345,11.5,6,4,-0.062760862,-0.259471156,-0.656407693,-0.091453086,-0.548756598,0.15420743,-0.603020884
SCPT_124802_Raw01_result_layers_stats.csv,124802,10,11.83,12.82,12.325,255.8,12.5,0.99,4.137801265,0.298187198,0.558074256,241.9331336,294.5272931,406.9226723,250.1595262,438.5177392,196.8887367,436.2609718,2.782162881,12.5,6,4,0.055734509,-0.140975786,-0.464227284,0.02229707,-0.539004376,0.261757108,-0.533844734
SCPT_124802_Raw01_result_layers_stats.csv,124802,11,12.83,13.83,13.33,250.5,13.5,1,2.537728091,0.080604849,0.413851557,200.3380091,243.8897502,341.7755512,187.3399348,238.9654048,168.2518253,374.0548906,2.735230396,13.5,6,4,0.223452935,0.026742641,-0.310695318,0.290534121,0.047140129,0.397997103,-0.400943632
SCPT_124802_Raw01_result_layers_stats.csv,124802,12,13.84,17,15.42,289.4,15.5,3.16,10.47026232,0.033650366,0.0176,227.3912153,276.8240882,584.7071322,211.1436218,166.8964019,199.7588566,349.9511003,1.68839939,15.5,6,4,0.241137865,0.04442757,-0.703301279,0.31527124,0.550436542,0.370698892,-0.189983617
SCPT_156307_Raw01_result_layers_stats.csv,156307,1,0.01,1.01,0.51,250,1,1,8.526726112,0.054901339,0.000632939,121.6270175,148.0676735,375.2376454,122.970369,123.7030257,72.37044278,146.3258619,1.664791538,1,5,4,0.72050179,0.523791495,-0.406098628,0.709517494,0.703577179,1.239662951,0.535624852
SCPT_156307_Raw01_result_layers_stats.csv,156307,2,1.02,2.01,1.515,188,1.5,0.99,11.89010225,0.060053154,0.001262265,148.5772873,180.8766975,487.216205,181.9328169,172.6930145,111.4681088,209.0773357,1.487665196,1.5,5,4,0.235336687,0.038626393,-0.952266015,0.032804482,0.084926427,0.522703433,-0.106262248
SCPT_156307_Raw01_result_layers_stats.csv,156307,3,2.02,3.99,3.005,178,3,1.97,6.901816105,0.066057527,0.000243946,163.1263201,198.5885635,423.5647903,197.8300687,212.9536433,125.6793292,250.7244997,1.854766261,3,5,4,0.08725868,-0.109451614,-0.86692294,-0.105624873,-0.179290955,0.348049894,-0.342571175
SCPT_156307_Raw01_result_layers_stats.csv,156307,4,4,5.39,4.695,200,4.5,1.39,11.84757613,0.100711422,0.000282843,201.4931007,245.2959487,545.001103,233.8675675,248.8656898,159.9338555,298.8263245,1.698600652,4.5,5,4,-0.007437775,-0.204148069,-1.002470452,-0.156437638,-0.218595986,0.22355704,-0.401545184
SCPT_156307_Raw01_result_layers_stats.csv,156307,5,5.4,6.39,5.895,194,6,0.99,8.197227107,0.113311354,,207.4665379,252.5679592,484.3793946,232.6055159,272.7609568,163.2826351,320.7575046,1.978642655,6,5,4,-0.067111904,-0.263822199,-0.915010314,-0.181485795,-0.340737636,0.172375502,-0.502827241
SCPT_156307_Raw01_result_layers_stats.csv,156307,6,6.4,7.86,7.13,211,7,1.46,5.986143471,0.058771516,0.000565685,193.8129717,235.9462264,437.7094542,202.612979,205.3252744,155.7801948,308.2753322,2.026785722,7,5,4,0.084964503,-0.111745791,-0.72969721,0.040560482,0.027262707,0.303412128,-0.379135186
SCPT_156307_Raw01_result_layers_stats.csv,156307,7,7.87,8.86,8.365,218,8.5,0.99,10.43356695,0.099487097,0.000570614,228.1004042,277.6874486,549.8977931,238.5423115,249.6094335,184.3573082,345.2424817,1.860716021,8.5,5,4,-0.045290839,-0.242001133,-0.925237367,-0.090051639,-0.135402367,0.167619296,-0.459751953
SCPT_156307_Raw01_result_layers_stats.csv,156307,8,8.87,10.18,9.525,238,9.5,1.31,9.244845494,0.105834774,0.001254484,234.6181338,285.6220759,531.8541232,236.6253297,254.8693051,188.7901138,359.3138001,1.976653733,9.5,5,4,0.014311444,-0.18239885,-0.804098574,0.005792671,-0.068480211,0.231634785,-0.411925428
SCPT_156307_Raw01_result_layers_stats.csv,156307,9,10.19,11.18,10.685,186,10.5,0.99,13.49591177,0.115909923,0.006303289,252.1556131,306.9720507,621.6308272,255.5091358,261.7779043,207.4169228,375.403887,1.78621237,10.5,5,4,-0.304299736,-0.50101003,-1.206599717,-0.317511492,-0.341749777,-0.108984214,-0.702255805
SCPT_156307_Raw01_result_layers_stats.csv,156307,10,11.19,12.18,11.685,223,11.5,0.99,8.434657291,0.055589334,0.013961446,226.4742699,275.7078068,524.1392073,214.0998323,195.4786069,186.9690623,347.8067977,1.91398791,11.5,5,4,-0.015459568,-0.212169862,-0.85458554,0.040729359,0.131720826,0.176228611,-0.444475375
SCPT_156307_Raw01_result_layers_stats.csv,156307,11,12.19,13.18,12.685,198,12.5,0.99,13.95537907,0.072353116,0.021303407,245.719682,299.1370042,640.4753066,241.5562501,214.5191371,210.2224272,368.8623356,1.670709005,12.5,5,4,-0.215924351,-0.412634646,-1.173943537,-0.198835335,-0.080131921,-0.059899117,-0.622156469
SCPT_156307_Raw01_result_layers_stats.csv,156307,12,13.19,14.25,13.72,238,13.5,1.06,26.59436936,0.080576173,0.014156485,256.5857359,312.3652437,825.6770958,275.5843396,225.1390355,237.8792305,383.3829516,1.312756627,13.5,5,4,-0.075192188,-0.271902482,-1.243933098,-0.146623041,0.055552527,0.000507564,-0.47676369
SCPT_156307_Raw01_result_layers_stats.csv,156307,13,14.26,15.25,14.755,254,15,0.99,22.68168859,0.09006728,0.021846678,265.3379483,323.020111,782.638131,271.7877152,233.3844177,239.4451981,395.7364525,1.450885866,15,5,4,-0.043670023,-0.240380317,-1.125336165,-0.067687036,0.084647312,0.059009694,-0.443414199
SCPT_156307_Raw01_result_layers_stats.csv,156307,14,15.26,16.79,16.025,240,16,1.53,25.48679196,0.077661701,0.030557348,265.1263792,322.7625486,824.9946869,274.5445125,223.8110886,246.0944089,396.7025394,1.36248732,16,5,4,-0.099567692,-0.296277986,-1.234738023,-0.134474483,0.069836582,-0.025076315,-0.502547805
SCPT_156307_Raw01_result_layers_stats.csv,156307,15,16.8,17.79,17.295,256,17.5,0.99,24.15376897,0.155501739,0.048947054,301.0325402,366.4743967,814.450157,296.5878718,292.6880597,264.2449963,442.4844586,1.599738023,17.5,5,4,-0.162040921,-0.358751215,-1.157335787,-0.147166094,-0.133929955,-0.031699245,-0.547227898
SCPT_156307_Raw01_result_layers_stats.csv,156307,16,17.8,19,18.4,258,18.5,1.2,25.62878607,0.095815941,0.050931088,281.8745892,343.1516739,838.2223117,281.9611923,239.5588896,260.4543345,422.2312358,1.432780753,18.5,5,4,-0.088502668,-0.285212962,-1.178323769,-0.088809861,0.074160313,-0.009467961,-0.492593531
SCPT_156308_Raw01_result_layers_stats.csv,156308,1,0.01,1,0.505,251,1,0.99,7.842718967,0.056942187,0.001057245,121.6301611,148.0715005,363.0888556,122.6619081,128.6313489,71.52842542,146.5714405,1.728533992,1,5,4,0.724467965,0.527757671,-0.369194646,0.716021083,0.668502386,1.25535801,0.537939981
SCPT_156308_Raw01_result_layers_stats.csv,156308,2,1.01,2,1.505,188,1.5,0.99,12.40779358,0.102155822,0.001922857,161.9725962,197.1840301,494.8727262,202.6843041,227.8114124,116.9864114,223.7084146,1.612550848,1.5,5,4,0.149014801,-0.047695493,-0.967858648,-0.075207653,-0.192076185,0.474384177,-0.173901521
SCPT_156308_Raw01_result_layers_stats.csv,156308,3,2.01,3.68,2.845,167,3,1.67,6.053392296,0.0742464,0.00151237,161.4371229,196.5321496,400.8304545,199.7120573,231.0032901,122.7791427,251.0598276,1.968717914,3,5,4,0.033878077,-0.162832217,-0.875544719,-0.178882803,-0.324438141,0.307606659,-0.407697455
SCPT_156308_Raw01_result_layers_stats.csv,156308,4,3.69,5.03,4.36,191,4.5,1.34,12.09160605,0.112073972,,202.091367,246.0242729,545.2239729,238.2052533,263.3712021,158.5243136,297.408754,1.71271688,4.5,5,4,-0.056446479,-0.253156773,-1.048923242,-0.220859283,-0.321291024,0.186365448,-0.442834041
SCPT_156308_Raw01_result_layers_stats.csv,156308,5,5.04,6.03,5.535,204,5.5,0.99,8.070102538,0.08681956,0.0006,197.8589905,240.8718145,478.4850924,221.489828,241.0701853,156.5798147,304.8947284,1.90886051,5.5,5,4,0.030565386,-0.166144908,-0.852505062,-0.082256671,-0.166968123,0.264554116,-0.40184657
SCPT_156308_Raw01_result_layers_stats.csv,156308,6,6.04,7.66,6.85,216,7,1.62,5.161380416,0.044098468,,182.6742989,222.386103,411.9370607,190.0549848,183.3314395,147.2241933,293.6152864,2.035971693,7,5,4,0.167573628,-0.029136666,-0.645592165,0.127964984,0.163982748,0.383321858,-0.306991953
SCPT_156308_Raw01_result_layers_stats.csv,156308,7,7.67,10.18,8.925,239,9,2.51,9.232822238,0.081163773,0.001865159,223.1472966,271.6575784,528.0416004,227.3305489,228.1196604,181.2043714,341.2377078,1.889952447,9,5,4,0.068631476,-0.128078818,-0.792711517,0.050058431,0.046593234,0.276838034,-0.356115773
SCPT_156308_Raw01_result_layers_stats.csv,156308,8,10.19,11.18,10.685,202,10.5,0.99,11.66662967,0.066918799,0.001949713,232.2066377,282.6863416,587.9554985,231.4378139,209.3716151,194.0589553,349.1533732,1.728390707,10.5,5,4,-0.139359958,-0.336070252,-1.068383565,-0.136043518,-0.035843038,0.040105691,-0.547243593
SCPT_156308_Raw01_result_layers_stats.csv,156308,9,11.19,12.21,11.7,196,11.5,1.02,8.719060294,0.065406665,0.002700947,230.3421266,280.4165019,530.8029369,219.5914611,207.5483656,190.4841072,355.4394401,1.923944326,11.5,5,4,-0.161451051,-0.358161345,-0.996276176,-0.113654166,-0.057249741,0.028545895,-0.595240224
SCPT_156308_Raw01_result_layers_stats.csv,156308,10,12.22,13.79,13.005,225,13,1.57,20.79471169,0.074040271,0.00407597,251.0383712,305.6119301,747.6096873,260.5665981,217.6250791,224.6038686,373.3754163,1.434973176,13,5,4,-0.109505399,-0.306215693,-1.200780631,-0.146758081,0.033326641,0.001762136,-0.506483989
SCPT_156308_Raw01_result_layers_stats.csv,156308,11,13.8,15.17,14.485,240,14.5,1.37,23.29933142,0.143086056,0.002642948,284.8247553,346.7431804,789.1699871,290.7664206,284.0722757,248.4960626,418.3854257,1.561610949,14.5,5,4,-0.171235174,-0.367945468,-1.190342821,-0.191881343,-0.168589774,-0.034788077,-0.555764155
SCPT_156308_Raw01_result_layers_stats.csv,156308,12,15.18,16.98,16.08,226,16,1.8,24.47032278,0.060698947,0.003977933,255.466273,311.0024193,812.4418439,264.6134043,204.2739969,239.9217931,384.39838,1.326827196,16,5,4,-0.122555398,-0.319265692,-1.279509336,-0.15773491,0.101072785,-0.059778009,-0.531144463
SCPT_156308_Raw01_result_layers_stats.csv,156308,13,16.99,17.99,17.49,222,17.5,1,23.76158736,0.09271433,0.003388935,278.1007314,338.5574122,810.1145021,277.0925192,238.1049451,253.3353918,414.8402418,1.468119125,17.5,5,4,-0.225306009,-0.422016304,-1.294498216,-0.221674073,-0.07003414,-0.132036888,-0.625216105
SCPT_156308_Raw01_result_layers_stats.csv,156308,14,18,19,18.5,228,18.5,1,23.3596445,0.123661731,0.004569206,294.1409325,358.0846135,809.3689267,285.1796103,262.8054322,262.9003937,436.7750252,1.565698534,18.5,5,4,-0.254713386,-0.45142368,-1.266909212,-0.223773564,-0.142068328,-0.1424296,-0.650072617
SCPT_156310_Raw01_result_layers_stats.csv,156310,1,0.01,1,0.505,186,1,0.99,4.532722415,0.03887965,0.000750335,109.0997507,132.8170878,294.4863046,106.8973184,108.8024499,64.0379029,138.9136192,1.945456563,1,5,4,0.533484066,0.336773772,-0.459485824,0.553877941,0.536212822,1.066271533,0.291894378
SCPT_156310_Raw01_result_layers_stats.csv,156310,2,1.01,2.47,1.74,132,1.5,1.46,8.541787961,0.067332747,0.000941157,151.1751791,184.0393485,434.7669583,183.4833077,192.9406561,111.1157386,218.5358271,1.721799633,1.5,5,4,-0.135637368,-0.332347663,-1.192008237,-0.329321775,-0.379580738,0.172229574,-0.504148047
SCPT_156310_Raw01_result_layers_stats.csv,156310,3,2.48,3.7,3.09,175,3,1.22,6.242900084,0.122026376,0.001361822,175.0191939,213.0668447,409.2519001,222.9266781,302.4049686,131.804695,274.1005709,2.097319525,3,5,4,-0.000109673,-0.196819967,-0.849544885,-0.242056946,-0.546981101,0.28346473,-0.448709112
SCPT_156310_Raw01_result_layers_stats.csv,156310,4,3.71,5.38,4.545,190,4.5,1.67,12.14912255,0.195617449,0.001248783,220.8003857,268.8004696,548.3815157,266.5404262,356.4294958,167.9883139,322.9924943,1.876626363,4.5,5,4,-0.150234989,-0.346945284,-1.059947169,-0.338501853,-0.62911238,0.123129655,-0.530605013
SCPT_156310_Raw01_result_layers_stats.csv,156310,5,5.39,6.38,5.885,227,6,0.99,7.575137831,0.10906538,0.000712254,205.0333201,249.605781,469.9084471,229.3094179,270.2209003,160.8503605,318.8452387,2.022354042,6,5,4,0.101777514,-0.09493278,-0.727587865,-0.010122244,-0.174289756,0.344475523,-0.339755822
SCPT_156310_Raw01_result_layers_stats.csv,156310,6,6.39,7.73,7.06,236,7,1.34,6.029414133,0.090042802,0.000660385,203.1164771,247.272233,438.4894572,216.5949884,248.3116538,161.1313246,325.0812347,2.139264485,7,5,4,0.150052212,-0.046658083,-0.619503964,0.085802608,-0.050852821,0.381612092,-0.320243299
SCPT_156310_Raw01_result_layers_stats.csv,156310,7,7.74,9.16,8.45,216,8.5,1.42,11.00761998,0.200201825,0.001901866,252.2196787,307.0500436,561.7886958,269.1607947,346.4570547,197.408257,379.159976,2.040755684,8.5,5,4,-0.155022041,-0.351732335,-0.955847385,-0.220030543,-0.472480463,0.090004453,-0.562679809
SCPT_156310_Raw01_result_layers_stats.csv,156310,8,9.17,10.16,9.665,238,9.5,0.99,9.66347694,0.175040811,0.001401362,252.6029374,307.5166195,541.7268165,257.4271585,320.0003553,198.9252091,385.18102,2.109648931,9.5,5,4,-0.059548165,-0.256258459,-0.822491172,-0.078466127,-0.296051432,0.179341753,-0.481442732
SCPT_156310_Raw01_result_layers_stats.csv,156310,9,10.17,11.16,10.665,218,10.5,0.99,14.51524993,0.188261625,0.00177476,272.6585762,331.9321797,639.0141871,278.3508883,326.0796142,218.0994898,399.8619831,1.897565209,10.5,5,4,-0.223725313,-0.420435607,-1.075431593,-0.244387443,-0.402646504,-0.000456271,-0.606624383
SCPT_156310_Raw01_result_layers_stats.csv,156310,10,11.17,12.16,11.665,210,11.5,0.99,9.607394367,0.112091714,0.006676809,249.1733185,303.3414313,550.7393663,239.9075097,257.5364037,201.8294819,381.2095507,2.024034538,11.5,5,4,-0.171041182,-0.367751476,-0.964154147,-0.133145942,-0.204053553,0.039684339,-0.596241695
SCPT_156310_Raw01_result_layers_stats.csv,156310,11,12.17,13.49,12.83,212,13,1.32,16.36182658,0.164731816,0.014325617,277.3568865,337.6518618,682.1295863,279.53648,306.5123466,231.0122671,412.1499897,1.796846453,13,5,4,-0.268718801,-0.465429095,-1.168633374,-0.276546528,-0.368671762,-0.085884539,-0.664801061
SCPT_156310_Raw01_result_layers_stats.csv,156310,12,13.5,14.92,14.21,256,14,1.42,26.21334882,0.102884042,0.01140301,269.9589229,328.6456453,823.9481241,284.0500824,246.4751888,244.613331,399.2288973,1.397577154,14,5,4,-0.053092366,-0.24980266,-1.168930127,-0.103973125,0.03791611,0.045498721,-0.444357485
SCPT_156310_Raw01_result_layers_stats.csv,156310,13,14.93,15.92,15.425,247,15.5,0.99,23.02645092,0.133081267,0.004815521,286.7664028,349.1069251,790.5782916,287.2612389,273.0238076,250.9491143,421.092163,1.568819388,15.5,5,4,-0.14927962,-0.345989914,-1.163376356,-0.151003705,-0.100170662,-0.01586185,-0.533463388
SCPT_156310_Raw01_result_layers_stats.csv,156310,14,15.93,17,16.465,274,16.5,1.07,27.68780975,0.212963396,0.006958083,315.2772495,383.815782,853.7280914,319.3273419,341.1997013,272.8595802,455.7039077,1.601626792,16.5,5,4,-0.140324302,-0.337034597,-1.136484643,-0.15308862,-0.219339834,0.004170802,-0.508715167
SCPT_156311_Raw01_result_layers_stats.csv,156311,1,0.01,1.52,0.765,355,1,1.51,14.37135063,0.094651684,0.001271741,142.494626,173.4717187,476.5270682,160.4881062,170.6991644,91.21376195,174.4344771,1.495825817,1,5,4,0.912813503,0.716103208,-0.294406738,0.793897954,0.732215055,1.358912005,0.710568608
SCPT_156311_Raw01_result_layers_stats.csv,156311,2,1.53,2.62,2.075,196,2,1.09,7.128393843,0.091256118,0.000327107,159.5693368,194.258323,413.6633336,202.3548545,244.8518845,117.2295128,238.5596478,1.923604901,2,5,4,0.205636118,0.008925824,-0.74693778,-0.031908202,-0.222538815,0.513980998,-0.196504715
SCPT_156311_Raw01_result_layers_stats.csv,156311,3,2.63,3.62,3.125,192,3,0.99,4.201484692,0.051290452,0.0009,150.4058285,183.1027477,352.2330237,182.6110195,201.8197015,116.2974196,245.0204522,2.091167515,3,5,4,0.244158208,0.047447914,-0.606797584,0.050137058,-0.04987936,0.5013445,-0.243846313
SCPT_156311_Raw01_result_layers_stats.csv,156311,4,3.63,4.77,4.2,137,4,1.14,6.206158617,0.054852875,,170.1902335,207.1881103,421.0331575,195.3133187,198.5586818,134.3451237,267.2141682,1.894954252,4,5,4,-0.216935906,-0.4136462,-1.122730664,-0.354624106,-0.371103757,0.019568887,-0.668069539
SCPT_156311_Raw01_result_layers_stats.csv,156311,5,4.78,5.77,5.275,156,5.5,0.99,2.402228297,0.029218914,0.018585262,147.1291782,179.1137822,299.9951785,161.6701139,166.9499001,118.5421995,259.1015154,2.331752626,5.5,5,4,0.058545043,-0.138165251,-0.653910396,-0.035701918,-0.067837761,0.274586996,-0.507363929
SCPT_156311_Raw01_result_layers_stats.csv,156311,6,5.78,6.98,6.38,212,6.5,1.2,5.663167617,0.048060202,,182.9631561,222.7377553,423.824869,194.2114263,189.6673012,147.368719,291.8898849,1.981663011,6.5,5,4,0.147301475,-0.04940882,-0.69273405,0.087638883,0.111314784,0.363648536,-0.31979035
SCPT_156311_Raw01_result_layers_stats.csv,156311,7,6.99,8.1,7.545,163,7.5,1.11,5.16527708,0.047932181,,188.5169793,229.4989313,416.0603558,193.1016271,190.5170237,152.3609272,304.2740614,2.068893935,7.5,5,4,-0.145437878,-0.342148172,-0.937080135,-0.169466415,-0.155991353,0.067497974,-0.624178612
SCPT_156311_Raw01_result_layers_stats.csv,156311,8,8.11,9.1,8.605,212,8.5,0.99,8.599649921,0.083918438,,220.1847727,268.0510276,512.1733462,226.18391,234.1009164,178.1787714,339.6303241,1.930640498,8.5,5,4,-0.037880795,-0.234591089,-0.88207686,-0.064762155,-0.099166014,0.173798895,-0.471271469
SCPT_156311_Raw01_result_layers_stats.csv,156311,9,9.11,10.1,9.605,195,9.5,0.99,6.494328298,0.05584005,,209.9343814,255.5722904,465.1105195,204.760825,198.1349948,170.5685495,330.5199186,2.02229874,9.5,5,4,-0.073795454,-0.270505748,-0.869275495,-0.048843032,-0.015949032,0.133862293,-0.527667367
SCPT_156311_Raw01_result_layers_stats.csv,156311,10,10.11,11.1,10.605,172,10.5,0.99,8.725567319,0.062207524,,223.585206,272.1906855,525.8010227,218.0847721,204.7857426,184.5985502,344.4567323,1.88459825,10.5,5,4,-0.262298099,-0.459008393,-1.117428381,-0.237389373,-0.174469798,-0.070688991,-0.69447401
SCPT_156311_Raw01_result_layers_stats.csv,156311,11,11.11,12.58,11.845,169,12,1.47,4.534195851,0.018454679,0.001583051,190.2569202,231.6171203,413.9785906,170.0197173,136.1677206,156.6047119,300.9847689,2.054726401,12,5,4,-0.118476655,-0.31518695,-0.895915544,-0.0060157,0.216011349,0.076173843,-0.577160947
SCPT_156311_Raw01_result_layers_stats.csv,156311,12,12.59,13.59,13.09,226,13,1,13.44509233,0.104271889,0.007908638,259.3356785,315.7129999,633.3489329,253.4079648,254.840547,217.4293422,389.7905754,1.805186004,13,5,4,-0.137588279,-0.334298573,-1.030486508,-0.1144657,-0.120103044,0.038661065,-0.545074609
SCPT_156311_Raw01_result_layers_stats.csv,156311,13,13.6,14.59,14.095,215,14,0.99,11.35050444,0.042697677,0.004256762,236.1273371,287.4593669,598.0327698,222.9477919,187.9491225,201.1306806,353.1911679,1.726413794,14,5,4,-0.093733195,-0.29044349,-1.023007523,-0.036299599,0.134466727,0.066683179,-0.496371434
SCPT_156311_Raw01_result_layers_stats.csv,156311,14,14.6,16.08,15.34,260,15.5,1.48,10.86925859,0.063337734,0.015222017,247.1303936,300.8543923,593.2012072,228.0234383,205.378405,211.4367907,379.6770592,1.836183341,15.5,5,4,0.050765524,-0.14594477,-0.824852014,0.131233208,0.235827475,0.206755539,-0.378639416
SCPT_156311_Raw01_result_layers_stats.csv,156311,15,16.09,17.23,16.66,347,16.5,1.14,13.31331571,0.127489343,0.037122766,278.6170799,339.1860103,646.327211,258.4260506,269.3769742,236.0864409,425.2585285,1.91146151,16.5,5,4,0.219486414,0.02277612,-0.621981114,0.294715198,0.25321299,0.385126767,-0.203372506
SCPT_156311_Raw01_result_layers_stats.csv,156311,16,17.24,19,18.12,262,18,1.76,17.67293913,0.092017089,0.029391963,276.0060835,336.007406,726.1289799,260.4074156,233.7028756,244.991669,417.2180155,1.651244749,18,5,4,-0.052078403,-0.248788698,-1.019383154,0.006097116,0.114293958,0.067120298,-0.4652644
SCPT_192469_Raw01_result_layers_stats.csv,192469,1,0.01,1,0.505,250,1,0.99,2.150411993,0.060582578,0.007346243,103.5835255,126.1016833,221.5577632,105.9827041,145.6942322,59.67499858,146.348991,2.537627646,1,8,4,0.881082621,0.684372326,0.12077758,0.858185006,0.539950792,1.432547769,0.535466799
SCPT_192469_Raw01_result_layers_stats.csv,192469,2,1.01,2,1.505,202,1.5,0.99,1.917171544,0.095493195,0.111774105,126.4766528,153.9715774,243.8668037,161.7612104,262.2295912,88.90280314,218.7121353,2.743411576,1.5,8,4,0.468209969,0.271499674,-0.188354492,0.222146459,-0.260952725,0.820724024,-0.079488717
SCPT_192469_Raw01_result_layers_stats.csv,192469,3,2.01,3.15,2.58,178,2.5,1.14,0.83872429,0.043834444,0.117812804,107.7846826,131.2161353,188.8083174,145.4668553,215.8680247,86.19960965,225.7599645,3.037219366,2.5,8,4,0.501647993,0.304937699,-0.058948756,0.201835288,-0.192883674,0.725117901,-0.237688781
SCPT_192469_Raw01_result_layers_stats.csv,192469,4,3.16,4.15,3.655,134,3.5,0.99,0.610680661,0.031900601,0.163587453,104.9535202,127.7695029,174.7434511,139.9425025,199.4177249,88.49004148,236.3385304,3.16008638,3.5,8,4,0.244322213,0.047611918,-0.265479105,-0.043391842,-0.397561945,0.41494978,-0.567425428
SCPT_192469_Raw01_result_layers_stats.csv,192469,5,4.16,6.61,5.385,142,5.5,2.45,0.995002629,0.022666311,0.46819736,124.7575163,151.8787154,222.154342,140.4118588,158.4075724,102.613403,249.8977888,2.747126521,5.5,8,4,0.129455074,-0.06725522,-0.447545317,0.011247105,-0.109344226,0.3248585,-0.565224932
SCPT_192469_Raw01_result_layers_stats.csv,192469,6,6.62,8.79,7.705,190,7.5,2.17,1.826565034,0.043798349,0.024617241,158.1855637,192.5737297,280.6979906,164.3907227,195.0389288,130.8735653,299.826584,2.654113566,7.5,8,4,0.183255274,-0.01345502,-0.390255253,0.144778022,-0.026175101,0.372792365,-0.456180182
SCPT_192469_Raw01_result_layers_stats.csv,192469,7,8.8,11.92,10.36,149,10.5,3.12,1.616060843,0.058598396,0.177348153,171.362388,208.6150811,278.818113,168.5629209,218.6827814,143.0137857,335.268481,2.900301039,10.5,8,4,-0.139834236,-0.336544531,-0.626613339,-0.123362792,-0.383675887,0.041005277,-0.810985341
SCPT_192469_Raw01_result_layers_stats.csv,192469,8,11.93,13.07,12.5,162,12.5,1.14,0.813771507,0.017585137,0.025850847,145.5416787,177.181174,216.7924527,126.1374179,141.7460303,123.6447438,299.3959246,3.239635317,12.5,8,4,0.107133838,-0.089576456,-0.291344121,0.250224404,0.133559398,0.270183851,-0.614170525
SCPT_192469_Raw01_result_layers_stats.csv,192469,9,13.08,14.46,13.77,244,14,1.38,1.058285512,0.015215585,0.172053628,153.9229062,187.3844076,244.2861975,129.365139,129.2864646,130.3355626,301.6775173,2.988933413,14,8,4,0.460716357,0.264006063,-0.001172253,0.634529284,0.635137627,0.62705585,-0.212190398
SCPT_192469_Raw01_result_layers_stats.csv,192469,10,14.47,15.59,15.03,324,15,1.12,8.926675978,0.30366257,0.045238,288.7116246,351.4750213,549.5793672,275.7827374,410.8307381,232.7671968,462.4347467,2.388246135,15,8,4,0.115315165,-0.08139513,-0.528409683,0.161130143,-0.237437784,0.330704717,-0.355761943
SCPT_192469_Raw01_result_layers_stats.csv,192469,11,15.6,17.23,16.415,275,16.5,1.63,8.526589473,0.386639078,0.02939199,300.3880409,365.6897889,544.4564381,281.5416057,451.2112194,241.7589539,487.7614283,2.528563458,16.5,8,4,-0.088304011,-0.285014305,-0.683016838,-0.023509139,-0.495164468,0.128829926,-0.573055312
SCPT_192469_Raw01_result_layers_stats.csv,192469,12,17.24,18.63,17.935,266,18,1.39,5.92198378,0.304848056,0.03526164,279.8835563,340.7278076,477.8076833,255.8944361,404.6804701,230.5315366,482.3534626,2.72915484,18,8,4,-0.050877338,-0.247587632,-0.585712007,0.038731308,-0.419601484,0.143108637,-0.595180861
SCPT_192469_Raw01_result_layers_stats.csv,192469,13,18.64,19.63,19.135,290,19,0.99,5.245733205,0.328728169,0.050807489,279.1683626,339.8571371,459.0728616,255.0307002,422.7593786,232.11433,494.7265503,2.862817631,19,8,4,0.038065873,-0.158644421,-0.459328014,0.128496992,-0.376922249,0.222650871,-0.534124263
SCPT_192469_Raw01_result_layers_stats.csv,192469,14,19.64,21.46,20.55,318,20.5,1.82,3.323474953,0.161725456,0.183675557,245.1812724,298.481549,391.0020689,212.2523464,307.1854184,209.0150258,457.7894661,2.978694541,20.5,8,4,0.260053558,0.063343264,-0.206661468,0.404275503,0.034599849,0.41964524,-0.364358015
SCPT_192469_Raw01_result_layers_stats.csv,192469,15,21.47,22.56,22.015,319,22,1.09,6.678552023,0.409379122,0.197966473,307.2956771,374.0990851,510.2637738,271.7419603,454.8836435,254.4730198,528.3663388,2.826982316,22,8,4,0.037380701,-0.159329593,-0.469736693,0.160338162,-0.354850555,0.225996285,-0.504598764
SCPT_192469_Raw01_result_layers_stats.csv,192469,16,22.57,24.08,23.325,326,23.5,1.51,3.658793852,0.103522553,0.382222483,249.1540678,303.3179955,414.2601094,199.2774926,243.8787785,211.5531224,446.3981987,2.832393692,23.5,8,4,0.26882593,0.072115636,-0.239596679,0.492199093,0.290226089,0.432421245,-0.314313995
SCPT_192469_Raw01_result_layers_stats.csv,192469,17,24.09,25.61,24.85,339,25,1.52,13.51970818,0.558988742,0.035073638,368.5991149,448.7293573,676.4515203,314.7407821,500.406912,298.9463351,570.28445,2.49052004,25,8,4,-0.083709537,-0.280419831,-0.690860675,0.074250721,-0.389421484,0.125736031,-0.520135164
SCPT_192469_Raw01_result_layers_stats.csv,192469,18,25.62,27.29,26.455,318,26.5,1.67,3.568255071,0.102135539,0.59643311,256.3170627,312.0381633,417.494101,197.8576498,241.5103292,218.0569931,459.9566699,2.904586949,26.5,8,4,0.215636178,0.018925884,-0.272219032,0.474503551,0.27513914,0.377294918,-0.369080906
SCPT_192469_Raw01_result_layers_stats.csv,192469,19,27.3,30,28.65,340,28.5,2.7,3.850874694,0.173391185,1.740802718,276.9782571,337.1909217,438.9117729,217.6707257,300.330052,235.5120993,503.0115394,2.997308736,28.5,8,4,0.205006609,0.008296314,-0.255352802,0.445962129,0.124063574,0.367183328,-0.391667493
SCPT_192473_Raw01_result_layers_stats.csv,192473,1,0.01,2.44,1.225,250,1.5,2.43,1.728921685,0.067000512,0.043752612,112.7453157,137.2551669,223.2938204,132.3023003,195.2012542,74.36992759,184.7116381,2.703541158,1.5,8,4,0.796329486,0.599619192,0.112972433,0.63637146,0.247429819,1.212409257,0.302665022
SCPT_192473_Raw01_result_layers_stats.csv,192473,2,2.45,3.92,3.185,134,3,1.47,0.842030897,0.02741685,0.266118661,107.9421598,131.4078467,195.63164,139.653071,177.6667443,87.9388339,223.9913346,2.891173446,3,8,4,0.216244274,0.01953398,-0.378393703,-0.041321483,-0.282069773,0.421198296,-0.513767566
SCPT_192473_Raw01_result_layers_stats.csv,192473,3,3.93,4.92,4.425,268,4.5,0.99,3.206776481,0.075737016,0.054834721,160.6300745,195.5496559,330.0197386,194.0311941,252.1431099,127.3445328,281.0580944,2.362160591,4.5,8,4,0.511882933,0.315172639,-0.208165486,0.32296804,0.060990158,0.744090711,-0.047574409
SCPT_192473_Raw01_result_layers_stats.csv,192473,4,4.93,6.63,5.78,182,6,1.7,2.001516417,0.046213075,0.166318082,151.4318948,184.3518719,284.7647759,169.393802,203.1488015,122.9594051,280.9141624,2.53933364,6,8,4,0.183870702,-0.012839592,-0.447656805,0.071780493,-0.109932036,0.392152426,-0.434042464
SCPT_192473_Raw01_result_layers_stats.csv,192473,5,6.64,7.68,7.16,147,7,1.04,1.520600861,0.079249774,0.031068985,158.0282394,192.3822045,259.847337,177.5735751,263.5649581,131.2811349,317.666048,2.930229912,7,8,4,-0.072341161,-0.269051455,-0.569661706,-0.188952444,-0.583867271,0.113091495,-0.770568081
SCPT_192473_Raw01_result_layers_stats.csv,192473,6,7.69,8.68,8.185,272,8,0.99,3.687149141,0.098388427,0.619503909,197.0051337,239.8323367,374.0671651,205.574788,262.9795189,157.6085108,340.2211505,2.445498131,8,8,4,0.322572279,0.125861984,-0.318633301,0.279992167,0.033725912,0.545687888,-0.223793783
SCPT_192473_Raw01_result_layers_stats.csv,192473,7,8.69,10.22,9.455,230,9.5,1.53,2.303125321,0.032184961,0.706786388,172.1342627,209.5547546,320.3772642,162.3731911,163.5598057,139.7098224,304.0580246,2.469380337,9.5,8,4,0.28980454,0.093094245,-0.331419943,0.348181974,0.340900601,0.498511734,-0.279139245
SCPT_192473_Raw01_result_layers_stats.csv,192473,8,10.23,11.22,10.725,290,10.5,0.99,10.95142389,0.165104495,0.030910585,257.9396401,314.0134749,574.1302664,260.088277,309.3446017,207.4828799,392.8359168,2.004077305,10.5,8,4,0.117155319,-0.079554976,-0.682975393,0.108859823,-0.064574948,0.334832093,-0.303511087
SCPT_192473_Raw01_result_layers_stats.csv,192473,9,11.23,12.31,11.77,307,12,1.08,14.13827663,0.244980831,,284.8585104,346.7842735,638.8258444,288.5385426,369.3463349,228.2472579,424.1573742,1.990273489,12,8,4,0.074855145,-0.121855149,-0.732784126,0.062019074,-0.184887033,0.296418242,-0.323256804
SCPT_192473_Raw01_result_layers_stats.csv,192473,10,12.32,14.06,13.19,314,13,1.74,16.48852781,0.370284205,,314.2347374,382.5466369,685.1367465,316.2268273,448.2968815,249.2411923,461.123988,2.057248934,13,8,4,-0.000747292,-0.197457586,-0.780225462,-0.007066778,-0.356062709,0.230971915,-0.384273975
SCPT_192473_Raw01_result_layers_stats.csv,192473,11,14.07,15.93,15,298,15,1.86,10.39610406,0.259321218,0.002160933,291.3246583,354.6561058,581.7743008,273.8061464,370.592584,234.6771726,453.2767039,2.27145315,15,8,4,0.022655177,-0.174055117,-0.668989087,0.084673125,-0.218009816,0.23888265,-0.419409278
SCPT_192473_Raw01_result_layers_stats.csv,192473,12,15.94,17.09,16.515,296,16.5,1.15,8.820238138,0.287629601,0.005170203,294.8490492,358.9466686,551.5792976,268.0599958,383.0243742,237.462805,470.2246174,2.44756874,16.5,8,4,0.003895927,-0.192814368,-0.622426159,0.099148634,-0.257739173,0.220348454,-0.462851036
SCPT_192473_Raw01_result_layers_stats.csv,192473,13,17.1,18.09,17.595,282,17.5,0.99,6.195589734,0.231944941,0.02847185,275.9180885,335.9002817,485.2492481,244.2145346,347.2967171,225.6350884,463.4361419,2.640400072,17.5,8,4,0.02180303,-0.174907264,-0.542755602,0.143859992,-0.208272436,0.22298803,-0.496761531
SCPT_192473_Raw01_result_layers_stats.csv,192473,14,18.1,20.74,19.42,298,19.5,2.64,5.36855486,0.301862328,0.034132677,280.7903441,341.8317232,463.7823805,250.7825757,398.7425463,232.1565337,491.1086084,2.860203769,19.5,8,4,0.059485202,-0.137225092,-0.442321948,0.172507155,-0.291222475,0.249681628,-0.499571815
SCPT_192473_Raw01_result_layers_stats.csv,192473,15,20.75,22.36,21.555,328,21.5,1.61,5.465219641,0.198004567,,278.2593009,338.7504533,471.4950371,232.9029565,321.8544499,231.3957019,477.4716713,2.772037214,21.5,8,4,0.164460192,-0.032250102,-0.362894968,0.342391737,0.018914184,0.348884368,-0.375491223
SCPT_192473_Raw01_result_layers_stats.csv,192473,16,22.37,23.36,22.865,324,23,0.99,7.580831886,0.352872355,0.005302003,315.0340575,383.5197222,537.5831943,267.4924407,411.2454775,258.6957465,523.7469545,2.742601567,23,8,4,0.028062764,-0.168647531,-0.506340012,0.191652209,-0.238446789,0.225090869,-0.480265141
SCPT_192473_Raw01_result_layers_stats.csv,192473,17,23.37,25,24.185,345,24,1.63,3.957612179,0.092274721,0.03117985,253.0563274,308.0685725,421.9746358,196.7089149,231.4319768,214.0684924,444.0763251,2.832244154,24,8,4,0.309932315,0.113222021,-0.20140079,0.56181937,0.399258423,0.477248395,-0.252452034
SCPT_192473_Raw01_result_layers_stats.csv,192473,18,25.01,26,25.505,428,25.5,0.99,13.83910579,0.40738847,0.013557516,362.0883139,440.8031648,684.183096,298.5355604,423.9228062,294.3080978,551.0287516,2.409941897,25.5,8,4,0.167235052,-0.029475242,-0.46910237,0.36023414,0.009571818,0.374496025,-0.252663793
SCPT_192478_Raw01_result_layers_stats.csv,192478,1,0.01,1.83,0.92,283,1.5,1.82,2.317668161,0.097501961,0.077560097,119.0421722,144.9209052,242.8417148,137.200691,214.8096562,73.96493683,180.9141131,2.626691996,1.5,8,4,0.865969079,0.669258785,0.153037046,0.724002146,0.275694582,1.341855743,0.447424492
SCPT_192478_Raw01_result_layers_stats.csv,192478,2,1.84,2.98,2.41,171,2.5,1.14,1.047253255,0.048997731,0.30693905,113.3574656,138.0003929,206.3637409,150.9569544,220.1479767,88.10998686,225.4346439,2.906818257,2.5,8,4,0.411117318,0.214407024,-0.187976788,0.124668831,-0.252636385,0.663077672,-0.276366733
SCPT_192478_Raw01_result_layers_stats.csv,192478,3,2.99,4.52,3.755,148,4,1.53,1.032941075,0.022575694,0.52505825,115.2108437,140.2566793,217.8535385,141.1652963,160.1667459,93.34294247,228.1569228,2.697724689,4,8,4,0.250448401,0.053738106,-0.386610721,0.047280756,-0.079003161,0.46093201,-0.432821376
SCPT_192478_Raw01_result_layers_stats.csv,192478,4,4.53,5.52,5.025,303,5,0.99,3.016428322,0.068316104,1.228110171,164.1402666,199.8229333,335.3870551,190.4898303,234.6166086,129.6720149,286.2869804,2.334258621,5,8,4,0.613011459,0.416301165,-0.101552448,0.464133997,0.255780076,0.848724505,0.05673807
SCPT_192478_Raw01_result_layers_stats.csv,192478,5,5.53,6.92,6.225,173,6,1.39,1.25672475,0.018410988,0.59100751,133.5306999,162.5591129,246.4898569,140.2553354,141.6415561,108.79906,253.1855852,2.576777908,6,8,4,0.258960181,0.062249887,-0.35402925,0.209827009,0.199991981,0.4637889,-0.380831164
SCPT_192478_Raw01_result_layers_stats.csv,192478,6,6.93,7.92,7.425,230,7.5,0.99,11.60240276,0.189453699,0.059266041,239.7683059,291.8918507,566.156672,268.625687,345.3637189,191.0327089,364.5153892,1.921506358,7.5,8,4,-0.041593756,-0.23830405,-0.900791537,-0.155239604,-0.40651881,0.185634645,-0.460489462
SCPT_192478_Raw01_result_layers_stats.csv,192478,7,7.93,9.07,8.5,332,8.5,1.14,3.106251514,0.038796996,0.608863574,177.7863025,216.4354987,353.4570837,174.8538346,176.5605171,143.8322908,303.952092,2.307140515,8.5,8,4,0.624552688,0.427842393,-0.062627105,0.641184575,0.631471278,0.836486995,0.088264872
SCPT_192478_Raw01_result_layers_stats.csv,192478,8,9.08,10.07,9.575,366,9.5,0.99,9.137107483,0.398680664,0.557647554,276.5816572,336.7081045,533.6330635,297.7516644,506.958915,210.7307154,427.4931423,2.381826119,9.5,8,4,0.280127232,0.083416937,-0.377075122,0.206373535,-0.325796631,0.552052245,-0.155304913
SCPT_192478_Raw01_result_layers_stats.csv,192478,9,10.08,11.34,10.71,153,10.5,1.26,2.957564515,0.131424477,0.63204398,209.0001457,254.4349599,355.1079128,207.8977215,298.2780816,168.5361803,377.5242719,2.751940494,10.5,8,4,-0.311897028,-0.508607322,-0.841983802,-0.306608314,-0.66758829,-0.096712525,-0.903196942
SCPT_192478_Raw01_result_layers_stats.csv,192478,10,11.35,12.34,11.845,246,12,0.99,2.81558154,0.072680799,0.777687263,200.8822678,244.5523261,352.6932987,185.8489454,221.341289,163.8552432,358.4617711,2.635295059,12,8,4,0.202612532,0.005902237,-0.360267301,0.280397314,0.105625731,0.406348161,-0.376490483
SCPT_192478_Raw01_result_layers_stats.csv,192478,11,12.35,14,13.175,159,13,1.65,2.764667564,0.106580036,0.786244016,211.423737,257.3854189,354.811929,197.3157926,264.1829768,173.7489625,386.9456064,2.794329206,13,8,4,-0.28496015,-0.481670444,-0.802683669,-0.215901251,-0.507737755,-0.088707311,-0.889379929
SCPT_192478_Raw01_result_layers_stats.csv,192478,12,14.01,15,14.505,218,14.5,0.99,2.944968898,0.043733344,1.0035718,204.1383996,248.5163126,368.9062483,175.1723338,181.8167325,167.2749513,353.3286246,2.548931207,14.5,8,4,0.06569687,-0.131013425,-0.526047479,0.218724809,0.181495847,0.264856189,-0.482903509
SCPT_192478_Raw01_result_layers_stats.csv,192478,13,15.01,16,15.505,232,15.5,0.99,2.35781252,0.035337247,0.945492784,196.3249546,239.0042925,342.2623057,163.9084911,166.9345465,162.1409434,348.9449256,2.66145159,15.5,8,4,0.166966154,-0.02974414,-0.388840047,0.347429081,0.329135573,0.358271394,-0.408176732
SCPT_192478_Raw01_result_layers_stats.csv,192478,14,16.01,17,16.505,296,16.5,0.99,15.30347257,0.331794197,0.289360311,321.0356326,390.8259875,681.6490182,304.7374859,414.9697114,260.0987936,480.9280007,2.109649348,16.5,8,4,-0.081192668,-0.277902962,-0.834155435,-0.02909125,-0.337846079,0.12929792,-0.485358118
SDMT_183366_raw_result_layers_stats.csv,183366,1,0.11,1.1,0.605,80,1,0.99,2.300010102,0.130740217,0.006059388,117.6805367,143.263262,234.4926286,111.4348918,195.3543571,70.10214063,175.2354116,2.716481583,1,6,4,-0.385947002,-0.582657296,-1.075397518,-0.331413856,-0.892788491,0.132073304,-0.784103644
SDMT_183366_raw_result_layers_stats.csv,183366,2,1.11,2.34,1.725,90,1.5,1.23,0.94059118,0.073016468,0.001080964,108.4262121,131.9971278,187.0234612,121.1687985,208.6571349,81.42769398,217.2961169,3.120829735,1.5,6,4,-0.186260198,-0.382970493,-0.7314244,-0.297374932,-0.840882732,0.100094234,-0.881451347
SDMT_183366_raw_result_layers_stats.csv,183366,3,2.35,3.53,2.94,151,3,1.18,1.835334278,0.029637285,0.002523011,120.960438,147.2561854,255.1710059,126.6074712,142.9271803,96.89949534,223.1427167,2.441861707,3,6,4,0.221816303,0.025106009,-0.524654095,0.176188315,0.054944565,0.443605526,-0.390531715
SDMT_183366_raw_result_layers_stats.csv,183366,4,3.54,4.54,4.04,359,4,1,1.234466011,0.024852693,0.045954082,116.8852076,142.2950354,227.1558812,125.5267764,145.6066857,98.64270452,235.9186514,2.662861073,4,6,4,1.122130067,0.925419772,0.457685905,1.050803295,0.902413336,1.291818112,0.41983534
SDMT_183366_raw_result_layers_stats.csv,183366,5,4.55,5.73,5.14,232,5,1.18,1.531652945,0.030297833,0.271970752,128.4300672,156.3496471,255.6878122,141.3300913,165.7391095,110.6152768,257.7156228,2.567182216,5,6,4,0.59135284,0.394642545,-0.097219845,0.495639144,0.336322449,0.740679166,-0.105119368
SDMT_183366_raw_result_layers_stats.csv,183366,6,5.74,7.61,6.675,167,6.5,1.87,0.531155002,0.018452618,0.014525929,106.2850103,129.3904474,172.8569871,118.5124547,156.2665656,97.97798756,256.0558874,3.24519092,6.5,6,4,0.45186955,0.255159255,-0.034470776,0.342975754,0.06643051,0.533250976,-0.427401918
SDMT_183366_raw_result_layers_stats.csv,183366,7,7.62,8.61,8.115,158,8,0.99,0.914346689,0.019950949,0.059511871,121.9529456,148.4644555,218.0522413,133.8345883,158.2371794,112.6731684,273.0534334,2.923149587,8,6,4,0.258959754,0.06224946,-0.32213964,0.165990411,-0.00150001,0.33810372,-0.54707247
SDMT_183366_raw_result_layers_stats.csv,183366,8,8.62,10.75,9.685,151,9.5,2.13,0.481712837,0.005858323,0.2178657,106.4308839,129.5680326,178.3427384,103.0311512,101.3906453,97.44368414,242.2600367,3.148238021,9.5,6,4,0.34978404,0.153073745,-0.166427359,0.382248455,0.398299005,0.438005224,-0.472731844
SDMT_183366_raw_result_layers_stats.csv,183366,9,10.76,12.3,11.53,222,11.5,1.54,0.745054953,0.008154752,0.288795551,122.5394294,149.1784358,214.1677741,115.1370513,112.2654031,111.984405,265.2511744,2.9682487,11.5,6,4,0.594244531,0.397534237,0.035917683,0.656554213,0.681811643,0.684317761,-0.177999823
SDMT_183366_raw_result_layers_stats.csv,183366,10,12.31,13.3,12.805,179,13,0.99,0.881686266,0.006921388,0.583364678,127.8652183,155.6620049,234.1181377,115.9209536,102.2458,116.5466831,267.004941,2.803240885,13,6,4,0.336409079,0.139698784,-0.268440044,0.434477281,0.560006088,0.4290939,-0.399881358
SDMT_183366_raw_result_layers_stats.csv,183366,11,13.31,14.3,13.805,199,14,0.99,2.723403829,0.058647795,0.275722948,182.4681373,222.1351237,351.870656,182.6376884,225.8931003,167.1639273,362.2909509,2.596478854,14,6,4,0.086729257,-0.109981037,-0.569958829,0.085800479,-0.126757055,0.174329893,-0.599142796
SDMT_183366_raw_result_layers_stats.csv,183366,12,14.31,16.85,15.58,248,15.5,2.54,1.462403044,0.014049434,0.929063681,153.5762178,186.9623521,289.0946165,136.7865795,127.340286,140.3595241,308.7262639,2.679026495,15.5,6,4,0.479231769,0.282521475,-0.153325281,0.595006849,0.666565826,0.569221586,-0.219026261
SDMT_183366_raw_result_layers_stats.csv,183366,13,16.86,17.85,17.355,229,17.5,0.99,1.63237646,0.033308969,0.780773263,171.3332308,208.5795853,301.7790736,156.4989019,179.1420089,157.8991774,355.3258523,2.864636806,17.5,6,4,0.290111625,0.093401331,-0.275973202,0.38067301,0.245543166,0.371765292,-0.439313259
SDMT_183366_raw_result_layers_stats.csv,183366,14,17.86,18.9,18.38,240,18.5,1.04,2.83667041,0.058434744,1.237998901,199.1011417,242.3839986,373.3887281,183.4104112,216.4013685,182.023574,389.4415272,2.647953957,18.5,6,4,0.186825978,-0.009884316,-0.44198112,0.268912597,0.103504052,0.276502717,-0.484074808
SDMT_183366_raw_result_layers_stats.csv,183366,15,18.91,20.54,19.725,307,19.5,1.63,1.346683086,0.010518092,0.792515596,160.0476232,194.8405848,285.8181381,129.5010296,115.4785701,144.6214612,315.4828556,2.818271898,19.5,6,4,0.651376332,0.454666037,0.07149202,0.863158916,0.977762775,0.752728031,-0.027256593
SDMT_183366_raw_result_layers_stats.csv,183366,16,20.55,21.61,21.08,262,21,1.06,1.316096824,0.037739043,0.337297517,176.029053,214.2962384,279.8407115,151.2691488,189.4243497,163.2645821,378.7501088,3.19060996,21,6,4,0.397695448,0.200985154,-0.06587605,0.549283811,0.324354769,0.472972416,-0.36853214
SDMT_183366_raw_result_layers_stats.csv,183366,17,21.62,23,22.31,345,22.5,1.38,1.394081453,0.009490247,0.790098468,165.4834242,201.4580817,293.0294692,127.5097294,109.5042967,149.1326374,321.2374574,2.831288675,22.5,6,4,0.734673383,0.537963089,0.163271236,0.995351746,1.147580629,0.838708323,0.071363825
SDMT_183366_raw_result_layers_stats.csv,183366,18,23.01,24,23.505,163,23.5,0.99,2.900919289,0.084333195,0.527586,220.2258739,268.1010639,381.3798105,192.852242,252.6961189,201.583175,434.7680174,2.86363097,23.5,6,4,-0.300903518,-0.497613813,-0.850045556,-0.168174109,-0.438437455,-0.212451875,-0.981062395
SDMT_92526_raw_result_layers_stats.csv,92526,1,0.03,1.02,0.525,301,2,0.99,3.830035548,0.077394681,0.004343066,119.088591,144.9774151,278.5014667,123.3059395,169.0526474,67.7700363,155.0469031,2.276870292,2,7,999,0.927242586,0.730532292,0.077686939,0.892441685,0.576900075,1.49099011,0.663382593
SDMT_92526_raw_result_layers_stats.csv,92526,2,1.03,2.02,1.525,301,2,0.99,3.071998995,0.096016008,0.16204597,137.6581998,167.5838954,292.3105205,171.9576814,252.5892313,95.55503143,220.3957916,2.450118922,2,7,999,0.782336465,0.585626171,0.029293601,0.559861857,0.175345687,1.147407938,0.311685282
SDMT_92526_raw_result_layers_stats.csv,92526,3,2.03,3.66,2.845,291,3,1.63,2.202763488,0.024692184,0.93102744,125.282817,152.518212,280.7264639,150.7206782,152.6331357,96.89637896,215.9993937,2.251009533,3,7,999,0.84274955,0.646039255,0.03594251,0.657894957,0.645286031,1.099681118,0.298047666
SDMT_92526_raw_result_layers_stats.csv,92526,4,3.67,4.66,4.165,296,4,0.99,1.207238476,0.019216845,0.557647713,119.8732995,145.9327124,232.4992641,139.7531657,146.3099704,97.07410224,229.9012084,2.567502527,4,7,999,0.903924107,0.707213813,0.241472394,0.75048169,0.704631998,1.114884827,0.252709766
SDMT_92526_raw_result_layers_stats.csv,92526,5,4.67,6.88,5.775,205,6,2.21,0.730102773,0.019461154,0.312469214,117.5866405,143.1489536,197.9759121,130.9000835,150.471312,98.8793943,248.9597875,2.921890031,6,7,999,0.555834551,0.359124257,0.034864612,0.448575668,0.309237531,0.729109111,-0.194281408
SDMT_92526_raw_result_layers_stats.csv,92526,6,6.89,7.88,7.385,299,7.5,0.99,9.403027736,0.076757595,0.040147048,206.7688481,251.7185977,522.1901603,222.3002182,224.3537822,171.6890227,323.1739434,1.794900798,7.5,7,999,0.36884208,0.172131786,-0.55758824,0.296414771,0.287219383,0.554758741,-0.077747129
SDMT_92526_raw_result_layers_stats.csv,92526,7,7.89,8.92,8.405,338,8.5,1.03,17.87781191,0.157446719,,247.407779,301.1920788,675.6850639,273.4491205,301.8535282,207.232356,368.3766765,1.643905597,8.5,7,999,0.312007993,0.115297699,-0.69268119,0.211930322,0.113104002,0.489205239,-0.086060097
SDMT_92526_raw_result_layers_stats.csv,92526,8,8.93,11.01,9.97,370,10,2.08,24.95038653,0.303357304,,291.395603,354.7424732,780.429074,325.1391178,418.1669873,240.6659406,419.7785419,1.680567477,10,7,999,0.238821201,0.042110907,-0.746340858,0.12924986,-0.122377838,0.430093172,-0.126224285
SDMT_92526_raw_result_layers_stats.csv,92526,9,11.02,12.01,11.515,379,11.5,0.99,11.42297105,0.185183253,,260.2211464,316.7909609,587.2712019,267.3463734,335.1906189,214.9524358,406.1072816,2.039049961,11.5,7,999,0.376004373,0.179294078,-0.437950522,0.348991109,0.122836823,0.56711943,-0.06908116
SDMT_92526_raw_result_layers_stats.csv,92526,10,12.02,13.52,12.77,262,13,1.5,18.70066498,0.287382813,,297.661778,362.3708602,716.3909832,310.6351591,406.7768723,246.302117,442.9692919,1.891467637,13,7,999,-0.127613365,-0.324323659,-1.00588158,-0.170274598,-0.439920306,0.061785603,-0.525155945
SDMT_92526_raw_result_layers_stats.csv,92526,11,13.53,15,14.265,308,14.5,1.47,4.368499326,0.070803878,,216.9521697,264.1156849,415.2192958,197.9220651,221.9602504,183.4060965,375.6531819,2.46237013,14.5,7,999,0.35042287,0.153712575,-0.298707021,0.44222644,0.327601469,0.518396982,-0.198566546
SDMT_92526_raw_result_layers_stats.csv,92526,12,15.01,16,15.505,281,15.5,0.99,6.868355315,0.186797644,,263.5956733,320.8990806,497.9601856,248.7613981,348.3219248,217.1594173,436.7179648,2.491652754,15.5,7,999,0.063938281,-0.132772014,-0.572165456,0.121860473,-0.214772454,0.257722944,-0.440932928
SDMT_92535_raw_result_layers_stats.csv,92535,1,0.03,1.02,0.525,149,2,0.99,1.940215449,0.045755261,0.00667818,98.85253397,120.3422153,214.8217652,101.7401648,130.3308027,58.82480445,144.0795606,2.491639843,2,7,999,0.410317122,0.213606828,-0.365862379,0.381524147,0.133870451,0.929382696,0.033580655
SDMT_92535_raw_result_layers_stats.csv,92535,2,1.03,2.2,1.615,149,2,1.17,0.767587346,0.012915107,0.017771789,89.36172895,108.7881918,172.3836441,103.3238653,109.8607647,67.23091638,170.3223432,2.773202304,2,7,999,0.511253803,0.314543509,-0.145776176,0.366077927,0.304732517,0.795813099,-0.133746472
SDMT_92535_raw_result_layers_stats.csv,92535,3,2.21,3.37,2.79,351,3,1.16,0.379831442,0.004706042,0.071118294,80.22939954,97.67057335,140.6555764,94.67098818,94.01357637,64.88236254,170.2622496,3.062752332,3,7,999,1.475896198,1.279185904,0.914472042,1.310378625,1.317347022,1.6882104,0.72344633
SDMT_92535_raw_result_layers_stats.csv,92535,4,3.38,4.37,3.875,99,4,0.99,1.198172559,0.009232571,0.05138231,107.0015729,130.2627844,222.4122827,122.7030683,110.873136,89.4230035,205.1913688,2.455294939,4,7,999,-0.077723684,-0.274433978,-0.809412939,-0.214647508,-0.113266779,0.101741891,-0.7288232
SDMT_92535_raw_result_layers_stats.csv,92535,5,4.38,6.36,5.37,82,5.5,1.98,0.269615195,0.00270171,0.016073045,81.16188055,98.80576763,130.3547267,86.88163809,83.30656682,71.34117803,187.8900994,3.303008354,5.5,7,999,0.010273562,-0.186436733,-0.463540154,-0.057827463,-0.015808132,0.139245555,-0.829137967
SDMT_92535_raw_result_layers_stats.csv,92535,6,6.37,10.04,8.205,231,8,3.67,0.80273377,0.007200946,0.333761246,115.5145731,140.6264368,212.3352784,116.7816158,108.0809508,101.7504396,239.239326,2.694567915,8,7,999,0.693021014,0.49631072,0.084251183,0.682112051,0.75953722,0.819894566,-0.035046704
SDMT_92535_raw_result_layers_stats.csv,92535,7,10.05,11.4,10.725,154,10.5,1.35,1.947430164,0.028328774,0.618855723,156.7484828,190.8242399,302.5852291,157.0310805,168.2936406,139.7670202,308.395619,2.512197177,10.5,7,999,-0.017689898,-0.214400192,-0.675410384,-0.019491148,-0.088757712,0.096975707,-0.694430834
SDMT_92535_raw_result_layers_stats.csv,92535,8,11.41,12.4,11.905,176,12,0.99,1.250972719,0.028446398,0.017238063,147.6159646,179.7063917,253.2575163,146.2254183,173.4173813,135.0588475,315.8131121,2.88098251,12,7,999,0.175869927,-0.020840367,-0.363922827,0.185334603,0.014782698,0.264773404,-0.584666626
SDMT_92535_raw_result_layers_stats.csv,92535,9,12.41,13.65,13.03,128,13,1.24,1.779264234,0.017615351,0.043839268,153.9740255,187.4466397,292.8694414,143.3807717,139.9211003,140.013415,304.380049,2.554867958,13,7,999,-0.184753659,-0.381463953,-0.827696653,-0.113473567,-0.089048431,-0.089707976,-0.866246818
SDMT_92535_raw_result_layers_stats.csv,92535,10,13.66,14.8,14.23,135,14,1.14,2.620642043,0.021678608,0.058206603,170.7255309,207.8397768,342.3267473,156.944735,148.5763413,154.3537664,320.6793392,2.395359238,14,7,999,-0.234782406,-0.431492701,-0.930490904,-0.150618959,-0.095824131,-0.133972374,-0.865166902
SDMT_92535_raw_result_layers_stats.csv,92535,11,14.81,16.07,15.44,241,15.5,1.26,9.430312584,0.138718556,0.081416432,247.4952798,301.2986015,561.9084515,248.1443572,304.3187379,221.4912866,420.6738524,2.059780242,15.5,7,999,-0.026594577,-0.223304871,-0.846542005,-0.029213729,-0.233278699,0.084413683,-0.557060903
SDMT_92535_raw_result_layers_stats.csv,92535,12,16.08,17.39,16.735,281,16.5,1.31,4.237194523,0.060690962,,208.8646131,254.2699637,417.1232748,192.9234273,211.9915795,188.4746933,383.3143425,2.390156942,16.5,7,999,0.296668411,0.099958118,-0.395027132,0.376061309,0.281808115,0.399390925,-0.310500721
SDMT_92535_raw_result_layers_stats.csv,92535,13,17.4,19.19,18.295,237,18.5,1.79,2.438781316,0.033895234,,187.3556737,228.0851679,340.6845215,162.8532449,170.9450182,170.0011669,361.9666932,2.665491035,18.5,7,999,0.235051332,0.038341039,-0.362896751,0.375210684,0.326718167,0.33225484,-0.423492059
SDMT_92535_raw_result_layers_stats.csv,92535,14,19.2,20.19,19.695,310,19.5,0.99,4.630109635,0.106364069,,233.7629072,284.5809305,438.6685514,212.750102,269.7665439,209.26902,429.9606728,2.553617857,19.5,7,999,0.282264913,0.085554619,-0.347171822,0.376454051,0.139015365,0.392951696,-0.327121448
SDMT_92535_raw_result_layers_stats.csv,92535,15,20.2,21.23,20.715,251,20.5,1.03,14.93354341,0.080332498,,259.4316481,315.8298325,689.8321386,246.2172449,227.9685683,245.4244256,423.5385784,1.710667293,20.5,7,999,-0.03304033,-0.229750625,-1.010995351,0.019238684,0.096245178,0.022463878,-0.523191665
SDMT_92535_raw_result_layers_stats.csv,92535,16,21.24,22.61,21.925,353,22,1.37,8.565751019,0.210181112,,281.7647345,343.0179377,560.9541874,260.0370547,355.3981531,249.2714834,484.8852534,2.370541989,22,7,999,0.225395609,0.028685315,-0.463171183,0.305643918,-0.006770662,0.34792546,-0.317444215
SDMT_92535_raw_result_layers_stats.csv,92535,17,22.62,23.85,23.235,215,23,1.23,14.87197592,0.059158883,,256.7044478,312.5097625,696.5709942,237.2636407,200.0055223,246.8822709,419.0047392,1.668274093,23,7,999,-0.177287386,-0.373997681,-1.17553169,-0.098533903,0.07229305,-0.138273559,-0.667244202
SDMT_92535_raw_result_layers_stats.csv,92535,18,23.86,24.85,24.355,259,24.5,0.99,13.06385327,0.153859491,,293.2636459,357.0166124,665.9353645,264.8546674,298.3280165,265.7825266,479.6715054,2.034510418,24.5,7,999,-0.124243958,-0.320954252,-0.944364554,-0.022353189,-0.141365546,-0.025850344,-0.616273444
SDMT_92535_raw_result_layers_stats.csv,92535,19,24.86,26,25.43,300,25.5,1.14,14.19392948,0.097374708,,281.517937,342.7174886,690.2843838,251.3889585,242.0672185,262.0822662,457.2214356,1.864452528,25.5,7,999,0.06358631,-0.133123985,-0.833321188,0.1767811,0.214567025,0.135124027,-0.421385341
SDMT_92535_raw_result_layers_stats.csv,92535,20,26.01,27,26.505,269,26.5,0.99,13.21156413,0.211183093,,313.9867606,382.244752,674.306658,277.6905386,341.3748426,279.8078615,510.6883192,2.16064136,26.5,7,999,-0.154639442,-0.351349736,-0.91897361,-0.031795944,-0.238269739,-0.039391779,-0.641048082
SDMT_92535_raw_result_layers_stats.csv,92535,21,27.01,28,27.505,424,27.5,0.99,6.796082712,0.210591782,,288.6375142,351.3847999,524.7347743,246.7198357,342.0105917,256.8375368,512.7798485,2.62165212,27.5,7,999,0.384561831,0.187851536,-0.213159488,0.541480031,0.214891749,0.501289723,-0.190113153
SDMT_92536_raw_result_layers_stats.csv,92536,1,0.03,1.02,0.525,78,2.5,0.99,2.718162306,0.025995978,0.007659946,97.03208341,118.1260146,244.5134073,77.56925471,78.65480744,58.92049117,134.204287,2.108033349,2.5,7,999,-0.218332854,-0.415043148,-1.142561316,0.00553768,-0.008359925,0.280519899,-0.542654342
SDMT_92536_raw_result_layers_stats.csv,92536,2,1.03,2.47,1.75,78,2.5,1.44,0.550880096,0.008536562,0.008220318,82.2425393,100.1213522,152.8207192,75.12809309,76.58637284,63.20386822,164.0134831,2.897479735,2.5,7,999,-0.052963851,-0.249674146,-0.672556638,0.037514262,0.018289666,0.210343321,-0.743239812
SDMT_92536_raw_result_layers_stats.csv,92536,3,2.48,3.55,3.015,27,3,1.07,0.286936776,0.003910777,0.009735403,74.77250876,91.02740197,126.1789106,68.83802905,67.16830215,63.16652726,170.2974428,3.199829673,3,7,999,-1.018613421,-1.215323716,-1.541863959,-0.935919474,-0.911364576,-0.849937663,-1.841709706
SDMT_92536_raw_result_layers_stats.csv,92536,4,3.56,5.23,4.395,103,4.5,1.67,2.872506604,0.018534653,0.005470743,129.8562534,158.0858737,314.8942486,127.2455886,116.2205327,111.1858361,233.2282079,2.060636739,4.5,7,999,-0.231699107,-0.428409402,-1.117507875,-0.211389999,-0.120760542,-0.076474012,-0.817288419
SDMT_92536_raw_result_layers_stats.csv,92536,5,5.24,6.83,6.035,55,6,1.59,0.331753792,0.003951935,0.024865694,86.39303774,105.1741329,142.6845909,81.71318405,79.70535686,78.34717676,203.6042916,3.207953501,6,7,999,-0.451573906,-0.6482842,-0.953303351,-0.395882175,-0.371003611,-0.353816749,-1.308845178
SDMT_92536_raw_result_layers_stats.csv,92536,6,6.84,8.33,7.585,93,7.5,1.49,0.440472842,0.003970215,0.045569304,94.9285409,115.5651802,163.8482088,89.30252852,82.82218743,87.031022,216.3813239,3.023734831,7.5,7,999,-0.020524914,-0.217235208,-0.56634095,0.040569691,0.115903504,0.066334863,-0.844442746
SDMT_92536_raw_result_layers_stats.csv,92536,7,8.34,11.64,9.99,163,10,3.3,1.09000571,0.008537517,0.392713687,122.2821041,148.8651703,242.4809095,120.3061593,109.4591071,113.9804674,257.8060596,2.579915238,10,7,999,0.287419497,0.090709202,-0.397172783,0.30371038,0.398199172,0.357723106,-0.458457394
SDMT_92536_raw_result_layers_stats.csv,92536,8,11.65,13.44,12.545,256,12.5,1.79,6.186550935,0.022319705,0.045338146,176.7721887,215.2009254,468.4985594,169.9886002,139.6107916,169.0435801,313.7362162,1.823008556,12.5,7,999,0.37031561,0.173605316,-0.604355582,0.409446067,0.606318953,0.415020892,-0.203375113
SDMT_92536_raw_result_layers_stats.csv,92536,9,13.45,14.73,14.09,365,14,1.28,22.77571402,0.175824676,,263.025029,320.2043831,780.1165124,277.5962287,312.5149695,250.0290562,426.6792369,1.568817302,14,7,999,0.327648159,0.130937864,-0.75954593,0.27372971,0.155244983,0.378320218,-0.156135176
SDMT_92536_raw_result_layers_stats.csv,92536,10,14.74,15.94,15.34,296,15.5,1.2,14.1361412,0.124845037,,247.5703083,301.3899405,655.6502997,250.7343718,275.7956126,232.3231156,415.5141235,1.784293276,15.5,7,999,0.178664839,-0.018045455,-0.795268113,0.165965355,0.070699397,0.242230312,-0.339157151
SDMT_92536_raw_result_layers_stats.csv,92536,11,15.95,17,16.475,324,16.5,1.05,11.71743875,0.098702213,,240.1561881,292.364055,614.610924,236.8789228,249.0820543,226.2119278,409.7976739,1.853309844,16.5,7,999,0.29945402,0.102743726,-0.640245908,0.313194379,0.262961138,0.359271222,-0.234920044
