File Name,Layer,Start Depth,End Depth,Depth,Measured Vs,Measured Vs,Thickness,Qc (Geometric Mean),Fs (Geometric Mean),u (Geometric Mean),andrus_2007_holocene Vs (Geometric Mean),andrus_2007_pleistocene Vs (Geometric Mean),andrus_2007_tertiary_age_cooper_marl Vs (Geometric Mean),robertson_2009 Vs (Geometric Mean),hegazy_2006 Vs (Geometric Mean),mcgann_2015 Vs (Geometric Mean),mcgann_2018 Vs (Geometric Mean),Ic_calculated (Geometric Mean),Depth_vs
SCPT_57354_Raw01_result_layers_stats.csv,1,0.06,1.8,0.93,72.0,1.0,1.74,1.7768347336481416,0.0433205236190093,0.0013129928250332,104.55922177273028,127.28948737549776,219.4217915331075,112.9744203998517,143.4664076194733,67.8962263302311,165.46904758962756,2.55002370500147,1.0
SCPT_57354_Raw01_result_layers_stats.csv,2,1.82,4.92,3.37,124.0,3.5,3.1,3.42095969611582,0.0211498304112138,0.0013110352047669,130.25938760558702,158.5766457807144,326.5566693557282,141.34043233490306,128.60175056584225,106.11956412842284,220.33679895298116,1.996162675458785,3.5
SCPT_57354_Raw01_result_layers_stats.csv,3,4.94,7.16,6.050000000000001,147.5,6.0,2.22,9.555683277239083,0.0607084153232766,0.0403592517007547,182.8593111801053,222.6113353496933,514.9656649408893,199.68550699932877,194.3262416467609,159.44701987446248,297.7049504277733,1.7038364524036749,6.0
SCPT_57354_Raw01_result_layers_stats.csv,4,7.18,10.78,8.98,165.5,9.0,3.6,14.334576400001774,0.0940379948843871,0.0640905312807565,218.45747476787892,265.9482301522003,625.2891035185236,234.0196309668709,234.8607472965149,195.5710733298362,349.1983279056703,1.6464249416931331,9.0
SCPT_57354_Raw01_result_layers_stats.csv,5,10.8,14.62,12.71,265.0,12.5,3.8199999999999994,15.547423099705538,0.1479813072591189,0.0954674864829913,254.89100050174983,310.30208756734777,667.954975980003,264.7465389286531,296.0506957892986,226.4821167933068,404.9794349633288,1.7944717682692035,12.5
SCPT_57354_Raw01_result_layers_stats.csv,6,14.64,15.62,15.129999999999999,213.0,15.0,0.9799999999999986,21.4310465145258,0.2075107858976548,0.1295590388644863,286.0569847819232,348.24328582147155,768.460505702756,296.9934717795302,343.6762802209508,256.3159862271576,443.7149025176474,1.729884225856644,15.0
SCPT_57354_Raw01_result_layers_stats.csv,7,15.64,17.44,16.54,249.0,16.5,1.8000000000000007,15.499150870176551,0.1513490624260392,0.1127302723721851,272.6626882803352,331.9371857325821,685.1416279355595,269.9128992162511,297.5198498150319,244.2600219155462,434.50962984061096,1.8656108188688405,16.5
SCPT_57354_Raw01_result_layers_stats.csv,8,17.46,18.44,17.950000000000003,256.5,18.0,0.9800000000000004,6.145542257186445,0.0746338774977033,0.0678547804752395,231.4087611154796,281.71501353188853,485.72753081910935,210.2808274739935,225.09433830613847,206.2711495988301,401.9211696492852,2.298171467858888,18.0
SCPT_57354_Raw01_result_layers_stats.csv,9,18.46,20.0,19.23,263.0,19.0,1.5399999999999991,22.874011033639924,0.2265648276545197,0.1620720392112296,308.5397787270413,375.6136436677019,806.8958935247938,308.1047113496535,354.6402658153476,278.5846727744658,477.1012257777677,1.7684241531919085,19.0
